## total KiB
6092992	.temp
1023552	../cocoaskills-taskboard/.temp
901976	../cocoaskills-taskboard/.task-board
## source registered worktrees
worktree /Users/iv/Developer/Wildberries/cocoaskills
HEAD 9164604509c35a6fff82fa4f7258a6f1638930f2
branch refs/heads/main

worktree /Users/iv/Developer/ReluxWorks/.temp/TASK-260805-3chgem-cocoaskills-rc
HEAD ec7f74764d787eb9c9bfd0f9b2f6bb923aa0a029
detached

worktree /Users/iv/Developer/ReluxWorks/cocoaskills-production
HEAD d2db86ce0c999da97829e4900c50f7350b777015
branch refs/heads/agent/registry-client-production

worktree /Users/iv/Developer/ReluxWorks/cocoaskills-production/.temp/BUG-260807-3092wj/worktree
HEAD abcddea9c4fc7e968f76ebe94e382f3443eb614c
branch refs/heads/bug/BUG-260807-3092wj-operator-ssh

worktree /Users/iv/Developer/ReluxWorks/cocoaskills-production/.temp/TASK-260720-z2z795/worktree
HEAD 540ac24280c8b4b7a1e861bfae3b2fd7a247a064
branch refs/heads/task/TASK-260720-z2z795-transaction-engine

worktree /Users/iv/Developer/ReluxWorks/cocoaskills-production/.temp/TASK-260720-z9j4c9/worktree
HEAD dd76b570f88339fd1d659c02950e68b17f6ba834
branch refs/heads/task/TASK-260720-z9j4c9-schema-v6

worktree /Users/iv/Developer/ReluxWorks/curator-parity/.temp/BUG-260805-fky0kz-cocoaskills
HEAD 58f08e7e57ecca553e63dc99c7587119de8f5227
branch refs/heads/bug/BUG-260805-fky0kz-prerelease-smoke

worktree /Users/iv/Developer/ReluxWorks/curator-parity/.temp/BUG-260805-fky0kz-github-signed-verify
HEAD 7bceb09fd46ab23e40d627f822ffdf2f4c480a42
branch refs/heads/bug/BUG-260805-fky0kz-github-signed

worktree /Users/iv/Developer/ReluxWorks/curator-parity/.temp/BUG-260806-11bbgy/cocoaskills
HEAD f415b17a0d40f46a2ddd73e3a7469ea62934ed91
detached

worktree /Users/iv/Developer/ReluxWorks/curator-parity/.temp/BUG-260806-11bbgy/rework
HEAD a1d9bb40b1a17eca4819583193c8919b2e0db3df
branch refs/heads/bug/BUG-260806-11bbgy-py314

worktree /Users/iv/Developer/ReluxWorks/curator-parity/.temp/BUG-260806-1bwq2z/cocoaskills
HEAD b9ec2535bf0af39e0eca08a6d9a8687540a80dff
branch refs/heads/bug/BUG-260806-1bwq2z

worktree /Users/iv/Developer/ReluxWorks/curator-parity/.temp/BUG-260807-29evfj/worktree
HEAD 7f04ae1141c9f1f39f9320e8bb0ca5ad231abf5f
detached

worktree /Users/iv/Developer/ReluxWorks/curator-parity/.temp/BUG-260807-31psuu/cocoaskills
HEAD 7680d8f6952c4a1611d8f4b29f0b2980fdebd7c0
branch refs/heads/bug/BUG-260807-31psuu-selective-fetch

worktree /Users/iv/Developer/ReluxWorks/curator-parity/.temp/BUG-260807-3me1d5/worktree
HEAD 2ac06f734cda5fd3f26e9190c2af766925eccf9c
branch refs/heads/fix/BUG-260807-3me1d5-fingerprint-timeout

worktree /Users/iv/Developer/ReluxWorks/curator-parity/.temp/INTEGRATION-260807
HEAD 3f1a804f1a0e55aaac5496fa882a8722578f298d
detached

worktree /Users/iv/Developer/ReluxWorks/curator-parity/.temp/TASK-260720-3s27te/cocoaskills
HEAD 8c71c00ecf86048e4b0ef0e50c03352cf36191d3
detached

worktree /Users/iv/Developer/ReluxWorks/curator-parity/.temp/TASK-260803-2ol7ok/cocoaskills
HEAD a361899d803bd8d1af2ef501c8ac04c7f0883e29
detached

worktree /Users/iv/Developer/ReluxWorks/curator-parity/.temp/TASK-260803-2ol7ok/cocoaskills-wrong-head
HEAD d1c0655260378cb007147a5e22aed93625de4e8b
detached

worktree /Users/iv/Developer/ReluxWorks/curator-parity/.temp/TASK-260804-1c6wcs/cocoaskills
HEAD 4fa8a887dd215859b7c0540bff240a1d4bff8569
detached

worktree /Users/iv/Developer/ReluxWorks/curator-parity/.temp/TASK-260804-4l63er/cocoaskills-worktree
HEAD 8c71c00ecf86048e4b0ef0e50c03352cf36191d3
detached

worktree /Users/iv/Developer/ReluxWorks/curator-parity/.temp/TASK-260805-2ukk8d/rc3-worktree
HEAD 17547365d0a525b1d7b0c2d29f9f7ec792a87c0a
detached

worktree /Users/iv/Developer/ReluxWorks/curator-parity/.temp/TASK-260805-3chgem/cocoaskills-release
HEAD b04a89617ad43ce987e3e1867a53b98a58b6cd33
branch refs/heads/release/TASK-260805-3chgem-rc4-gate

worktree /Users/iv/Developer/ReluxWorks/curator-parity/.temp/TASK-260805-3ut33m/cocoaskills-integration
HEAD 58f08e7e57ecca553e63dc99c7587119de8f5227
branch refs/heads/integration/TASK-260805-3ut33m-schema7

worktree /Users/iv/Developer/ReluxWorks/curator-parity/.temp/TASK-260805-3ut33m/cocoaskills-published
HEAD ec7f74764d787eb9c9bfd0f9b2f6bb923aa0a029
detached

worktree /Users/iv/Developer/ReluxWorks/curator-parity/.temp/TASK-260806-1dyqcj/cocoaskills-clean
HEAD b9ec2535bf0af39e0eca08a6d9a8687540a80dff
detached

worktree /Users/iv/Developer/ReluxWorks/curator-parity/.temp/TASK-260806-1qh6qg/cocoaskills-rc4
HEAD b04a89617ad43ce987e3e1867a53b98a58b6cd33
detached

worktree /Users/iv/Developer/ReluxWorks/curator-parity/.temp/TASK-260806-38dwps/cocoaskills-main
HEAD b9ec2535bf0af39e0eca08a6d9a8687540a80dff
detached

worktree /Users/iv/Developer/ReluxWorks/curator-parity/.temp/TASK-260807-zna3vh/baseline
HEAD b9ec2535bf0af39e0eca08a6d9a8687540a80dff
detached

worktree /Users/iv/Developer/ReluxWorks/curator-parity/.temp/TASK-260807-zna3vh/cocoaskills
HEAD 70e9ca226c968f98b175a49e23a8e7766b290d5d
branch refs/heads/task/TASK-260807-zna3vh-vendored-exceptions

worktree /Users/iv/Developer/ReluxWorks/curator-parity/.temp/TASK-260807-zuzjjg/worktree
HEAD b0b69705911d991014f2e7d6e4efb1b0d2de4b9f
branch refs/heads/fix/BUG-260806-1bwq2z-cat-file-partial-reads

worktree /Users/iv/Developer/ReluxWorks/curator/.temp/TASK-260720-2dnqw2/worktree
HEAD 495ad021847529ce5a544dba415ca2fe19949539
branch refs/heads/task/TASK-260720-2dnqw2-canonical-build-metadata

worktree /Users/iv/Developer/ReluxWorks/curator/.temp/TASK-260720-3j8pp5/worktree
HEAD 1d28910f5bb276ff58e2a102e06968bd7640abe3
branch refs/heads/task/TASK-260720-3j8pp5-toolchain-identity

worktree /Users/iv/Developer/ReluxWorks/curator/.temp/TASK-260824-1n98b3/cocoaskills
HEAD 6d7f47353c6d1177f5c81960772b105e67898740
branch refs/heads/task/TASK-260824-1n98b3-released-suite-rc9

worktree /Users/iv/Developer/ReluxWorks/curator/.temp/TASK-260824-1n98b3/cocoaskills-base
HEAD b0d74990d2386e621b7042829efc29f466ea810e
detached

worktree /Users/iv/Developer/Wildberries/.worktrees/cocoaskills-agent-skill
HEAD 9064b23429e3805a4c865e76dc7d782dfe9356a1
branch refs/heads/agent/agent-skill-manifest

worktree /Users/iv/Developer/Wildberries/cocoaskills/.temp/BUG-260731-2rhy74/pin-old
HEAD 6fc2fd97dbdf40f5b0e46f846eaa0d78a1b33d12
detached

worktree /Users/iv/Developer/Wildberries/cocoaskills/.temp/BUG-260805-cfdxsk/worktree
HEAD d4d8dd9c9d89222572406ede409b6d209392d941
branch refs/heads/ci/fastpath-macos-worker-domain

worktree /Users/iv/Developer/Wildberries/cocoaskills/.temp/BUG-260807-l2ymv3/worktree
HEAD a5dc01aa399a24b3bd26c4b1dfacc6a1215a9606
branch refs/heads/fix/BUG-260807-l2ymv3-windows-clock-and-shims

worktree /Users/iv/Developer/Wildberries/cocoaskills/.temp/build-https/worktree
HEAD 5381317a67ec375f60117df3fa693b3bf1ae02c6
branch refs/heads/feat/build-https-broker

worktree /Users/iv/Developer/Wildberries/cocoaskills/.temp/csk-runtime-command-fix/cocoaskills-wb
HEAD 10a758509374e75827e53b7bb43532a08f998e5f
branch refs/heads/fix/shell-neutral-onboarding

worktree /Users/iv/Developer/Wildberries/cocoaskills/.temp/ratify-build-ssh/worktree
HEAD 4ffba9a440aa0ec44c87b125bb858cd66f85e661
branch refs/heads/chore/ratify-build-ssh-not-lockable

worktree /Users/iv/Developer/Wildberries/cocoaskills/.temp/spec-rc6-pin-check
HEAD 6fc2fd97dbdf40f5b0e46f846eaa0d78a1b33d12
detached

worktree /Users/iv/Developer/Wildberries/cocoaskills/.temp/TASK-260720-11yhth/baseline
HEAD 11160f642d65a8daf3fbcca5401dca5ec80440f9
detached

worktree /Users/iv/Developer/Wildberries/cocoaskills/.temp/TASK-260720-11yhth/worktree
HEAD 0be99ba1ff2ead4627111d9fe0af435cb4e3e7c9
branch refs/heads/task/TASK-260720-11yhth-command-runtime-activation

worktree /Users/iv/Developer/Wildberries/cocoaskills/.temp/TASK-260720-12r55p/worktree
HEAD 0471df5ca1f737b4212a70040583126aa4ae1ae2
branch refs/heads/task/TASK-260720-12r55p-ivmbp-20260802

worktree /Users/iv/Developer/Wildberries/cocoaskills/.temp/TASK-260720-2g21eg/worktree
HEAD 82d1cfc769d5c056e16f0c120ec3b11e2ccc8dae
branch refs/heads/task/TASK-260720-2g21eg-go-v1-compile-driver

worktree /Users/iv/Developer/Wildberries/cocoaskills/.temp/TASK-260720-2jfnz6/worktree
HEAD 540af8ef0c99e3c9f91673e61e26dabc52ffd924
branch refs/heads/task/TASK-260720-2jfnz6-protected-posix-build-cache

worktree /Users/iv/Developer/Wildberries/cocoaskills/.temp/TASK-260720-2x6mjn/review-baseline
HEAD 82d1cfc769d5c056e16f0c120ec3b11e2ccc8dae
detached

worktree /Users/iv/Developer/Wildberries/cocoaskills/.temp/TASK-260720-2x6mjn/worktree
HEAD b3a5031ed551b27a298eef486a068b5175beaacc
branch refs/heads/task/TASK-260720-2x6mjn-pure-build-planner

worktree /Users/iv/Developer/Wildberries/cocoaskills/.temp/TASK-260720-3c0ss2/worktree
HEAD 97a0ed870782b48eebc5a9c25a9cfa8fea5ff245
branch refs/heads/task/TASK-260720-3c0ss2-build-source-identity

worktree /Users/iv/Developer/Wildberries/cocoaskills/.temp/TASK-260720-3pemm6/worktree
HEAD 8c71c00ecf86048e4b0ef0e50c03352cf36191d3
branch refs/heads/task/TASK-260720-3pemm6-go-e2e

worktree /Users/iv/Developer/Wildberries/cocoaskills/.temp/TASK-260720-3t8nr3/worktree
HEAD 7a66c73ebb30822df40c87856f2301f1f409b735
branch refs/heads/task/TASK-260720-3t8nr3-transactional-project-hybrid

worktree /Users/iv/Developer/Wildberries/cocoaskills/.temp/TASK-260720-8nxlgx/worktree
HEAD 11160f642d65a8daf3fbcca5401dca5ec80440f9
branch refs/heads/task/TASK-260720-8nxlgx-protected-windows-build-cache

worktree /Users/iv/Developer/Wildberries/cocoaskills/.temp/TASK-260720-poa3ze/origin-main-worktree
HEAD 6fc2fd97dbdf40f5b0e46f846eaa0d78a1b33d12
detached

worktree /Users/iv/Developer/Wildberries/cocoaskills/.temp/TASK-260803-21lw4t/fix-hosted-cleanliness
HEAD 5add1a4c32a6f108b5f350936ec1ff2eea022793
branch refs/heads/fix/TASK-260803-21lw4t-hosted-cleanliness

worktree /Users/iv/Developer/Wildberries/cocoaskills/.temp/TASK-260803-21lw4t/fix-windows-tests
HEAD d64cc760774c877da4a1585ad891c9f1537e0d24
branch refs/heads/fix/TASK-260803-21lw4t-windows-tests

worktree /Users/iv/Developer/Wildberries/cocoaskills/.temp/TASK-260803-21lw4t/integration
HEAD 3f3a5d5f4b087465ce78f42c185a0279d9499819
branch refs/heads/ci/main-canary-TASK-260803-21lw4t

worktree /Users/iv/Developer/Wildberries/cocoaskills/.temp/TASK-260803-21lw4t/worktree
HEAD 07ab96a2ceb9078e0f88da41bad5b74a8229c2cb
branch refs/heads/ci/fastpath-windows-protocol-shards

worktree /Users/iv/Developer/Wildberries/cocoaskills/.temp/TASK-260824-2h0vjy/crlf
HEAD 743a9a1d15191189a1487ff13f32c9e3d770022e
branch refs/heads/task/TASK-260824-2h0vjy-audit-line-endings

worktree /Users/iv/Developer/Wildberries/cocoaskills/.temp/TASK-260824-2h0vjy/cycle4
HEAD 5381317a67ec375f60117df3fa693b3bf1ae02c6
detached

worktree /Users/iv/Developer/Wildberries/cocoaskills/.temp/TASK-260824-2h0vjy/fix
HEAD 46a942ae95310667d6f39bb3ac8351ea07ee55b7
branch refs/heads/task/TASK-260824-2h0vjy-macos-domain-join

worktree /Users/iv/Developer/Wildberries/cocoaskills/.temp/TASK-260824-2h0vjy/rework
HEAD f5d67b25368b81fcb4fa21665930af465ec6a684
branch refs/heads/task/TASK-260824-2h0vjy-restore-audit-surface

worktree /Users/iv/Developer/Wildberries/cocoaskills/.temp/TASK-260824-2h0vjy/worktree
HEAD 991d6d31fc9973eb9b6ed16fe73f94700ca5ce1e
branch refs/heads/task/TASK-260824-2h0vjy-candidate-lane-input

worktree /Users/iv/Developer/Wildberries/cocoaskills/.temp/TASK-260824-2i5yqw/pr40
HEAD 1c6b68e09ee2ca583573154d7df58b0c8b527d88
branch refs/heads/feat/schema-8-module-roots

worktree /Users/iv/Developer/Wildberries/cocoaskills/.temp/TASK-260824-2i5yqw/worktree
HEAD 4ffba9a440aa0ec44c87b125bb858cd66f85e661
branch refs/heads/task/TASK-260824-2i5yqw-schema8

worktree /Users/iv/Developer/Wildberries/cocoaskills/.temp/TASK-260824-31y75t/rework
HEAD b480fcb32c086b451aa3a6130d5ed6e169f18b96
branch refs/heads/task/TASK-260824-31y75t-declared-gap-owner

worktree /Users/iv/Developer/Wildberries/cocoaskills/.temp/TASK-260824-31y75t/worktree
HEAD ae1b6f2af2a85ec60bc44ba9fba81c85d9744835
branch refs/heads/task/TASK-260824-31y75t-schema8-consumption

## target registered worktrees
worktree /Users/iv/Developer/Wildberries/cocoaskills-taskboard
HEAD 2fbbd266b5aa495aebec2b168663d00e35b48bb8
branch refs/heads/main

worktree /Users/iv/Developer/Wildberries/cocoaskills-taskboard/.temp/STORY-260824-3rzqxr/worktree
HEAD 2fbbd266b5aa495aebec2b168663d00e35b48bb8
branch refs/heads/task-board/story/STORY-260824-3rzqxr

## nested git markers
.temp/BUG-260731-2rhy74/pin-old/.git
.temp/BUG-260805-cfdxsk/worktree/.git
.temp/BUG-260805-cfdxsk/worktree/.temp/BUG-260805-cfdxsk/protocol-spec-candidate/.git
.temp/BUG-260805-cfdxsk/worktree/.temp/BUG-260805-cfdxsk/pytest-baseline/test_real_go_cache_hit_and_rel0/project/.git
.temp/BUG-260805-cfdxsk/worktree/.temp/BUG-260805-cfdxsk/pytest-baseline/test_real_go_cache_hit_and_rel0/skills/go-e2e/.git
.temp/BUG-260807-1it17m/stage-macos/external-tool/.git
.temp/BUG-260807-1it17m/stage-macos/project/.git
.temp/BUG-260807-1it17m/stage-macos/skills/external-skill/.git
.temp/BUG-260807-1it17m/stage-macos2/external-tool/.git
.temp/BUG-260807-1it17m/stage-macos2/project/.git
.temp/BUG-260807-1it17m/stage-macos2/skills/external-skill/.git
.temp/BUG-260807-1it17m/stage-macos3/external-tool/.git
.temp/BUG-260807-1it17m/stage-macos3/project/.git
.temp/BUG-260807-1it17m/stage-macos3/skills/external-skill/.git
.temp/BUG-260807-1it17m/stage-macos4/external-tool/.git
.temp/BUG-260807-1it17m/stage-macos4/project/.git
.temp/BUG-260807-1it17m/stage-macos4/skills/external-skill/.git
.temp/BUG-260807-1it17m/stage-macos5/external-tool/.git
.temp/BUG-260807-1it17m/stage-macos5/project/.git
.temp/BUG-260807-1it17m/stage-macos5/skills/external-skill/.git
.temp/BUG-260807-26lmvj/sentry-cli/.git
.temp/BUG-260807-26lmvj/skill-sentry-worktree/.git
.temp/BUG-260807-l2ymv3/protocol-spec/.git
.temp/BUG-260807-l2ymv3/spec/.git
.temp/BUG-260807-l2ymv3/worktree/.git
.temp/PMA-24176/worktree/.git
.temp/PMA-24177/skill-sentry/.git
.temp/PMA-24178/skill-grafana/.git
.temp/TASK-260720-11yhth/baseline/.git
.temp/TASK-260720-11yhth/curator-spec/.git
.temp/TASK-260720-11yhth/worktree/.git
.temp/TASK-260720-12r55p/curator-spec-432eb2e/.git
.temp/TASK-260720-12r55p/worktree/.git
.temp/TASK-260720-2g21eg/worktree/.git
.temp/TASK-260720-2g21eg/worktree/.temp/TASK-260720-2g21eg/cycle6-protocol-spec/.git
.temp/TASK-260720-2jfnz6/pytest-full/test_active_command_collision_0/project/.git
.temp/TASK-260720-2jfnz6/pytest-full/test_active_command_collision_0/skills/consumer/.git
.temp/TASK-260720-2jfnz6/pytest-full/test_active_command_collision_0/skills/provider-one/.git
.temp/TASK-260720-2jfnz6/pytest-full/test_active_command_collision_0/skills/provider-two/.git
.temp/TASK-260720-2jfnz6/pytest-full/test_agents_change_updates_mar0/project/.git
.temp/TASK-260720-2jfnz6/pytest-full/test_agents_change_updates_mar0/skills/skill-a/.git
.temp/TASK-260720-2jfnz6/pytest-full/test_all_requires_every_target0/project/.git
.temp/TASK-260720-2jfnz6/pytest-full/test_all_requires_every_target0/skills/skill-sheets/.git
.temp/TASK-260720-2jfnz6/pytest-full/test_all_satisfied_across_agen0/project/.git
.temp/TASK-260720-2jfnz6/pytest-full/test_all_satisfied_across_agen0/skills/skill-sheets/.git
.temp/TASK-260720-2jfnz6/pytest-full/test_any_fails_with_hint_when_0/project/.git
.temp/TASK-260720-2jfnz6/pytest-full/test_any_fails_with_hint_when_0/skills/skill-sheets/.git
.temp/TASK-260720-2jfnz6/pytest-full/test_any_satisfied_through_pro0/project/.git
.temp/TASK-260720-2jfnz6/pytest-full/test_any_satisfied_through_pro0/skills/skill-sheets/.git
.temp/TASK-260720-2jfnz6/pytest-full/test_any_satisfied_through_pro1/project/.git
.temp/TASK-260720-2jfnz6/pytest-full/test_any_satisfied_through_pro1/skills/skill-sheets/.git
.temp/TASK-260720-2jfnz6/pytest-full/test_any_satisfied_through_pro2/project/.git
.temp/TASK-260720-2jfnz6/pytest-full/test_any_satisfied_through_pro2/skills/skill-sheets/.git
.temp/TASK-260720-2jfnz6/pytest-full/test_any_satisfied_through_pro3/project/.git
.temp/TASK-260720-2jfnz6/pytest-full/test_any_satisfied_through_pro3/skills/skill-sheets/.git
.temp/TASK-260720-2jfnz6/pytest-full/test_any_satisfied_through_use0/project/.git
.temp/TASK-260720-2jfnz6/pytest-full/test_any_satisfied_through_use0/skills/skill-sheets/.git
.temp/TASK-260720-2jfnz6/pytest-full/test_any_satisfied_through_win0/project/.git
.temp/TASK-260720-2jfnz6/pytest-full/test_any_satisfied_through_win0/skills/skill-sheets/.git
.temp/TASK-260720-2jfnz6/pytest-full/test_attest_detects_post_insta0/project/.git
.temp/TASK-260720-2jfnz6/pytest-full/test_attest_detects_post_insta0/skills/skill-tracker/.git
.temp/TASK-260720-2jfnz6/pytest-full/test_audit_advisory_warns_but_0/project/.git
.temp/TASK-260720-2jfnz6/pytest-full/test_audit_advisory_warns_but_0/skills/skill-a/.git
.temp/TASK-260720-2jfnz6/pytest-full/test_audit_backend_failure_blo0/project/.git
.temp/TASK-260720-2jfnz6/pytest-full/test_audit_backend_failure_blo0/skills/skill-a/.git
.temp/TASK-260720-2jfnz6/pytest-full/test_audit_backend_failure_war0/project/.git
.temp/TASK-260720-2jfnz6/pytest-full/test_audit_backend_failure_war0/skills/skill-a/.git
.temp/TASK-260720-2jfnz6/pytest-full/test_audit_cache_hit_skips_sta0/project/.git
.temp/TASK-260720-2jfnz6/pytest-full/test_audit_cache_hit_skips_sta0/skills/skill-a/.git
.temp/TASK-260720-2jfnz6/pytest-full/test_audit_cache_ignores_malfo0/project/.git
.temp/TASK-260720-2jfnz6/pytest-full/test_audit_cache_ignores_malfo0/skills/skill-a/.git
.temp/TASK-260720-2jfnz6/pytest-full/test_audit_cache_recomputes_de0/project/.git
.temp/TASK-260720-2jfnz6/pytest-full/test_audit_cache_recomputes_de0/skills/skill-a/.git
.temp/TASK-260720-2jfnz6/pytest-full/test_audit_cache_rejects_unkno0/project/.git
.temp/TASK-260720-2jfnz6/pytest-full/test_audit_cache_rejects_unkno0/skills/skill-a/.git
.temp/TASK-260720-2jfnz6/pytest-full/test_audit_canary_failure_bloc0/project/.git
.temp/TASK-260720-2jfnz6/pytest-full/test_audit_canary_failure_bloc0/skills/skill-a/.git
.temp/TASK-260720-2jfnz6/pytest-full/test_audit_dry_run_does_not_wr0/project/.git
.temp/TASK-260720-2jfnz6/pytest-full/test_audit_dry_run_does_not_wr0/skills/skill-a/.git
.temp/TASK-260720-2jfnz6/pytest-full/test_audit_revocation_blocks_i0/project/.git
.temp/TASK-260720-2jfnz6/pytest-full/test_audit_revocation_blocks_i0/skills/skill-a/.git
.temp/TASK-260720-2jfnz6/pytest-full/test_audit_static_canary_failu0/project/.git
.temp/TASK-260720-2jfnz6/pytest-full/test_audit_static_canary_failu0/skills/skill-a/.git
.temp/TASK-260720-2jfnz6/pytest-full/test_audit_static_canary_runs_0/project/.git
.temp/TASK-260720-2jfnz6/pytest-full/test_audit_static_canary_runs_0/skills/skill-a/.git
.temp/TASK-260720-2jfnz6/pytest-full/test_audit_static_canary_runs_0/skills/skill-b/.git
.temp/TASK-260720-2jfnz6/pytest-full/test_audit_strict_blocks_befor0/project/.git
.temp/TASK-260720-2jfnz6/pytest-full/test_audit_strict_blocks_befor0/skills/skill-a/.git
.temp/TASK-260720-2jfnz6/pytest-full/test_audit_strict_requires_pin0/project/.git
.temp/TASK-260720-2jfnz6/pytest-full/test_audit_strict_requires_pin0/skills/skill-a/.git
.temp/TASK-260720-2jfnz6/pytest-full/test_audited_skill_records_att0/project/.git
.temp/TASK-260720-2jfnz6/pytest-full/test_audited_skill_records_att0/skills/skill-tracker/.git
.temp/TASK-260720-2jfnz6/pytest-full/test_branch_without_remote_is_0/skills/skill-a/.git
.temp/TASK-260720-2jfnz6/pytest-full/test_claude_disabled_mcpjson_s0/project/.git
.temp/TASK-260720-2jfnz6/pytest-full/test_claude_disabled_mcpjson_s0/skills/skill-sheets/.git
.temp/TASK-260720-2jfnz6/pytest-full/test_cleanup_removes_undeclare0/project/.git
.temp/TASK-260720-2jfnz6/pytest-full/test_cleanup_removes_undeclare0/skills/skill-tool/.git
.temp/TASK-260720-2jfnz6/pytest-full/test_cli_add_and_remove_edit_p0/project/.git
.temp/TASK-260720-2jfnz6/pytest-full/test_cli_add_rejects_invalid_n0/project/.git
.temp/TASK-260720-2jfnz6/pytest-full/test_cli_add_via_project_alias0/project/.git
.temp/TASK-260720-2jfnz6/pytest-full/test_cli_audit_all_includes_re0/project/.git
.temp/TASK-260720-2jfnz6/pytest-full/test_cli_audit_all_includes_re0/skills/skill-a/.git
.temp/TASK-260720-2jfnz6/pytest-full/test_cli_audit_all_includes_re0/skills/skill-b/.git
.temp/TASK-260720-2jfnz6/pytest-full/test_cli_audit_allow_does_not_0/project/.git
.temp/TASK-260720-2jfnz6/pytest-full/test_cli_audit_allow_does_not_0/skills/skill-a/.git
.temp/TASK-260720-2jfnz6/pytest-full/test_cli_audit_allow_pins_sche0/project/.git
.temp/TASK-260720-2jfnz6/pytest-full/test_cli_audit_allow_pins_sche0/skills/skill-a/.git
.temp/TASK-260720-2jfnz6/pytest-full/test_cli_audit_global_scope0/skills/skill-a/.git
.temp/TASK-260720-2jfnz6/pytest-full/test_cli_audit_json_reports_st0/project/.git
.temp/TASK-260720-2jfnz6/pytest-full/test_cli_audit_json_reports_st0/skills/skill-a/.git
.temp/TASK-260720-2jfnz6/pytest-full/test_cli_audit_redacts_url_sec0/project/.git
.temp/TASK-260720-2jfnz6/pytest-full/test_cli_audit_redacts_url_sec0/skills/skill-a/.git
.temp/TASK-260720-2jfnz6/pytest-full/test_cli_audit_revocation_bloc0/project/.git
.temp/TASK-260720-2jfnz6/pytest-full/test_cli_audit_revocation_bloc0/skills/skill-a/.git
.temp/TASK-260720-2jfnz6/pytest-full/test_cli_audit_source_revocati0/project/.git
.temp/TASK-260720-2jfnz6/pytest-full/test_cli_audit_source_revocati0/skills/skill-a/.git
.temp/TASK-260720-2jfnz6/pytest-full/test_cli_audit_strict_blocks_o0/project/.git
.temp/TASK-260720-2jfnz6/pytest-full/test_cli_audit_strict_blocks_o0/skills/skill-a/.git
.temp/TASK-260720-2jfnz6/pytest-full/test_cli_audit_strict_reports_0/project/.git
.temp/TASK-260720-2jfnz6/pytest-full/test_cli_audit_strict_reports_0/skills/skill-a/.git
.temp/TASK-260720-2jfnz6/pytest-full/test_cli_bare_install_uses_cur0/project/.git
.temp/TASK-260720-2jfnz6/pytest-full/test_cli_bare_install_uses_cur0/skills/skill-a/.git
.temp/TASK-260720-2jfnz6/pytest-full/test_cli_bare_install_without_0/project/.git
.temp/TASK-260720-2jfnz6/pytest-full/test_cli_bare_install_without_0/skills/unused/.git
.temp/TASK-260720-2jfnz6/pytest-full/test_cli_bare_status_uses_curr0/project/.git
.temp/TASK-260720-2jfnz6/pytest-full/test_cli_bare_upgrade_uses_cur0/project/.git
.temp/TASK-260720-2jfnz6/pytest-full/test_cli_bare_upgrade_uses_cur0/skills/skill-a/.git
.temp/TASK-260720-2jfnz6/pytest-full/test_cli_fix_gitignore_emits_d0/project/.git
.temp/TASK-260720-2jfnz6/pytest-full/test_cli_fix_gitignore_emits_d0/skills/skill-a/.git
.temp/TASK-260720-2jfnz6/pytest-full/test_cli_gc_command_reports_su0/p1/.git
.temp/TASK-260720-2jfnz6/pytest-full/test_cli_init_creates_skillfil0/project/.git
.temp/TASK-260720-2jfnz6/pytest-full/test_cli_init_is_idempotent_an0/project/.git
.temp/TASK-260720-2jfnz6/pytest-full/test_cli_init_non_git_then_git0/plain-project/.git
.temp/TASK-260720-2jfnz6/pytest-full/test_cli_init_non_git_then_git0/skills/unused/.git
.temp/TASK-260720-2jfnz6/pytest-full/test_cli_init_rejects_nested_p0/project/.git
.temp/TASK-260720-2jfnz6/pytest-full/test_cli_install_all_uses_regi0/one/.git
.temp/TASK-260720-2jfnz6/pytest-full/test_cli_install_all_uses_regi0/skills/skill-a/.git
.temp/TASK-260720-2jfnz6/pytest-full/test_cli_install_all_uses_regi0/two/.git
.temp/TASK-260720-2jfnz6/pytest-full/test_cli_install_audit_flag_wa0/project/.git
.temp/TASK-260720-2jfnz6/pytest-full/test_cli_install_audit_flag_wa0/skills/skill-a/.git
.temp/TASK-260720-2jfnz6/pytest-full/test_cli_install_audit_strict_0/project/.git
.temp/TASK-260720-2jfnz6/pytest-full/test_cli_install_audit_strict_0/skills/skill-a/.git
.temp/TASK-260720-2jfnz6/pytest-full/test_cli_install_dot_does_not_0/project/.git
.temp/TASK-260720-2jfnz6/pytest-full/test_cli_install_dot_does_not_0/skills/skill-a/.git
.temp/TASK-260720-2jfnz6/pytest-full/test_cli_install_dot_dry_run_d0/project/.git
.temp/TASK-260720-2jfnz6/pytest-full/test_cli_install_dot_dry_run_d0/skills/skill-a/.git
.temp/TASK-260720-2jfnz6/pytest-full/test_cli_install_dot_uses_curr0/project/.git
.temp/TASK-260720-2jfnz6/pytest-full/test_cli_install_dot_uses_curr0/skills/skill-a/.git
.temp/TASK-260720-2jfnz6/pytest-full/test_cli_install_dry_run_does_0/project/.git
.temp/TASK-260720-2jfnz6/pytest-full/test_cli_install_explicit_targ0/project/.git
.temp/TASK-260720-2jfnz6/pytest-full/test_cli_install_tilde_path_us0/home/project/.git
.temp/TASK-260720-2jfnz6/pytest-full/test_cli_install_tilde_path_us0/skills/skill-a/.git
.temp/TASK-260720-2jfnz6/pytest-full/test_cli_list_paths_shows_alia0/project/.git
.temp/TASK-260720-2jfnz6/pytest-full/test_cli_lock_contention_retur0/project/.git
.temp/TASK-260720-2jfnz6/pytest-full/test_cli_lock_contention_retur0/skills/skill-a/.git
.temp/TASK-260720-2jfnz6/pytest-full/test_cli_project_add_creates_s0/project/.git
.temp/TASK-260720-2jfnz6/pytest-full/test_cli_project_resolve_confi0/project/.git
.temp/TASK-260720-2jfnz6/pytest-full/test_cli_project_resolve_repor0/project/.git
.temp/TASK-260720-2jfnz6/pytest-full/test_cli_status_all_reports_re0/one/.git
.temp/TASK-260720-2jfnz6/pytest-full/test_cli_status_all_reports_re0/two/.git
.temp/TASK-260720-2jfnz6/pytest-full/test_cli_status_check_exit_cod0/project/.git
.temp/TASK-260720-2jfnz6/pytest-full/test_cli_status_check_exit_cod0/skills/skill-a/.git
.temp/TASK-260720-2jfnz6/pytest-full/test_cli_status_dot_uses_curre0/project/.git
.temp/TASK-260720-2jfnz6/pytest-full/test_cli_status_dot_uses_curre0/skills/skill-a/.git
.temp/TASK-260720-2jfnz6/pytest-full/test_cli_status_error_label_in0/project/.git
.temp/TASK-260720-2jfnz6/pytest-full/test_cli_status_json_is_machin0/project/.git
.temp/TASK-260720-2jfnz6/pytest-full/test_cli_status_json_is_machin0/skills/skill-a/.git
.temp/TASK-260720-2jfnz6/pytest-full/test_cli_update_reports_missin0/project/.git
.temp/TASK-260720-2jfnz6/pytest-full/test_cli_update_reports_missin0/skills/skill-a/.git
.temp/TASK-260720-2jfnz6/pytest-full/test_cli_upgrade_dry_run_does_0/project/.git
.temp/TASK-260720-2jfnz6/pytest-full/test_cli_upgrade_fetches_only_0/project/.git
.temp/TASK-260720-2jfnz6/pytest-full/test_cli_upgrade_fetches_only_0/skills/skill-selected/.git
.temp/TASK-260720-2jfnz6/pytest-full/test_cli_upgrade_fetches_only_0/skills/skill-unrelated/.git
.temp/TASK-260720-2jfnz6/pytest-full/test_clone_repo_clones_local_r0/cloned/.git
.temp/TASK-260720-2jfnz6/pytest-full/test_clone_repo_clones_local_r0/skills/skill-a/.git
.temp/TASK-260720-2jfnz6/pytest-full/test_cloud_command_backend_rec0/project/.git
.temp/TASK-260720-2jfnz6/pytest-full/test_cloud_command_backend_rec0/skills/skill-a/.git
.temp/TASK-260720-2jfnz6/pytest-full/test_codex_backend_constructs_0/project/.git
.temp/TASK-260720-2jfnz6/pytest-full/test_codex_backend_constructs_0/skills/skill-a/.git
.temp/TASK-260720-2jfnz6/pytest-full/test_command_backend_failure_r0/project/.git
.temp/TASK-260720-2jfnz6/pytest-full/test_command_backend_failure_r0/skills/skill-a/.git
.temp/TASK-260720-2jfnz6/pytest-full/test_command_backend_receives_0/project/.git
.temp/TASK-260720-2jfnz6/pytest-full/test_command_backend_receives_0/skills/skill-a/.git
.temp/TASK-260720-2jfnz6/pytest-full/test_command_backend_timeout_w0/project/.git
.temp/TASK-260720-2jfnz6/pytest-full/test_command_backend_timeout_w0/skills/skill-a/.git
.temp/TASK-260720-2jfnz6/pytest-full/test_command_collision_fails0/project/.git
.temp/TASK-260720-2jfnz6/pytest-full/test_command_collision_fails0/skills/skill-one/.git
.temp/TASK-260720-2jfnz6/pytest-full/test_command_collision_fails0/skills/skill-two/.git
.temp/TASK-260720-2jfnz6/pytest-full/test_conflicting_commits_for_o0/project/.git
.temp/TASK-260720-2jfnz6/pytest-full/test_conflicting_commits_for_o0/skills/consumer-a/.git
.temp/TASK-260720-2jfnz6/pytest-full/test_conflicting_commits_for_o0/skills/consumer-b/.git
.temp/TASK-260720-2jfnz6/pytest-full/test_conflicting_commits_for_o0/skills/provider/.git
.temp/TASK-260720-2jfnz6/pytest-full/test_conflicting_source_identi0/project/.git
.temp/TASK-260720-2jfnz6/pytest-full/test_conflicting_source_identi0/skills/consumer-a/.git
.temp/TASK-260720-2jfnz6/pytest-full/test_conflicting_source_identi0/skills/consumer-b/.git
.temp/TASK-260720-2jfnz6/pytest-full/test_conflicting_source_identi0/skills/provider/.git
.temp/TASK-260720-2jfnz6/pytest-full/test_context_requirement_insta0/project/.git
.temp/TASK-260720-2jfnz6/pytest-full/test_context_requirement_insta0/skills/consumer/.git
.temp/TASK-260720-2jfnz6/pytest-full/test_context_requirement_insta0/skills/provider/.git
.temp/TASK-260720-2jfnz6/pytest-full/test_dependency_cycle_fails0/project/.git
.temp/TASK-260720-2jfnz6/pytest-full/test_dependency_cycle_fails0/skills/skill-a/.git
.temp/TASK-260720-2jfnz6/pytest-full/test_dependency_cycle_fails0/skills/skill-b/.git
.temp/TASK-260720-2jfnz6/pytest-full/test_direct_and_transitive_dec0/project/.git
.temp/TASK-260720-2jfnz6/pytest-full/test_direct_and_transitive_dec0/skills/consumer/.git
.temp/TASK-260720-2jfnz6/pytest-full/test_direct_and_transitive_dec0/skills/provider/.git
.temp/TASK-260720-2jfnz6/pytest-full/test_disallowed_source_is_neve0/project/.git
.temp/TASK-260720-2jfnz6/pytest-full/test_disallowed_source_is_neve0/skills/consumer/.git
.temp/TASK-260720-2jfnz6/pytest-full/test_dry_run_clones_git_url_on0/project/.git
.temp/TASK-260720-2jfnz6/pytest-full/test_dry_run_clones_git_url_on0/remotes/skill-a/.git
.temp/TASK-260720-2jfnz6/pytest-full/test_dry_run_does_not_modify_p0/project/.git
.temp/TASK-260720-2jfnz6/pytest-full/test_dry_run_does_not_modify_p0/skills/skill-a/.git
.temp/TASK-260720-2jfnz6/pytest-full/test_effective_surface_is_the_0/project/.git
.temp/TASK-260720-2jfnz6/pytest-full/test_effective_surface_is_the_0/skills/consumer-a/.git
.temp/TASK-260720-2jfnz6/pytest-full/test_effective_surface_is_the_0/skills/consumer-b/.git
.temp/TASK-260720-2jfnz6/pytest-full/test_effective_surface_is_the_0/skills/provider/.git
.temp/TASK-260720-2jfnz6/pytest-full/test_failed_update_preserves_p0/project/.git
.temp/TASK-260720-2jfnz6/pytest-full/test_failed_update_preserves_p0/skills/skill-a/.git
.temp/TASK-260720-2jfnz6/pytest-full/test_fix_gitignore_appends_mis0/project/.git
.temp/TASK-260720-2jfnz6/pytest-full/test_full_install_then_upgrade0/project/.git
.temp/TASK-260720-2jfnz6/pytest-full/test_full_install_then_upgrade0/skills/skill-a/.git
.temp/TASK-260720-2jfnz6/pytest-full/test_full_requirement_is_the_d0/project/.git
.temp/TASK-260720-2jfnz6/pytest-full/test_full_requirement_is_the_d0/skills/consumer/.git
.temp/TASK-260720-2jfnz6/pytest-full/test_full_requirement_is_the_d0/skills/provider/.git
.temp/TASK-260720-2jfnz6/pytest-full/test_gc_sweeps_orphan_tmp_dirs0/p1/.git
.temp/TASK-260720-2jfnz6/pytest-full/test_gc_sweeps_orphan_tmp_dirs0/skills/skill-tool/.git
.temp/TASK-260720-2jfnz6/pytest-full/test_git_branch_substitution_r0/.cocoaskills/dev/provider/.git
.temp/TASK-260720-2jfnz6/pytest-full/test_git_branch_substitution_r0/fork-provider/.git
.temp/TASK-260720-2jfnz6/pytest-full/test_git_branch_substitution_r0/project/.git
.temp/TASK-260720-2jfnz6/pytest-full/test_git_branch_substitution_r0/skills/consumer/.git
.temp/TASK-260720-2jfnz6/pytest-full/test_git_branch_substitution_r0/skills/provider/.git
.temp/TASK-260720-2jfnz6/pytest-full/test_gitignore_fix_allows_inst0/project/.git
.temp/TASK-260720-2jfnz6/pytest-full/test_gitignore_fix_allows_inst0/skills/skill-a/.git
.temp/TASK-260720-2jfnz6/pytest-full/test_gitignore_gate_blocks_mis0/project/.git
.temp/TASK-260720-2jfnz6/pytest-full/test_gitignore_gate_skips_proj0/project/.git
.temp/TASK-260720-2jfnz6/pytest-full/test_gitignore_gate_skips_proj0/skills/skill-a/.git
.temp/TASK-260720-2jfnz6/pytest-full/test_gitmodules_rejected0/project/.git
.temp/TASK-260720-2jfnz6/pytest-full/test_gitmodules_rejected0/skills/skill-a/.git
.temp/TASK-260720-2jfnz6/pytest-full/test_global_add_remove_and_lis0/project/.git
.temp/TASK-260720-2jfnz6/pytest-full/test_global_init_uses_config_d0/project/.git
.temp/TASK-260720-2jfnz6/pytest-full/test_global_install_audit_advi0/project/.git
.temp/TASK-260720-2jfnz6/pytest-full/test_global_install_audit_advi0/skills/skill-a/.git
.temp/TASK-260720-2jfnz6/pytest-full/test_global_install_audit_stri0/project/.git
.temp/TASK-260720-2jfnz6/pytest-full/test_global_install_audit_stri0/skills/skill-a/.git
.temp/TASK-260720-2jfnz6/pytest-full/test_global_install_cascades_s0/project/.git
.temp/TASK-260720-2jfnz6/pytest-full/test_global_install_cascades_s0/skills/skill-consumer/.git
.temp/TASK-260720-2jfnz6/pytest-full/test_global_install_cascades_s0/skills/skill-provider/.git
.temp/TASK-260720-2jfnz6/pytest-full/test_global_install_checks_ski0/project/.git
.temp/TASK-260720-2jfnz6/pytest-full/test_global_install_checks_ski0/skills/skill-docs-memory/.git
.temp/TASK-260720-2jfnz6/pytest-full/test_global_install_checks_ski0/skills/skill-docs/.git
.temp/TASK-260720-2jfnz6/pytest-full/test_global_install_does_not_o0/project/.git
.temp/TASK-260720-2jfnz6/pytest-full/test_global_install_does_not_o0/skills/skill-tool/.git
.temp/TASK-260720-2jfnz6/pytest-full/test_global_install_dry_run_do0/project/.git
.temp/TASK-260720-2jfnz6/pytest-full/test_global_install_dry_run_do0/remote-skills/skill-a/.git
.temp/TASK-260720-2jfnz6/pytest-full/test_global_install_is_idempot0/project/.git
.temp/TASK-260720-2jfnz6/pytest-full/test_global_install_is_idempot0/skills/skill-a/.git
.temp/TASK-260720-2jfnz6/pytest-full/test_global_install_keeps_inst0/project/.git
.temp/TASK-260720-2jfnz6/pytest-full/test_global_install_keeps_inst0/skills/skill-good/.git
.temp/TASK-260720-2jfnz6/pytest-full/test_global_install_keeps_inst0/skills/skill-missing-dep/.git
.temp/TASK-260720-2jfnz6/pytest-full/test_global_install_preserves_0/project/.git
.temp/TASK-260720-2jfnz6/pytest-full/test_global_install_preserves_0/skills/skill-a/.git
.temp/TASK-260720-2jfnz6/pytest-full/test_global_install_publishes_0/project/.git
.temp/TASK-260720-2jfnz6/pytest-full/test_global_install_publishes_0/skills/skill-tool/.git
.temp/TASK-260720-2jfnz6/pytest-full/test_global_install_rejects_ex0/project/.git
.temp/TASK-260720-2jfnz6/pytest-full/test_global_install_rejects_ex0/skills/skill-tool/.git
.temp/TASK-260720-2jfnz6/pytest-full/test_global_install_respects_e0/project/.git
.temp/TASK-260720-2jfnz6/pytest-full/test_global_install_respects_e0/skills/skill-tool/.git
.temp/TASK-260720-2jfnz6/pytest-full/test_global_install_warns_for_0/project/.git
.temp/TASK-260720-2jfnz6/pytest-full/test_global_install_warns_for_0/skills/skill-tool/.git
.temp/TASK-260720-2jfnz6/pytest-full/test_global_install_warns_when0/project/.git
.temp/TASK-260720-2jfnz6/pytest-full/test_global_install_warns_when0/skills/skill-tool/.git
.temp/TASK-260720-2jfnz6/pytest-full/test_global_install_writes_con0/project/.git
.temp/TASK-260720-2jfnz6/pytest-full/test_global_install_writes_con0/skills/skill-tool/.git
.temp/TASK-260720-2jfnz6/pytest-full/test_global_moved_tag_warns_by0/project/.git
.temp/TASK-260720-2jfnz6/pytest-full/test_global_moved_tag_warns_by0/skills/skill-a/.git
.temp/TASK-260720-2jfnz6/pytest-full/test_global_status_reports_mis0/project/.git
.temp/TASK-260720-2jfnz6/pytest-full/test_global_status_reports_mis0/skills/skill-a/.git
.temp/TASK-260720-2jfnz6/pytest-full/test_global_upgrade_dry_run_do0/project/.git
.temp/TASK-260720-2jfnz6/pytest-full/test_global_upgrade_dry_run_do0/remote-skills/skill-a/.git
.temp/TASK-260720-2jfnz6/pytest-full/test_global_upgrade_fetches_re0/project/.git
.temp/TASK-260720-2jfnz6/pytest-full/test_global_upgrade_fetches_re0/skills/skill-a/.git
.temp/TASK-260720-2jfnz6/pytest-full/test_global_upgrade_fetches_re0/source-skill/.git
.temp/TASK-260720-2jfnz6/pytest-full/test_hybrid_cli_add_list_remov0/project/.git
.temp/TASK-260720-2jfnz6/pytest-full/test_hybrid_skill_activates_fo0/project/.git
.temp/TASK-260720-2jfnz6/pytest-full/test_hybrid_skill_activates_fo0/skills/skill-conventions/.git
.temp/TASK-260720-2jfnz6/pytest-full/test_hybrid_skill_dependencies0/project/.git
.temp/TASK-260720-2jfnz6/pytest-full/test_hybrid_skill_dependencies0/skills/skill-conventions/.git
.temp/TASK-260720-2jfnz6/pytest-full/test_hybrid_skill_dependencies0/skills/skill-provider/.git
.temp/TASK-260720-2jfnz6/pytest-full/test_hybrid_skill_invisible_fo0/project-a/.git
.temp/TASK-260720-2jfnz6/pytest-full/test_hybrid_skill_invisible_fo0/project-b/.git
.temp/TASK-260720-2jfnz6/pytest-full/test_hybrid_skill_invisible_fo0/skills/skill-conventions/.git
.temp/TASK-260720-2jfnz6/pytest-full/test_hybrid_target_matches_ali0/project/.git
.temp/TASK-260720-2jfnz6/pytest-full/test_hybrid_target_matches_ali0/skills/skill-conventions/.git
.temp/TASK-260720-2jfnz6/pytest-full/test_inactive_exports_never_co0/project/.git
.temp/TASK-260720-2jfnz6/pytest-full/test_inactive_exports_never_co0/skills/consumer/.git
.temp/TASK-260720-2jfnz6/pytest-full/test_inactive_exports_never_co0/skills/provider-one/.git
.temp/TASK-260720-2jfnz6/pytest-full/test_inactive_exports_never_co0/skills/provider-two/.git
.temp/TASK-260720-2jfnz6/pytest-full/test_init_ignores_the_dev_mani0/fresh/.git
.temp/TASK-260720-2jfnz6/pytest-full/test_install_clone_failure_pro0/project/.git
.temp/TASK-260720-2jfnz6/pytest-full/test_install_clones_missing_sk0/project/.git
.temp/TASK-260720-2jfnz6/pytest-full/test_install_clones_missing_sk0/remotes/skill-a/.git
.temp/TASK-260720-2jfnz6/pytest-full/test_install_clones_missing_sk0/skills/skill-a/.git
.temp/TASK-260720-2jfnz6/pytest-full/test_install_declared_script_t0/project/.git
.temp/TASK-260720-2jfnz6/pytest-full/test_install_declared_script_t0/skills/skill-tool/.git
.temp/TASK-260720-2jfnz6/pytest-full/test_install_is_idempotent_for0/project/.git
.temp/TASK-260720-2jfnz6/pytest-full/test_install_is_idempotent_for0/skills/skill-a/.git
.temp/TASK-260720-2jfnz6/pytest-full/test_install_uses_existing_loc0/project/.git
.temp/TASK-260720-2jfnz6/pytest-full/test_install_uses_existing_loc0/skills/skill-a/.git
.temp/TASK-260720-2jfnz6/pytest-full/test_install_verbose_reports_c0/project/.git
.temp/TASK-260720-2jfnz6/pytest-full/test_install_verbose_reports_c0/skills/skill-tool/.git
.temp/TASK-260720-2jfnz6/pytest-full/test_legacy_command_dependency0/project/.git
.temp/TASK-260720-2jfnz6/pytest-full/test_legacy_command_dependency0/skills/consumer/.git
.temp/TASK-260720-2jfnz6/pytest-full/test_legacy_command_dependency0/skills/provider/.git
.temp/TASK-260720-2jfnz6/pytest-full/test_local_path_exists_but_not0/project/.git
.temp/TASK-260720-2jfnz6/pytest-full/test_local_sources_pass_the_al0/elsewhere/provider/.git
.temp/TASK-260720-2jfnz6/pytest-full/test_local_sources_pass_the_al0/project/.git
.temp/TASK-260720-2jfnz6/pytest-full/test_local_sources_pass_the_al0/skills/consumer/.git
.temp/TASK-260720-2jfnz6/pytest-full/test_local_sources_pass_the_al0/skills/provider/.git
.temp/TASK-260720-2jfnz6/pytest-full/test_locale_fallback_warning_s0/project/.git
.temp/TASK-260720-2jfnz6/pytest-full/test_locale_fallback_warning_s0/skills/skill-a/.git
.temp/TASK-260720-2jfnz6/pytest-full/test_malformed_agent_config_co0/project/.git
.temp/TASK-260720-2jfnz6/pytest-full/test_malformed_agent_config_co0/skills/skill-sheets/.git
.temp/TASK-260720-2jfnz6/pytest-full/test_malformed_dev_manifest_fa0/project/.git
.temp/TASK-260720-2jfnz6/pytest-full/test_malformed_dev_manifest_fa0/skills/consumer/.git
.temp/TASK-260720-2jfnz6/pytest-full/test_malformed_dev_manifest_fa0/skills/provider/.git
.temp/TASK-260720-2jfnz6/pytest-full/test_marker_refreshes_when_con0/project/.git
.temp/TASK-260720-2jfnz6/pytest-full/test_marker_refreshes_when_con0/skills/skill-sheets/.git
.temp/TASK-260720-2jfnz6/pytest-full/test_marker_schema_mismatch_fa0/project/.git
.temp/TASK-260720-2jfnz6/pytest-full/test_marker_schema_mismatch_fa0/skills/skill-a/.git
.temp/TASK-260720-2jfnz6/pytest-full/test_missing_skill_command_dep0/project/.git
.temp/TASK-260720-2jfnz6/pytest-full/test_missing_skill_command_dep0/skills/skill-docs-memory/.git
.temp/TASK-260720-2jfnz6/pytest-full/test_missing_skill_md_error_ma0/project/.git
.temp/TASK-260720-2jfnz6/pytest-full/test_missing_skill_md_error_ma0/skills/skill-a/.git
.temp/TASK-260720-2jfnz6/pytest-full/test_missing_skill_without_git0/project/.git
.temp/TASK-260720-2jfnz6/pytest-full/test_missing_skillfile_warns_a0/project/.git
.temp/TASK-260720-2jfnz6/pytest-full/test_missing_system_command_bl0/project/.git
.temp/TASK-260720-2jfnz6/pytest-full/test_missing_system_command_bl0/skills/skill-system/.git
.temp/TASK-260720-2jfnz6/pytest-full/test_moved_tag_warns_by_defaul0/project/.git
.temp/TASK-260720-2jfnz6/pytest-full/test_moved_tag_warns_by_defaul0/skills/skill-a/.git
.temp/TASK-260720-2jfnz6/pytest-full/test_opencode_disabled_server_0/project/.git
.temp/TASK-260720-2jfnz6/pytest-full/test_opencode_disabled_server_0/skills/skill-sheets/.git
.temp/TASK-260720-2jfnz6/pytest-full/test_oversize_request_skips_ba0/project/.git
.temp/TASK-260720-2jfnz6/pytest-full/test_oversize_request_skips_ba0/skills/skill-a/.git
.temp/TASK-260720-2jfnz6/pytest-full/test_path_substitution_reads_t0/dev-provider/.git
.temp/TASK-260720-2jfnz6/pytest-full/test_path_substitution_reads_t0/project/.git
.temp/TASK-260720-2jfnz6/pytest-full/test_path_substitution_reads_t0/skills/consumer/.git
.temp/TASK-260720-2jfnz6/pytest-full/test_path_substitution_reads_t0/skills/provider/.git
.temp/TASK-260720-2jfnz6/pytest-full/test_project_command_shim_shad0/project/.git
.temp/TASK-260720-2jfnz6/pytest-full/test_project_command_shim_shad0/skills/skill-tool/.git
.temp/TASK-260720-2jfnz6/pytest-full/test_project_declaration_shado0/project/.git
.temp/TASK-260720-2jfnz6/pytest-full/test_project_declaration_shado0/skills/skill-conventions/.git
.temp/TASK-260720-2jfnz6/pytest-full/test_project_only_declaration_0/project/.git
.temp/TASK-260720-2jfnz6/pytest-full/test_project_only_declaration_0/skills/skill-sheets/.git
.temp/TASK-260720-2jfnz6/pytest-full/test_publish_posts_record0/project/.git
.temp/TASK-260720-2jfnz6/pytest-full/test_publish_reads_token_from_0/project/.git
.temp/TASK-260720-2jfnz6/pytest-full/test_publish_requires_registry0/project/.git
.temp/TASK-260720-2jfnz6/pytest-full/test_publish_requires_token0/project/.git
.temp/TASK-260720-2jfnz6/pytest-full/test_removed_hybrid_target_cle0/project/.git
.temp/TASK-260720-2jfnz6/pytest-full/test_removed_hybrid_target_cle0/skills/skill-conventions/.git
.temp/TASK-260720-2jfnz6/pytest-full/test_removed_requirement_clean0/project/.git
.temp/TASK-260720-2jfnz6/pytest-full/test_removed_requirement_clean0/skills/consumer/.git
.temp/TASK-260720-2jfnz6/pytest-full/test_removed_requirement_clean0/skills/provider/.git
.temp/TASK-260720-2jfnz6/pytest-full/test_requirement_command_missi0/project/.git
.temp/TASK-260720-2jfnz6/pytest-full/test_requirement_command_missi0/skills/consumer/.git
.temp/TASK-260720-2jfnz6/pytest-full/test_requirement_command_missi0/skills/provider/.git
.temp/TASK-260720-2jfnz6/pytest-full/test_resolvable_stdio_command_0/project/.git
.temp/TASK-260720-2jfnz6/pytest-full/test_resolvable_stdio_command_0/skills/skill-sheets/.git
.temp/TASK-260720-2jfnz6/pytest-full/test_resolve_current_worktree_0/project/.git
.temp/TASK-260720-2jfnz6/pytest-full/test_resolve_feature_branch_wi0/project/.git
.temp/TASK-260720-2jfnz6/pytest-full/test_resolve_shared_checkout_u0/project/.git
.temp/TASK-260720-2jfnz6/pytest-full/test_resolve_tag_branch_and_re0/skills/skill-a/.git
.temp/TASK-260720-2jfnz6/pytest-full/test_resolve_uses_configurable0/project/.git
.temp/TASK-260720-2jfnz6/pytest-full/test_revoked_skill_blocks_inst0/project/.git
.temp/TASK-260720-2jfnz6/pytest-full/test_revoked_skill_blocks_inst0/skills/skill-tracker/.git
.temp/TASK-260720-2jfnz6/pytest-full/test_runtime_gc_keeps_global_o0/project/.git
.temp/TASK-260720-2jfnz6/pytest-full/test_runtime_gc_keeps_global_o0/skills/skill-tool/.git
.temp/TASK-260720-2jfnz6/pytest-full/test_runtime_gc_keeps_referenc0/p1/.git
.temp/TASK-260720-2jfnz6/pytest-full/test_runtime_gc_keeps_referenc0/p2/.git
.temp/TASK-260720-2jfnz6/pytest-full/test_runtime_gc_keeps_referenc0/skills/skill-tool/.git
.temp/TASK-260720-2jfnz6/pytest-full/test_runtime_gc_keeps_runtime_0/p1/.git
.temp/TASK-260720-2jfnz6/pytest-full/test_runtime_gc_keeps_runtime_0/p2/.git
.temp/TASK-260720-2jfnz6/pytest-full/test_runtime_gc_keeps_runtime_0/skills/skill-tool/.git
.temp/TASK-260720-2jfnz6/pytest-full/test_runtime_gc_prunes_consume0/p1/.git
.temp/TASK-260720-2jfnz6/pytest-full/test_runtime_gc_prunes_consume0/p2/.git
.temp/TASK-260720-2jfnz6/pytest-full/test_runtime_gc_prunes_consume0/skills/skill-tool/.git
.temp/TASK-260720-2jfnz6/pytest-full/test_runtime_gc_prunes_dead_co0/p1/.git
.temp/TASK-260720-2jfnz6/pytest-full/test_runtime_gc_prunes_dead_co0/skills/skill-tool/.git
.temp/TASK-260720-2jfnz6/pytest-full/test_runtime_requirement_insta0/project/.git
.temp/TASK-260720-2jfnz6/pytest-full/test_runtime_requirement_insta0/skills/consumer/.git
.temp/TASK-260720-2jfnz6/pytest-full/test_runtime_requirement_insta0/skills/provider/.git
.temp/TASK-260720-2jfnz6/pytest-full/test_runtime_requirement_witho0/project/.git
.temp/TASK-260720-2jfnz6/pytest-full/test_runtime_requirement_witho0/skills/consumer/.git
.temp/TASK-260720-2jfnz6/pytest-full/test_runtime_requirement_witho0/skills/provider/.git
.temp/TASK-260720-2jfnz6/pytest-full/test_runtime_root_preserves_ex0/project/.git
.temp/TASK-260720-2jfnz6/pytest-full/test_runtime_root_preserves_ex0/skills/skill-tool/.git
.temp/TASK-260720-2jfnz6/pytest-full/test_runtime_shim_captures_dec0/project/.git
.temp/TASK-260720-2jfnz6/pytest-full/test_runtime_shim_captures_dec0/skills/skill-system/.git
.temp/TASK-260720-2jfnz6/pytest-full/test_runtime_shim_resolves_pro0/project/.git
.temp/TASK-260720-2jfnz6/pytest-full/test_runtime_shim_resolves_pro0/skills/skill-consumer/.git
.temp/TASK-260720-2jfnz6/pytest-full/test_runtime_shim_resolves_pro0/skills/skill-provider/.git
.temp/TASK-260720-2jfnz6/pytest-full/test_schema_v2_copies_runtime_0/project/.git
.temp/TASK-260720-2jfnz6/pytest-full/test_schema_v2_copies_runtime_0/skills/skill-tool/.git
.temp/TASK-260720-2jfnz6/pytest-full/test_schema_v6_build_root_stay0/project/.git
.temp/TASK-260720-2jfnz6/pytest-full/test_schema_v6_build_root_stay0/skills/skill-build/.git
.temp/TASK-260720-2jfnz6/pytest-full/test_schema_v6_stale_build_roo0/project/.git
.temp/TASK-260720-2jfnz6/pytest-full/test_schema_v6_stale_build_roo0/skills/skill-build/.git
.temp/TASK-260720-2jfnz6/pytest-full/test_schema_v6_stale_build_roo1/project/.git
.temp/TASK-260720-2jfnz6/pytest-full/test_schema_v6_stale_build_roo1/skills/skill-build/.git
.temp/TASK-260720-2jfnz6/pytest-full/test_schema_v6_stale_build_roo2/project/.git
.temp/TASK-260720-2jfnz6/pytest-full/test_schema_v6_stale_build_roo2/skills/skill-build/.git
.temp/TASK-260720-2jfnz6/pytest-full/test_skill_command_dependency_0/project/.git
.temp/TASK-260720-2jfnz6/pytest-full/test_skill_command_dependency_0/skills/skill-docs-memory/.git
.temp/TASK-260720-2jfnz6/pytest-full/test_skill_command_dependency_0/skills/skill-docs/.git
.temp/TASK-260720-2jfnz6/pytest-full/test_skill_command_dependency_1/project/.git
.temp/TASK-260720-2jfnz6/pytest-full/test_skill_command_dependency_1/skills/skill-docs-memory/.git
.temp/TASK-260720-2jfnz6/pytest-full/test_skill_command_dependency_1/skills/skill-docs/.git
.temp/TASK-260720-2jfnz6/pytest-full/test_skill_command_dependency_2/project/.git
.temp/TASK-260720-2jfnz6/pytest-full/test_skill_command_dependency_2/skills/skill-docs-memory/.git
.temp/TASK-260720-2jfnz6/pytest-full/test_skill_command_dependency_2/skills/skill-docs/.git
.temp/TASK-260720-2jfnz6/pytest-full/test_snapshot_cache_gc_removes0/p1/.git
.temp/TASK-260720-2jfnz6/pytest-full/test_snapshot_cache_gc_removes0/skills/skill-tool/.git
.temp/TASK-260720-2jfnz6/pytest-full/test_snapshot_cache_reused_for0/project-one/.git
.temp/TASK-260720-2jfnz6/pytest-full/test_snapshot_cache_reused_for0/project-two/.git
.temp/TASK-260720-2jfnz6/pytest-full/test_snapshot_cache_reused_for0/skills/skill-a/.git
.temp/TASK-260720-2jfnz6/pytest-full/test_status_prints_active_subs0/project/.git
.temp/TASK-260720-2jfnz6/pytest-full/test_status_prints_active_subs0/skills/consumer/.git
.temp/TASK-260720-2jfnz6/pytest-full/test_status_prints_active_subs0/skills/provider/.git
.temp/TASK-260720-2jfnz6/pytest-full/test_status_reports_content_dr0/project/.git
.temp/TASK-260720-2jfnz6/pytest-full/test_status_reports_content_dr0/skills/skill-a/.git
.temp/TASK-260720-2jfnz6/pytest-full/test_status_reports_missing_an0/project/.git
.temp/TASK-260720-2jfnz6/pytest-full/test_status_reports_missing_an0/skills/skill-a/.git
.temp/TASK-260720-2jfnz6/pytest-full/test_stdio_command_missing_fro0/project/.git
.temp/TASK-260720-2jfnz6/pytest-full/test_stdio_command_missing_fro0/skills/skill-sheets/.git
.temp/TASK-260720-2jfnz6/pytest-full/test_strict_audit_refuses_subs0/project/.git
.temp/TASK-260720-2jfnz6/pytest-full/test_strict_audit_refuses_subs0/skills/consumer/.git
.temp/TASK-260720-2jfnz6/pytest-full/test_strict_audit_refuses_subs0/skills/provider/.git
.temp/TASK-260720-2jfnz6/pytest-full/test_strict_policy_fails_unkno0/project/.git
.temp/TASK-260720-2jfnz6/pytest-full/test_strict_policy_fails_unkno0/skills/skill-tracker/.git
.temp/TASK-260720-2jfnz6/pytest-full/test_substitution_manifest_mus0/project/.git
.temp/TASK-260720-2jfnz6/pytest-full/test_substitution_manifest_mus0/skills/consumer/.git
.temp/TASK-260720-2jfnz6/pytest-full/test_substitution_manifest_mus0/skills/provider/.git
.temp/TASK-260720-2jfnz6/pytest-full/test_system_command_missing_fa0/project/.git
.temp/TASK-260720-2jfnz6/pytest-full/test_system_command_missing_fa0/skills/skill-system/.git
.temp/TASK-260720-2jfnz6/pytest-full/test_system_dependencies_do_no0/project/.git
.temp/TASK-260720-2jfnz6/pytest-full/test_system_dependencies_do_no0/skills/skill-one/.git
.temp/TASK-260720-2jfnz6/pytest-full/test_system_dependencies_do_no0/skills/skill-two/.git
.temp/TASK-260720-2jfnz6/pytest-full/test_system_dependency_declare0/project/.git
.temp/TASK-260720-2jfnz6/pytest-full/test_system_dependency_declare0/skills/skill-system/.git
.temp/TASK-260720-2jfnz6/pytest-full/test_transitive_requirement_in0/project/.git
.temp/TASK-260720-2jfnz6/pytest-full/test_transitive_requirement_in0/skills/consumer/.git
.temp/TASK-260720-2jfnz6/pytest-full/test_transitive_requirement_in0/skills/provider/.git
.temp/TASK-260720-2jfnz6/pytest-full/test_transitive_source_is_clon0/elsewhere/provider/.git
.temp/TASK-260720-2jfnz6/pytest-full/test_transitive_source_is_clon0/project/.git
.temp/TASK-260720-2jfnz6/pytest-full/test_transitive_source_is_clon0/skills/consumer/.git
.temp/TASK-260720-2jfnz6/pytest-full/test_transitive_source_is_clon0/skills/provider/.git
.temp/TASK-260720-2jfnz6/pytest-full/test_two_refs_resolving_to_one0/project/.git
.temp/TASK-260720-2jfnz6/pytest-full/test_two_refs_resolving_to_one0/skills/consumer-a/.git
.temp/TASK-260720-2jfnz6/pytest-full/test_two_refs_resolving_to_one0/skills/consumer-b/.git
.temp/TASK-260720-2jfnz6/pytest-full/test_two_refs_resolving_to_one0/skills/provider/.git
.temp/TASK-260720-2jfnz6/pytest-full/test_unknown_agent_names_warn0/project/.git
.temp/TASK-260720-2jfnz6/pytest-full/test_update_fetches_skill_clon0/project/.git
.temp/TASK-260720-2jfnz6/pytest-full/test_update_fetches_skill_clon0/skills/skill-a/.git
.temp/TASK-260720-2jfnz6/pytest-full/test_update_fetches_skill_clon0/source-skill/.git
.temp/TASK-260720-2jfnz6/pytest-full/test_upgrade_fetches_remote_br0/project/.git
.temp/TASK-260720-2jfnz6/pytest-full/test_upgrade_fetches_remote_br0/skills/skill-a/.git
.temp/TASK-260720-2jfnz6/pytest-full/test_upgrade_fetches_remote_br0/source-skill/.git
.temp/TASK-260720-2jfnz6/pytest-full/test_upgrade_fetches_transitiv0/project/.git
.temp/TASK-260720-2jfnz6/pytest-full/test_upgrade_fetches_transitiv0/skills/consumer/.git
.temp/TASK-260720-2jfnz6/pytest-full/test_upgrade_fetches_transitiv0/skills/provider/.git
.temp/TASK-260720-2jfnz6/pytest-full/test_upgrade_fetches_transitiv0/skills/unrelated/.git
.temp/TASK-260720-2jfnz6/pytest-full/test_upgrade_without_alias_upd0/project-one/.git
.temp/TASK-260720-2jfnz6/pytest-full/test_upgrade_without_alias_upd0/project-two/.git
.temp/TASK-260720-2jfnz6/pytest-full/test_upgrade_without_alias_upd0/skills/skill-a/.git
.temp/TASK-260720-2jfnz6/pytest-full/test_upgrade_without_alias_upd0/source-skill/.git
.temp/TASK-260720-2jfnz6/pytest-full/test_user_level_declaration_em0/project/.git
.temp/TASK-260720-2jfnz6/pytest-full/test_user_level_declaration_em0/skills/skill-sheets/.git
.temp/TASK-260720-2jfnz6/worktree/.git
.temp/TASK-260720-2x6mjn/review-baseline/.git
.temp/TASK-260720-2x6mjn/worktree/.git
.temp/TASK-260720-3c0ss2/worktree/.git
.temp/TASK-260720-3pemm6/worktree/.git
.temp/TASK-260720-3pemm6/worktree/.temp/TASK-260720-3pemm6/candidate/.git
.temp/TASK-260720-3pemm6/worktree/.temp/TASK-260720-3pemm6/release-suite/.git
.temp/TASK-260720-3t8nr3/worktree/.git
.temp/TASK-260720-8nxlgx/worktree/.git
.temp/TASK-260720-poa3ze/origin-main-worktree/.git
.temp/TASK-260803-21lw4t/fix-hosted-cleanliness/.git
.temp/TASK-260803-21lw4t/fix-windows-tests/.git
.temp/TASK-260803-21lw4t/integration/.git
.temp/TASK-260803-21lw4t/worktree/.git
.temp/TASK-260803-21lw4t/worktree/.temp/TASK-260803-21lw4t-review/protocol-spec/.git
.temp/TASK-260803-21lw4t/worktree/.temp/TASK-260803-21lw4t/pytest-ordinary/popen-gw0/test_broken_dependency_manifes0/project/.git
.temp/TASK-260803-21lw4t/worktree/.temp/TASK-260803-21lw4t/pytest-ordinary/popen-gw0/test_broken_dependency_manifes0/skills/consumer/.git
.temp/TASK-260803-21lw4t/worktree/.temp/TASK-260803-21lw4t/pytest-ordinary/popen-gw0/test_broken_dependency_manifes0/skills/provider/.git
.temp/TASK-260803-21lw4t/worktree/.temp/TASK-260803-21lw4t/pytest-ordinary/popen-gw0/test_build_failure_preserves_e0/project/.git
.temp/TASK-260803-21lw4t/worktree/.temp/TASK-260803-21lw4t/pytest-ordinary/popen-gw0/test_build_failure_preserves_e0/skills/compiled/.git
.temp/TASK-260803-21lw4t/worktree/.temp/TASK-260803-21lw4t/pytest-ordinary/popen-gw0/test_cli_add_and_remove_edit_p0/project/.git
.temp/TASK-260803-21lw4t/worktree/.temp/TASK-260803-21lw4t/pytest-ordinary/popen-gw0/test_cli_add_rejects_invalid_n0/project/.git
.temp/TASK-260803-21lw4t/worktree/.temp/TASK-260803-21lw4t/pytest-ordinary/popen-gw0/test_cli_add_via_project_alias0/project/.git
.temp/TASK-260803-21lw4t/worktree/.temp/TASK-260803-21lw4t/pytest-ordinary/popen-gw0/test_cli_bare_install_uses_cur0/project/.git
.temp/TASK-260803-21lw4t/worktree/.temp/TASK-260803-21lw4t/pytest-ordinary/popen-gw0/test_cli_bare_install_uses_cur0/skills/skill-a/.git
.temp/TASK-260803-21lw4t/worktree/.temp/TASK-260803-21lw4t/pytest-ordinary/popen-gw0/test_cli_bare_install_without_0/project/.git
.temp/TASK-260803-21lw4t/worktree/.temp/TASK-260803-21lw4t/pytest-ordinary/popen-gw0/test_cli_bare_install_without_0/skills/unused/.git
.temp/TASK-260803-21lw4t/worktree/.temp/TASK-260803-21lw4t/pytest-ordinary/popen-gw0/test_cli_bare_status_uses_curr0/project/.git
.temp/TASK-260803-21lw4t/worktree/.temp/TASK-260803-21lw4t/pytest-ordinary/popen-gw0/test_cli_bare_upgrade_uses_cur0/project/.git
.temp/TASK-260803-21lw4t/worktree/.temp/TASK-260803-21lw4t/pytest-ordinary/popen-gw0/test_cli_bare_upgrade_uses_cur0/skills/skill-a/.git
.temp/TASK-260803-21lw4t/worktree/.temp/TASK-260803-21lw4t/pytest-ordinary/popen-gw0/test_cli_check_and_json_fail_f0/project/.git
.temp/TASK-260803-21lw4t/worktree/.temp/TASK-260803-21lw4t/pytest-ordinary/popen-gw0/test_cli_check_and_json_fail_f0/skills/build-skill/.git
.temp/TASK-260803-21lw4t/worktree/.temp/TASK-260803-21lw4t/pytest-ordinary/popen-gw0/test_cli_fix_gitignore_emits_d0/project/.git
.temp/TASK-260803-21lw4t/worktree/.temp/TASK-260803-21lw4t/pytest-ordinary/popen-gw0/test_cli_fix_gitignore_emits_d0/skills/skill-a/.git
.temp/TASK-260803-21lw4t/worktree/.temp/TASK-260803-21lw4t/pytest-ordinary/popen-gw0/test_cli_init_creates_skillfil0/project/.git
.temp/TASK-260803-21lw4t/worktree/.temp/TASK-260803-21lw4t/pytest-ordinary/popen-gw0/test_cli_init_is_idempotent_an0/project/.git
.temp/TASK-260803-21lw4t/worktree/.temp/TASK-260803-21lw4t/pytest-ordinary/popen-gw0/test_cli_init_non_git_then_git0/plain-project/.git
.temp/TASK-260803-21lw4t/worktree/.temp/TASK-260803-21lw4t/pytest-ordinary/popen-gw0/test_cli_init_non_git_then_git0/skills/unused/.git
.temp/TASK-260803-21lw4t/worktree/.temp/TASK-260803-21lw4t/pytest-ordinary/popen-gw0/test_cli_init_rejects_nested_p0/project/.git
.temp/TASK-260803-21lw4t/worktree/.temp/TASK-260803-21lw4t/pytest-ordinary/popen-gw0/test_cli_install_all_uses_regi0/one/.git
.temp/TASK-260803-21lw4t/worktree/.temp/TASK-260803-21lw4t/pytest-ordinary/popen-gw0/test_cli_install_all_uses_regi0/skills/skill-a/.git
.temp/TASK-260803-21lw4t/worktree/.temp/TASK-260803-21lw4t/pytest-ordinary/popen-gw0/test_cli_install_all_uses_regi0/two/.git
.temp/TASK-260803-21lw4t/worktree/.temp/TASK-260803-21lw4t/pytest-ordinary/popen-gw0/test_cli_install_dot_does_not_0/project/.git
.temp/TASK-260803-21lw4t/worktree/.temp/TASK-260803-21lw4t/pytest-ordinary/popen-gw0/test_cli_install_dot_does_not_0/skills/skill-a/.git
.temp/TASK-260803-21lw4t/worktree/.temp/TASK-260803-21lw4t/pytest-ordinary/popen-gw0/test_cli_install_dot_dry_run_d0/project/.git
.temp/TASK-260803-21lw4t/worktree/.temp/TASK-260803-21lw4t/pytest-ordinary/popen-gw0/test_cli_install_dot_dry_run_d0/skills/skill-a/.git
.temp/TASK-260803-21lw4t/worktree/.temp/TASK-260803-21lw4t/pytest-ordinary/popen-gw0/test_cli_install_dot_uses_curr0/project/.git
.temp/TASK-260803-21lw4t/worktree/.temp/TASK-260803-21lw4t/pytest-ordinary/popen-gw0/test_cli_install_dot_uses_curr0/skills/skill-a/.git
.temp/TASK-260803-21lw4t/worktree/.temp/TASK-260803-21lw4t/pytest-ordinary/popen-gw0/test_cli_install_dry_run_does_0/project/.git
.temp/TASK-260803-21lw4t/worktree/.temp/TASK-260803-21lw4t/pytest-ordinary/popen-gw0/test_cli_install_explicit_targ0/project/.git
.temp/TASK-260803-21lw4t/worktree/.temp/TASK-260803-21lw4t/pytest-ordinary/popen-gw0/test_cli_install_tilde_path_us0/home/project/.git
.temp/TASK-260803-21lw4t/worktree/.temp/TASK-260803-21lw4t/pytest-ordinary/popen-gw0/test_cli_install_tilde_path_us0/skills/skill-a/.git
.temp/TASK-260803-21lw4t/worktree/.temp/TASK-260803-21lw4t/pytest-ordinary/popen-gw0/test_cli_list_paths_shows_alia0/project/.git
.temp/TASK-260803-21lw4t/worktree/.temp/TASK-260803-21lw4t/pytest-ordinary/popen-gw0/test_cli_lock_contention_retur0/project/.git
.temp/TASK-260803-21lw4t/worktree/.temp/TASK-260803-21lw4t/pytest-ordinary/popen-gw0/test_cli_lock_contention_retur0/skills/skill-a/.git
.temp/TASK-260803-21lw4t/worktree/.temp/TASK-260803-21lw4t/pytest-ordinary/popen-gw0/test_cli_project_add_creates_s0/project/.git
.temp/TASK-260803-21lw4t/worktree/.temp/TASK-260803-21lw4t/pytest-ordinary/popen-gw0/test_cli_project_resolve_confi0/project/.git
.temp/TASK-260803-21lw4t/worktree/.temp/TASK-260803-21lw4t/pytest-ordinary/popen-gw0/test_cli_project_resolve_repor0/project/.git
.temp/TASK-260803-21lw4t/worktree/.temp/TASK-260803-21lw4t/pytest-ordinary/popen-gw0/test_cli_status_all_reports_re0/one/.git
.temp/TASK-260803-21lw4t/worktree/.temp/TASK-260803-21lw4t/pytest-ordinary/popen-gw0/test_cli_status_all_reports_re0/two/.git
.temp/TASK-260803-21lw4t/worktree/.temp/TASK-260803-21lw4t/pytest-ordinary/popen-gw0/test_cli_status_check_exit_cod0/project/.git
.temp/TASK-260803-21lw4t/worktree/.temp/TASK-260803-21lw4t/pytest-ordinary/popen-gw0/test_cli_status_check_exit_cod0/skills/skill-a/.git
.temp/TASK-260803-21lw4t/worktree/.temp/TASK-260803-21lw4t/pytest-ordinary/popen-gw0/test_cli_status_dot_uses_curre0/project/.git
.temp/TASK-260803-21lw4t/worktree/.temp/TASK-260803-21lw4t/pytest-ordinary/popen-gw0/test_cli_status_dot_uses_curre0/skills/skill-a/.git
.temp/TASK-260803-21lw4t/worktree/.temp/TASK-260803-21lw4t/pytest-ordinary/popen-gw0/test_cli_status_error_label_in0/project/.git
.temp/TASK-260803-21lw4t/worktree/.temp/TASK-260803-21lw4t/pytest-ordinary/popen-gw0/test_cli_status_json_is_machin0/project/.git
.temp/TASK-260803-21lw4t/worktree/.temp/TASK-260803-21lw4t/pytest-ordinary/popen-gw0/test_cli_status_json_is_machin0/skills/skill-a/.git
.temp/TASK-260803-21lw4t/worktree/.temp/TASK-260803-21lw4t/pytest-ordinary/popen-gw0/test_cli_update_reports_missin0/project/.git
.temp/TASK-260803-21lw4t/worktree/.temp/TASK-260803-21lw4t/pytest-ordinary/popen-gw0/test_cli_update_reports_missin0/skills/skill-a/.git
.temp/TASK-260803-21lw4t/worktree/.temp/TASK-260803-21lw4t/pytest-ordinary/popen-gw0/test_cli_upgrade_dry_run_does_0/project/.git
.temp/TASK-260803-21lw4t/worktree/.temp/TASK-260803-21lw4t/pytest-ordinary/popen-gw0/test_cli_upgrade_fetches_only_0/project/.git
.temp/TASK-260803-21lw4t/worktree/.temp/TASK-260803-21lw4t/pytest-ordinary/popen-gw0/test_cli_upgrade_fetches_only_0/skills/skill-selected/.git
.temp/TASK-260803-21lw4t/worktree/.temp/TASK-260803-21lw4t/pytest-ordinary/popen-gw0/test_cli_upgrade_fetches_only_0/skills/skill-unrelated/.git
.temp/TASK-260803-21lw4t/worktree/.temp/TASK-260803-21lw4t/pytest-ordinary/popen-gw0/test_cloud_command_backend_rec0/project/.git
.temp/TASK-260803-21lw4t/worktree/.temp/TASK-260803-21lw4t/pytest-ordinary/popen-gw0/test_cloud_command_backend_rec0/skills/skill-a/.git
.temp/TASK-260803-21lw4t/worktree/.temp/TASK-260803-21lw4t/pytest-ordinary/popen-gw0/test_codex_backend_constructs_0/project/.git
.temp/TASK-260803-21lw4t/worktree/.temp/TASK-260803-21lw4t/pytest-ordinary/popen-gw0/test_codex_backend_constructs_0/skills/skill-a/.git
.temp/TASK-260803-21lw4t/worktree/.temp/TASK-260803-21lw4t/pytest-ordinary/popen-gw0/test_command_backend_failure_r0/project/.git
.temp/TASK-260803-21lw4t/worktree/.temp/TASK-260803-21lw4t/pytest-ordinary/popen-gw0/test_command_backend_failure_r0/skills/skill-a/.git
.temp/TASK-260803-21lw4t/worktree/.temp/TASK-260803-21lw4t/pytest-ordinary/popen-gw0/test_command_backend_receives_0/project/.git
.temp/TASK-260803-21lw4t/worktree/.temp/TASK-260803-21lw4t/pytest-ordinary/popen-gw0/test_command_backend_receives_0/skills/skill-a/.git
.temp/TASK-260803-21lw4t/worktree/.temp/TASK-260803-21lw4t/pytest-ordinary/popen-gw0/test_command_backend_timeout_w0/project/.git
.temp/TASK-260803-21lw4t/worktree/.temp/TASK-260803-21lw4t/pytest-ordinary/popen-gw0/test_command_backend_timeout_w0/skills/skill-a/.git
.temp/TASK-260803-21lw4t/worktree/.temp/TASK-260803-21lw4t/pytest-ordinary/popen-gw0/test_commit_generation_change_0/project/.git
.temp/TASK-260803-21lw4t/worktree/.temp/TASK-260803-21lw4t/pytest-ordinary/popen-gw0/test_conflicting_commits_for_o0/project/.git
.temp/TASK-260803-21lw4t/worktree/.temp/TASK-260803-21lw4t/pytest-ordinary/popen-gw0/test_conflicting_commits_for_o0/skills/consumer-a/.git
.temp/TASK-260803-21lw4t/worktree/.temp/TASK-260803-21lw4t/pytest-ordinary/popen-gw0/test_conflicting_commits_for_o0/skills/consumer-b/.git
.temp/TASK-260803-21lw4t/worktree/.temp/TASK-260803-21lw4t/pytest-ordinary/popen-gw0/test_conflicting_commits_for_o0/skills/provider/.git
.temp/TASK-260803-21lw4t/worktree/.temp/TASK-260803-21lw4t/pytest-ordinary/popen-gw0/test_conflicting_source_identi0/project/.git
.temp/TASK-260803-21lw4t/worktree/.temp/TASK-260803-21lw4t/pytest-ordinary/popen-gw0/test_conflicting_source_identi0/skills/consumer-a/.git
.temp/TASK-260803-21lw4t/worktree/.temp/TASK-260803-21lw4t/pytest-ordinary/popen-gw0/test_conflicting_source_identi0/skills/consumer-b/.git
.temp/TASK-260803-21lw4t/worktree/.temp/TASK-260803-21lw4t/pytest-ordinary/popen-gw0/test_conflicting_source_identi0/skills/provider/.git
.temp/TASK-260803-21lw4t/worktree/.temp/TASK-260803-21lw4t/pytest-ordinary/popen-gw0/test_context_leak_and_raw_snap0/project/.git
.temp/TASK-260803-21lw4t/worktree/.temp/TASK-260803-21lw4t/pytest-ordinary/popen-gw0/test_context_leak_and_raw_snap0/skills/build-skill/.git
.temp/TASK-260803-21lw4t/worktree/.temp/TASK-260803-21lw4t/pytest-ordinary/popen-gw0/test_corrupt_artifact_is_rebui0/project/.git
.temp/TASK-260803-21lw4t/worktree/.temp/TASK-260803-21lw4t/pytest-ordinary/popen-gw0/test_corrupt_artifact_is_rebui0/skills/build-skill/.git
.temp/TASK-260803-21lw4t/worktree/.temp/TASK-260803-21lw4t/pytest-ordinary/popen-gw0/test_csk_install_prints_the_op0/project/.git
.temp/TASK-260803-21lw4t/worktree/.temp/TASK-260803-21lw4t/pytest-ordinary/popen-gw0/test_csk_install_prints_the_op0/skills/compiled/.git
.temp/TASK-260803-21lw4t/worktree/.temp/TASK-260803-21lw4t/pytest-ordinary/popen-gw0/test_current_toolchain_and_nat0/project/.git
.temp/TASK-260803-21lw4t/worktree/.temp/TASK-260803-21lw4t/pytest-ordinary/popen-gw0/test_current_toolchain_and_nat0/skills/build-skill/.git
.temp/TASK-260803-21lw4t/worktree/.temp/TASK-260803-21lw4t/pytest-ordinary/popen-gw0/test_current_toolchain_and_nat1/project/.git
.temp/TASK-260803-21lw4t/worktree/.temp/TASK-260803-21lw4t/pytest-ordinary/popen-gw0/test_current_toolchain_and_nat1/skills/build-skill/.git
.temp/TASK-260803-21lw4t/worktree/.temp/TASK-260803-21lw4t/pytest-ordinary/popen-gw0/test_dependency_cycle_fails0/project/.git
.temp/TASK-260803-21lw4t/worktree/.temp/TASK-260803-21lw4t/pytest-ordinary/popen-gw0/test_dependency_cycle_fails0/skills/skill-a/.git
.temp/TASK-260803-21lw4t/worktree/.temp/TASK-260803-21lw4t/pytest-ordinary/popen-gw0/test_dependency_cycle_fails0/skills/skill-b/.git
.temp/TASK-260803-21lw4t/worktree/.temp/TASK-260803-21lw4t/pytest-ordinary/popen-gw0/test_direct_and_transitive_dec0/project/.git
.temp/TASK-260803-21lw4t/worktree/.temp/TASK-260803-21lw4t/pytest-ordinary/popen-gw0/test_direct_and_transitive_dec0/skills/consumer/.git
.temp/TASK-260803-21lw4t/worktree/.temp/TASK-260803-21lw4t/pytest-ordinary/popen-gw0/test_direct_and_transitive_dec0/skills/provider/.git
.temp/TASK-260803-21lw4t/worktree/.temp/TASK-260803-21lw4t/pytest-ordinary/popen-gw0/test_disallowed_source_is_neve0/project/.git
.temp/TASK-260803-21lw4t/worktree/.temp/TASK-260803-21lw4t/pytest-ordinary/popen-gw0/test_disallowed_source_is_neve0/skills/consumer/.git
.temp/TASK-260803-21lw4t/worktree/.temp/TASK-260803-21lw4t/pytest-ordinary/popen-gw0/test_full_install_then_upgrade0/project/.git
.temp/TASK-260803-21lw4t/worktree/.temp/TASK-260803-21lw4t/pytest-ordinary/popen-gw0/test_full_install_then_upgrade0/skills/skill-a/.git
.temp/TASK-260803-21lw4t/worktree/.temp/TASK-260803-21lw4t/pytest-ordinary/popen-gw0/test_global_and_hybrid_build_s0/project/.git
.temp/TASK-260803-21lw4t/worktree/.temp/TASK-260803-21lw4t/pytest-ordinary/popen-gw0/test_global_and_hybrid_build_s0/skills/global-build/.git
.temp/TASK-260803-21lw4t/worktree/.temp/TASK-260803-21lw4t/pytest-ordinary/popen-gw0/test_global_and_hybrid_build_s0/skills/hybrid-build/.git
.temp/TASK-260803-21lw4t/worktree/.temp/TASK-260803-21lw4t/pytest-ordinary/popen-gw0/test_hybrid_build_is_committed0/project/.git
.temp/TASK-260803-21lw4t/worktree/.temp/TASK-260803-21lw4t/pytest-ordinary/popen-gw0/test_hybrid_build_is_committed0/skills/hybrid-tool/.git
.temp/TASK-260803-21lw4t/worktree/.temp/TASK-260803-21lw4t/pytest-ordinary/popen-gw0/test_legacy_and_reserved_execu0/project/.git
.temp/TASK-260803-21lw4t/worktree/.temp/TASK-260803-21lw4t/pytest-ordinary/popen-gw0/test_legacy_and_reserved_execu0/skills/build-skill/.git
.temp/TASK-260803-21lw4t/worktree/.temp/TASK-260803-21lw4t/pytest-ordinary/popen-gw0/test_legacy_and_reserved_execu1/project/.git
.temp/TASK-260803-21lw4t/worktree/.temp/TASK-260803-21lw4t/pytest-ordinary/popen-gw0/test_legacy_and_reserved_execu1/skills/build-skill/.git
.temp/TASK-260803-21lw4t/worktree/.temp/TASK-260803-21lw4t/pytest-ordinary/popen-gw0/test_legacy_command_dependency0/project/.git
.temp/TASK-260803-21lw4t/worktree/.temp/TASK-260803-21lw4t/pytest-ordinary/popen-gw0/test_legacy_command_dependency0/skills/consumer/.git
.temp/TASK-260803-21lw4t/worktree/.temp/TASK-260803-21lw4t/pytest-ordinary/popen-gw0/test_legacy_command_dependency0/skills/provider/.git
.temp/TASK-260803-21lw4t/worktree/.temp/TASK-260803-21lw4t/pytest-ordinary/popen-gw0/test_local_sources_pass_the_al0/elsewhere/provider/.git
.temp/TASK-260803-21lw4t/worktree/.temp/TASK-260803-21lw4t/pytest-ordinary/popen-gw0/test_local_sources_pass_the_al0/project/.git
.temp/TASK-260803-21lw4t/worktree/.temp/TASK-260803-21lw4t/pytest-ordinary/popen-gw0/test_local_sources_pass_the_al0/skills/consumer/.git
.temp/TASK-260803-21lw4t/worktree/.temp/TASK-260803-21lw4t/pytest-ordinary/popen-gw0/test_local_sources_pass_the_al0/skills/provider/.git
.temp/TASK-260803-21lw4t/worktree/.temp/TASK-260803-21lw4t/pytest-ordinary/popen-gw0/test_managed_shim_and_capabili0/project/.git
.temp/TASK-260803-21lw4t/worktree/.temp/TASK-260803-21lw4t/pytest-ordinary/popen-gw0/test_managed_shim_and_capabili0/skills/build-skill/.git
.temp/TASK-260803-21lw4t/worktree/.temp/TASK-260803-21lw4t/pytest-ordinary/popen-gw0/test_marker_build_boundary_and0/project/.git
.temp/TASK-260803-21lw4t/worktree/.temp/TASK-260803-21lw4t/pytest-ordinary/popen-gw0/test_marker_build_boundary_and0/skills/build-skill/.git
.temp/TASK-260803-21lw4t/worktree/.temp/TASK-260803-21lw4t/pytest-ordinary/popen-gw0/test_marker_build_boundary_and1/project/.git
.temp/TASK-260803-21lw4t/worktree/.temp/TASK-260803-21lw4t/pytest-ordinary/popen-gw0/test_marker_build_boundary_and1/skills/build-skill/.git
.temp/TASK-260803-21lw4t/worktree/.temp/TASK-260803-21lw4t/pytest-ordinary/popen-gw0/test_marker_receipt_and_artifa0/project/.git
.temp/TASK-260803-21lw4t/worktree/.temp/TASK-260803-21lw4t/pytest-ordinary/popen-gw0/test_marker_receipt_and_artifa0/skills/build-skill/.git
.temp/TASK-260803-21lw4t/worktree/.temp/TASK-260803-21lw4t/pytest-ordinary/popen-gw0/test_marker_receipt_and_artifa1/project/.git
.temp/TASK-260803-21lw4t/worktree/.temp/TASK-260803-21lw4t/pytest-ordinary/popen-gw0/test_marker_receipt_and_artifa1/skills/build-skill/.git
.temp/TASK-260803-21lw4t/worktree/.temp/TASK-260803-21lw4t/pytest-ordinary/popen-gw0/test_marker_receipt_and_artifa2/project/.git
.temp/TASK-260803-21lw4t/worktree/.temp/TASK-260803-21lw4t/pytest-ordinary/popen-gw0/test_marker_receipt_and_artifa2/skills/build-skill/.git
.temp/TASK-260803-21lw4t/worktree/.temp/TASK-260803-21lw4t/pytest-ordinary/popen-gw0/test_marker_v1_remains_current0/project/.git
.temp/TASK-260803-21lw4t/worktree/.temp/TASK-260803-21lw4t/pytest-ordinary/popen-gw0/test_marker_v1_remains_current0/skills/legacy-skill/.git
.temp/TASK-260803-21lw4t/worktree/.temp/TASK-260803-21lw4t/pytest-ordinary/popen-gw0/test_marker_v1_remains_current1/project/.git
.temp/TASK-260803-21lw4t/worktree/.temp/TASK-260803-21lw4t/pytest-ordinary/popen-gw0/test_marker_v1_remains_current1/skills/legacy-skill/.git
.temp/TASK-260803-21lw4t/worktree/.temp/TASK-260803-21lw4t/pytest-ordinary/popen-gw0/test_marker_v1_remains_current2/project/.git
.temp/TASK-260803-21lw4t/worktree/.temp/TASK-260803-21lw4t/pytest-ordinary/popen-gw0/test_marker_v1_remains_current2/skills/legacy-skill/.git
.temp/TASK-260803-21lw4t/worktree/.temp/TASK-260803-21lw4t/pytest-ordinary/popen-gw0/test_marker_v1_remains_current3/project/.git
.temp/TASK-260803-21lw4t/worktree/.temp/TASK-260803-21lw4t/pytest-ordinary/popen-gw0/test_marker_v1_remains_current3/skills/legacy-skill/.git
.temp/TASK-260803-21lw4t/worktree/.temp/TASK-260803-21lw4t/pytest-ordinary/popen-gw0/test_marker_v1_remains_current4/project/.git
.temp/TASK-260803-21lw4t/worktree/.temp/TASK-260803-21lw4t/pytest-ordinary/popen-gw0/test_marker_v1_remains_current4/skills/legacy-skill/.git
.temp/TASK-260803-21lw4t/worktree/.temp/TASK-260803-21lw4t/pytest-ordinary/popen-gw0/test_missing_raw_snapshot_is_n0/project/.git
.temp/TASK-260803-21lw4t/worktree/.temp/TASK-260803-21lw4t/pytest-ordinary/popen-gw0/test_missing_raw_snapshot_is_n0/skills/build-skill/.git
.temp/TASK-260803-21lw4t/worktree/.temp/TASK-260803-21lw4t/pytest-ordinary/popen-gw0/test_missing_untrusted_and_uns0/project/.git
.temp/TASK-260803-21lw4t/worktree/.temp/TASK-260803-21lw4t/pytest-ordinary/popen-gw0/test_missing_untrusted_and_uns0/skills/build-skill/.git
.temp/TASK-260803-21lw4t/worktree/.temp/TASK-260803-21lw4t/pytest-ordinary/popen-gw0/test_native_backend_reports_fr0/project/.git
.temp/TASK-260803-21lw4t/worktree/.temp/TASK-260803-21lw4t/pytest-ordinary/popen-gw0/test_native_backend_reports_fr0/skills/build-skill/.git
.temp/TASK-260803-21lw4t/worktree/.temp/TASK-260803-21lw4t/pytest-ordinary/popen-gw0/test_noncanonical_protected_re0/project/.git
.temp/TASK-260803-21lw4t/worktree/.temp/TASK-260803-21lw4t/pytest-ordinary/popen-gw0/test_noncanonical_protected_re0/skills/build-skill/.git
.temp/TASK-260803-21lw4t/worktree/.temp/TASK-260803-21lw4t/pytest-ordinary/popen-gw0/test_oversize_request_skips_ba0/project/.git
.temp/TASK-260803-21lw4t/worktree/.temp/TASK-260803-21lw4t/pytest-ordinary/popen-gw0/test_oversize_request_skips_ba0/skills/skill-a/.git
.temp/TASK-260803-21lw4t/worktree/.temp/TASK-260803-21lw4t/pytest-ordinary/popen-gw0/test_project_boundary_reports_0/project/.git
.temp/TASK-260803-21lw4t/worktree/.temp/TASK-260803-21lw4t/pytest-ordinary/popen-gw0/test_project_boundary_reports_0/skills/compiled/.git
.temp/TASK-260803-21lw4t/worktree/.temp/TASK-260803-21lw4t/pytest-ordinary/popen-gw0/test_project_build_status_reva0/project/.git
.temp/TASK-260803-21lw4t/worktree/.temp/TASK-260803-21lw4t/pytest-ordinary/popen-gw0/test_project_build_status_reva0/skills/build-skill/.git
.temp/TASK-260803-21lw4t/worktree/.temp/TASK-260803-21lw4t/pytest-ordinary/popen-gw0/test_publication_failure_leave0/project/.git
.temp/TASK-260803-21lw4t/worktree/.temp/TASK-260803-21lw4t/pytest-ordinary/popen-gw0/test_publication_failure_leave0/skills/compiled/.git
.temp/TASK-260803-21lw4t/worktree/.temp/TASK-260803-21lw4t/pytest-ordinary/popen-gw0/test_real_builds_run_provider_0/project/.git
.temp/TASK-260803-21lw4t/worktree/.temp/TASK-260803-21lw4t/pytest-ordinary/popen-gw0/test_real_builds_run_provider_0/skills/consumer/.git
.temp/TASK-260803-21lw4t/worktree/.temp/TASK-260803-21lw4t/pytest-ordinary/popen-gw0/test_real_builds_run_provider_0/skills/provider/.git
.temp/TASK-260803-21lw4t/worktree/.temp/TASK-260803-21lw4t/pytest-ordinary/popen-gw0/test_requirement_command_missi0/project/.git
.temp/TASK-260803-21lw4t/worktree/.temp/TASK-260803-21lw4t/pytest-ordinary/popen-gw0/test_requirement_command_missi0/skills/consumer/.git
.temp/TASK-260803-21lw4t/worktree/.temp/TASK-260803-21lw4t/pytest-ordinary/popen-gw0/test_requirement_command_missi0/skills/provider/.git
.temp/TASK-260803-21lw4t/worktree/.temp/TASK-260803-21lw4t/pytest-ordinary/popen-gw0/test_runtime_build_root_exposu0/project/.git
.temp/TASK-260803-21lw4t/worktree/.temp/TASK-260803-21lw4t/pytest-ordinary/popen-gw0/test_runtime_build_root_exposu0/skills/build-skill/.git
.temp/TASK-260803-21lw4t/worktree/.temp/TASK-260803-21lw4t/pytest-ordinary/popen-gw0/test_second_project_consumer_f0/project-one/.git
.temp/TASK-260803-21lw4t/worktree/.temp/TASK-260803-21lw4t/pytest-ordinary/popen-gw0/test_second_project_consumer_f0/project-two/.git
.temp/TASK-260803-21lw4t/worktree/.temp/TASK-260803-21lw4t/pytest-ordinary/popen-gw0/test_second_project_consumer_f0/skills/context-skill/.git
.temp/TASK-260803-21lw4t/worktree/.temp/TASK-260803-21lw4t/pytest-ordinary/popen-gw0/test_transitive_requirement_in0/project/.git
.temp/TASK-260803-21lw4t/worktree/.temp/TASK-260803-21lw4t/pytest-ordinary/popen-gw0/test_transitive_requirement_in0/skills/consumer/.git
.temp/TASK-260803-21lw4t/worktree/.temp/TASK-260803-21lw4t/pytest-ordinary/popen-gw0/test_transitive_requirement_in0/skills/provider/.git
.temp/TASK-260803-21lw4t/worktree/.temp/TASK-260803-21lw4t/pytest-ordinary/popen-gw0/test_transitive_source_is_clon0/elsewhere/provider/.git
.temp/TASK-260803-21lw4t/worktree/.temp/TASK-260803-21lw4t/pytest-ordinary/popen-gw0/test_transitive_source_is_clon0/project/.git
.temp/TASK-260803-21lw4t/worktree/.temp/TASK-260803-21lw4t/pytest-ordinary/popen-gw0/test_transitive_source_is_clon0/skills/consumer/.git
.temp/TASK-260803-21lw4t/worktree/.temp/TASK-260803-21lw4t/pytest-ordinary/popen-gw0/test_transitive_source_is_clon0/skills/provider/.git
.temp/TASK-260803-21lw4t/worktree/.temp/TASK-260803-21lw4t/pytest-ordinary/popen-gw0/test_two_projects_share_verifi0/project-one/.git
.temp/TASK-260803-21lw4t/worktree/.temp/TASK-260803-21lw4t/pytest-ordinary/popen-gw0/test_two_projects_share_verifi0/project-two/.git
.temp/TASK-260803-21lw4t/worktree/.temp/TASK-260803-21lw4t/pytest-ordinary/popen-gw0/test_two_projects_share_verifi0/skills/compiled/.git
.temp/TASK-260803-21lw4t/worktree/.temp/TASK-260803-21lw4t/pytest-ordinary/popen-gw0/test_two_refs_resolving_to_one0/project/.git
.temp/TASK-260803-21lw4t/worktree/.temp/TASK-260803-21lw4t/pytest-ordinary/popen-gw0/test_two_refs_resolving_to_one0/skills/consumer-a/.git
.temp/TASK-260803-21lw4t/worktree/.temp/TASK-260803-21lw4t/pytest-ordinary/popen-gw0/test_two_refs_resolving_to_one0/skills/consumer-b/.git
.temp/TASK-260803-21lw4t/worktree/.temp/TASK-260803-21lw4t/pytest-ordinary/popen-gw0/test_two_refs_resolving_to_one0/skills/provider/.git
.temp/TASK-260803-21lw4t/worktree/.temp/TASK-260803-21lw4t/pytest-ordinary/popen-gw0/test_unknown_agent_names_warn0/project/.git
.temp/TASK-260803-21lw4t/worktree/.temp/TASK-260803-21lw4t/pytest-ordinary/popen-gw0/test_update_fetches_skill_clon0/project/.git
.temp/TASK-260803-21lw4t/worktree/.temp/TASK-260803-21lw4t/pytest-ordinary/popen-gw0/test_update_fetches_skill_clon0/skills/skill-a/.git
.temp/TASK-260803-21lw4t/worktree/.temp/TASK-260803-21lw4t/pytest-ordinary/popen-gw0/test_update_fetches_skill_clon0/source-skill/.git
.temp/TASK-260803-21lw4t/worktree/.temp/TASK-260803-21lw4t/pytest-ordinary/popen-gw0/test_upgrade_fetches_remote_br0/project/.git
.temp/TASK-260803-21lw4t/worktree/.temp/TASK-260803-21lw4t/pytest-ordinary/popen-gw0/test_upgrade_fetches_remote_br0/skills/skill-a/.git
.temp/TASK-260803-21lw4t/worktree/.temp/TASK-260803-21lw4t/pytest-ordinary/popen-gw0/test_upgrade_fetches_remote_br0/source-skill/.git
.temp/TASK-260803-21lw4t/worktree/.temp/TASK-260803-21lw4t/pytest-ordinary/popen-gw0/test_upgrade_fetches_transitiv0/project/.git
.temp/TASK-260803-21lw4t/worktree/.temp/TASK-260803-21lw4t/pytest-ordinary/popen-gw0/test_upgrade_fetches_transitiv0/skills/consumer/.git
.temp/TASK-260803-21lw4t/worktree/.temp/TASK-260803-21lw4t/pytest-ordinary/popen-gw0/test_upgrade_fetches_transitiv0/skills/provider/.git
.temp/TASK-260803-21lw4t/worktree/.temp/TASK-260803-21lw4t/pytest-ordinary/popen-gw0/test_upgrade_fetches_transitiv0/skills/unrelated/.git
.temp/TASK-260803-21lw4t/worktree/.temp/TASK-260803-21lw4t/pytest-ordinary/popen-gw0/test_upgrade_without_alias_upd0/project-one/.git
.temp/TASK-260803-21lw4t/worktree/.temp/TASK-260803-21lw4t/pytest-ordinary/popen-gw0/test_upgrade_without_alias_upd0/project-two/.git
.temp/TASK-260803-21lw4t/worktree/.temp/TASK-260803-21lw4t/pytest-ordinary/popen-gw0/test_upgrade_without_alias_upd0/skills/skill-a/.git
.temp/TASK-260803-21lw4t/worktree/.temp/TASK-260803-21lw4t/pytest-ordinary/popen-gw0/test_upgrade_without_alias_upd0/source-skill/.git
.temp/TASK-260803-21lw4t/worktree/.temp/TASK-260803-21lw4t/pytest-ordinary/popen-gw1/test_active_command_collision_0/project/.git
.temp/TASK-260803-21lw4t/worktree/.temp/TASK-260803-21lw4t/pytest-ordinary/popen-gw1/test_active_command_collision_0/skills/consumer/.git
.temp/TASK-260803-21lw4t/worktree/.temp/TASK-260803-21lw4t/pytest-ordinary/popen-gw1/test_active_command_collision_0/skills/provider-one/.git
.temp/TASK-260803-21lw4t/worktree/.temp/TASK-260803-21lw4t/pytest-ordinary/popen-gw1/test_active_command_collision_0/skills/provider-two/.git
.temp/TASK-260803-21lw4t/worktree/.temp/TASK-260803-21lw4t/pytest-ordinary/popen-gw1/test_agents_change_updates_mar0/project/.git
.temp/TASK-260803-21lw4t/worktree/.temp/TASK-260803-21lw4t/pytest-ordinary/popen-gw1/test_agents_change_updates_mar0/skills/skill-a/.git
.temp/TASK-260803-21lw4t/worktree/.temp/TASK-260803-21lw4t/pytest-ordinary/popen-gw1/test_audit_advisory_warns_but_0/project/.git
.temp/TASK-260803-21lw4t/worktree/.temp/TASK-260803-21lw4t/pytest-ordinary/popen-gw1/test_audit_advisory_warns_but_0/skills/skill-a/.git
.temp/TASK-260803-21lw4t/worktree/.temp/TASK-260803-21lw4t/pytest-ordinary/popen-gw1/test_audit_backend_failure_blo0/project/.git
.temp/TASK-260803-21lw4t/worktree/.temp/TASK-260803-21lw4t/pytest-ordinary/popen-gw1/test_audit_backend_failure_blo0/skills/skill-a/.git
.temp/TASK-260803-21lw4t/worktree/.temp/TASK-260803-21lw4t/pytest-ordinary/popen-gw1/test_audit_backend_failure_war0/project/.git
.temp/TASK-260803-21lw4t/worktree/.temp/TASK-260803-21lw4t/pytest-ordinary/popen-gw1/test_audit_backend_failure_war0/skills/skill-a/.git
.temp/TASK-260803-21lw4t/worktree/.temp/TASK-260803-21lw4t/pytest-ordinary/popen-gw1/test_audit_canary_failure_bloc0/project/.git
.temp/TASK-260803-21lw4t/worktree/.temp/TASK-260803-21lw4t/pytest-ordinary/popen-gw1/test_audit_canary_failure_bloc0/skills/skill-a/.git
.temp/TASK-260803-21lw4t/worktree/.temp/TASK-260803-21lw4t/pytest-ordinary/popen-gw1/test_audit_dry_run_does_not_wr0/project/.git
.temp/TASK-260803-21lw4t/worktree/.temp/TASK-260803-21lw4t/pytest-ordinary/popen-gw1/test_audit_dry_run_does_not_wr0/skills/skill-a/.git
.temp/TASK-260803-21lw4t/worktree/.temp/TASK-260803-21lw4t/pytest-ordinary/popen-gw1/test_audit_revocation_blocks_i0/project/.git
.temp/TASK-260803-21lw4t/worktree/.temp/TASK-260803-21lw4t/pytest-ordinary/popen-gw1/test_audit_revocation_blocks_i0/skills/skill-a/.git
.temp/TASK-260803-21lw4t/worktree/.temp/TASK-260803-21lw4t/pytest-ordinary/popen-gw1/test_audit_strict_blocks_befor0/project/.git
.temp/TASK-260803-21lw4t/worktree/.temp/TASK-260803-21lw4t/pytest-ordinary/popen-gw1/test_audit_strict_blocks_befor0/skills/skill-a/.git
.temp/TASK-260803-21lw4t/worktree/.temp/TASK-260803-21lw4t/pytest-ordinary/popen-gw1/test_audit_strict_requires_pin0/project/.git
.temp/TASK-260803-21lw4t/worktree/.temp/TASK-260803-21lw4t/pytest-ordinary/popen-gw1/test_audit_strict_requires_pin0/skills/skill-a/.git
.temp/TASK-260803-21lw4t/worktree/.temp/TASK-260803-21lw4t/pytest-ordinary/popen-gw1/test_build_planning_runs_only_0/project/.git
.temp/TASK-260803-21lw4t/worktree/.temp/TASK-260803-21lw4t/pytest-ordinary/popen-gw1/test_build_planning_runs_only_0/skills/skill-build/.git
.temp/TASK-260803-21lw4t/worktree/.temp/TASK-260803-21lw4t/pytest-ordinary/popen-gw1/test_cleanup_removes_undeclare0/project/.git
.temp/TASK-260803-21lw4t/worktree/.temp/TASK-260803-21lw4t/pytest-ordinary/popen-gw1/test_cleanup_removes_undeclare0/skills/skill-tool/.git
.temp/TASK-260803-21lw4t/worktree/.temp/TASK-260803-21lw4t/pytest-ordinary/popen-gw1/test_command_collision_fails0/project/.git
.temp/TASK-260803-21lw4t/worktree/.temp/TASK-260803-21lw4t/pytest-ordinary/popen-gw1/test_command_collision_fails0/skills/skill-one/.git
.temp/TASK-260803-21lw4t/worktree/.temp/TASK-260803-21lw4t/pytest-ordinary/popen-gw1/test_command_collision_fails0/skills/skill-two/.git
.temp/TASK-260803-21lw4t/worktree/.temp/TASK-260803-21lw4t/pytest-ordinary/popen-gw1/test_compiled_dry_run_preserve0/project/.git
.temp/TASK-260803-21lw4t/worktree/.temp/TASK-260803-21lw4t/pytest-ordinary/popen-gw1/test_compiled_dry_run_preserve0/skills/skill-build/.git
.temp/TASK-260803-21lw4t/worktree/.temp/TASK-260803-21lw4t/pytest-ordinary/popen-gw1/test_context_requirement_insta0/project/.git
.temp/TASK-260803-21lw4t/worktree/.temp/TASK-260803-21lw4t/pytest-ordinary/popen-gw1/test_context_requirement_insta0/skills/consumer/.git
.temp/TASK-260803-21lw4t/worktree/.temp/TASK-260803-21lw4t/pytest-ordinary/popen-gw1/test_context_requirement_insta0/skills/provider/.git
.temp/TASK-260803-21lw4t/worktree/.temp/TASK-260803-21lw4t/pytest-ordinary/popen-gw1/test_dry_run_clones_git_url_on0/project/.git
.temp/TASK-260803-21lw4t/worktree/.temp/TASK-260803-21lw4t/pytest-ordinary/popen-gw1/test_dry_run_clones_git_url_on0/remotes/skill-a/.git
.temp/TASK-260803-21lw4t/worktree/.temp/TASK-260803-21lw4t/pytest-ordinary/popen-gw1/test_dry_run_does_not_modify_p0/project/.git
.temp/TASK-260803-21lw4t/worktree/.temp/TASK-260803-21lw4t/pytest-ordinary/popen-gw1/test_dry_run_does_not_modify_p0/skills/skill-a/.git
.temp/TASK-260803-21lw4t/worktree/.temp/TASK-260803-21lw4t/pytest-ordinary/popen-gw1/test_effective_surface_is_the_0/project/.git
.temp/TASK-260803-21lw4t/worktree/.temp/TASK-260803-21lw4t/pytest-ordinary/popen-gw1/test_effective_surface_is_the_0/skills/consumer-a/.git
.temp/TASK-260803-21lw4t/worktree/.temp/TASK-260803-21lw4t/pytest-ordinary/popen-gw1/test_effective_surface_is_the_0/skills/consumer-b/.git
.temp/TASK-260803-21lw4t/worktree/.temp/TASK-260803-21lw4t/pytest-ordinary/popen-gw1/test_effective_surface_is_the_0/skills/provider/.git
.temp/TASK-260803-21lw4t/worktree/.temp/TASK-260803-21lw4t/pytest-ordinary/popen-gw1/test_failed_update_preserves_p0/project/.git
.temp/TASK-260803-21lw4t/worktree/.temp/TASK-260803-21lw4t/pytest-ordinary/popen-gw1/test_failed_update_preserves_p0/skills/skill-a/.git
.temp/TASK-260803-21lw4t/worktree/.temp/TASK-260803-21lw4t/pytest-ordinary/popen-gw1/test_full_requirement_is_the_d0/project/.git
.temp/TASK-260803-21lw4t/worktree/.temp/TASK-260803-21lw4t/pytest-ordinary/popen-gw1/test_full_requirement_is_the_d0/skills/consumer/.git
.temp/TASK-260803-21lw4t/worktree/.temp/TASK-260803-21lw4t/pytest-ordinary/popen-gw1/test_full_requirement_is_the_d0/skills/provider/.git
.temp/TASK-260803-21lw4t/worktree/.temp/TASK-260803-21lw4t/pytest-ordinary/popen-gw1/test_gitignore_fix_allows_inst0/project/.git
.temp/TASK-260803-21lw4t/worktree/.temp/TASK-260803-21lw4t/pytest-ordinary/popen-gw1/test_gitignore_fix_allows_inst0/skills/skill-a/.git
.temp/TASK-260803-21lw4t/worktree/.temp/TASK-260803-21lw4t/pytest-ordinary/popen-gw1/test_gitignore_gate_skips_proj0/project/.git
.temp/TASK-260803-21lw4t/worktree/.temp/TASK-260803-21lw4t/pytest-ordinary/popen-gw1/test_gitignore_gate_skips_proj0/skills/skill-a/.git
.temp/TASK-260803-21lw4t/worktree/.temp/TASK-260803-21lw4t/pytest-ordinary/popen-gw1/test_gitmodules_rejected0/project/.git
.temp/TASK-260803-21lw4t/worktree/.temp/TASK-260803-21lw4t/pytest-ordinary/popen-gw1/test_gitmodules_rejected0/skills/skill-a/.git
.temp/TASK-260803-21lw4t/worktree/.temp/TASK-260803-21lw4t/pytest-ordinary/popen-gw1/test_global_install_only_accep0/project/.git
.temp/TASK-260803-21lw4t/worktree/.temp/TASK-260803-21lw4t/pytest-ordinary/popen-gw1/test_global_install_only_accep0/skills/skill-a/.git
.temp/TASK-260803-21lw4t/worktree/.temp/TASK-260803-21lw4t/pytest-ordinary/popen-gw1/test_global_install_only_accep0/skills/skill-b/.git
.temp/TASK-260803-21lw4t/worktree/.temp/TASK-260803-21lw4t/pytest-ordinary/popen-gw1/test_global_install_only_accep0/skills/skill-c/.git
.temp/TASK-260803-21lw4t/worktree/.temp/TASK-260803-21lw4t/pytest-ordinary/popen-gw1/test_global_install_only_insta0/project/.git
.temp/TASK-260803-21lw4t/worktree/.temp/TASK-260803-21lw4t/pytest-ordinary/popen-gw1/test_global_install_only_insta0/skills/skill-consumer/.git
.temp/TASK-260803-21lw4t/worktree/.temp/TASK-260803-21lw4t/pytest-ordinary/popen-gw1/test_global_install_only_insta0/skills/skill-provider/.git
.temp/TASK-260803-21lw4t/worktree/.temp/TASK-260803-21lw4t/pytest-ordinary/popen-gw1/test_global_install_only_insta0/skills/skill-unrelated/.git
.temp/TASK-260803-21lw4t/worktree/.temp/TASK-260803-21lw4t/pytest-ordinary/popen-gw1/test_global_install_only_never0/project/.git
.temp/TASK-260803-21lw4t/worktree/.temp/TASK-260803-21lw4t/pytest-ordinary/popen-gw1/test_global_install_only_never0/skills/skill-wanted/.git
.temp/TASK-260803-21lw4t/worktree/.temp/TASK-260803-21lw4t/pytest-ordinary/popen-gw1/test_global_install_only_prese0/project/.git
.temp/TASK-260803-21lw4t/worktree/.temp/TASK-260803-21lw4t/pytest-ordinary/popen-gw1/test_global_install_only_prese0/skills/skill-kept/.git
.temp/TASK-260803-21lw4t/worktree/.temp/TASK-260803-21lw4t/pytest-ordinary/popen-gw1/test_global_install_only_prese0/skills/skill-target/.git
.temp/TASK-260803-21lw4t/worktree/.temp/TASK-260803-21lw4t/pytest-ordinary/popen-gw1/test_global_install_only_rejec0/project/.git
.temp/TASK-260803-21lw4t/worktree/.temp/TASK-260803-21lw4t/pytest-ordinary/popen-gw1/test_global_install_only_rejec0/skills/skill-kept/.git
.temp/TASK-260803-21lw4t/worktree/.temp/TASK-260803-21lw4t/pytest-ordinary/popen-gw1/test_global_install_only_rejec0/skills/skill-target/.git
.temp/TASK-260803-21lw4t/worktree/.temp/TASK-260803-21lw4t/pytest-ordinary/popen-gw1/test_global_install_only_rejec1/project/.git
.temp/TASK-260803-21lw4t/worktree/.temp/TASK-260803-21lw4t/pytest-ordinary/popen-gw1/test_global_install_only_rejec1/skills/skill-a/.git
.temp/TASK-260803-21lw4t/worktree/.temp/TASK-260803-21lw4t/pytest-ordinary/popen-gw1/test_global_install_only_warns0/project/.git
.temp/TASK-260803-21lw4t/worktree/.temp/TASK-260803-21lw4t/pytest-ordinary/popen-gw1/test_global_install_only_warns0/skills/skill-consumer/.git
.temp/TASK-260803-21lw4t/worktree/.temp/TASK-260803-21lw4t/pytest-ordinary/popen-gw1/test_global_install_only_warns0/skills/skill-provider/.git
.temp/TASK-260803-21lw4t/worktree/.temp/TASK-260803-21lw4t/pytest-ordinary/popen-gw1/test_global_install_without_on0/project/.git
.temp/TASK-260803-21lw4t/worktree/.temp/TASK-260803-21lw4t/pytest-ordinary/popen-gw1/test_global_install_without_on0/skills/skill-a/.git
.temp/TASK-260803-21lw4t/worktree/.temp/TASK-260803-21lw4t/pytest-ordinary/popen-gw1/test_global_install_without_on1/project/.git
.temp/TASK-260803-21lw4t/worktree/.temp/TASK-260803-21lw4t/pytest-ordinary/popen-gw1/test_global_install_without_on1/skills/skill-a/.git
.temp/TASK-260803-21lw4t/worktree/.temp/TASK-260803-21lw4t/pytest-ordinary/popen-gw1/test_global_install_without_on1/skills/skill-b/.git
.temp/TASK-260803-21lw4t/worktree/.temp/TASK-260803-21lw4t/pytest-ordinary/popen-gw1/test_global_update_only_fetche0/project/.git
.temp/TASK-260803-21lw4t/worktree/.temp/TASK-260803-21lw4t/pytest-ordinary/popen-gw1/test_global_update_only_fetche0/skills/skill-a/.git
.temp/TASK-260803-21lw4t/worktree/.temp/TASK-260803-21lw4t/pytest-ordinary/popen-gw1/test_global_update_only_fetche0/skills/skill-b/.git
.temp/TASK-260803-21lw4t/worktree/.temp/TASK-260803-21lw4t/pytest-ordinary/popen-gw1/test_global_upgrade_only_fetch0/project/.git
.temp/TASK-260803-21lw4t/worktree/.temp/TASK-260803-21lw4t/pytest-ordinary/popen-gw1/test_global_upgrade_only_fetch0/skills/skill-a/.git
.temp/TASK-260803-21lw4t/worktree/.temp/TASK-260803-21lw4t/pytest-ordinary/popen-gw1/test_global_upgrade_only_fetch0/skills/skill-b/.git
.temp/TASK-260803-21lw4t/worktree/.temp/TASK-260803-21lw4t/pytest-ordinary/popen-gw1/test_global_upgrade_only_fetch0/skills/skill-c/.git
.temp/TASK-260803-21lw4t/worktree/.temp/TASK-260803-21lw4t/pytest-ordinary/popen-gw1/test_global_upgrade_without_on0/project/.git
.temp/TASK-260803-21lw4t/worktree/.temp/TASK-260803-21lw4t/pytest-ordinary/popen-gw1/test_global_upgrade_without_on0/skills/skill-a/.git
.temp/TASK-260803-21lw4t/worktree/.temp/TASK-260803-21lw4t/pytest-ordinary/popen-gw1/test_global_upgrade_without_on0/skills/skill-b/.git
.temp/TASK-260803-21lw4t/worktree/.temp/TASK-260803-21lw4t/pytest-ordinary/popen-gw1/test_inactive_exports_never_co0/project/.git
.temp/TASK-260803-21lw4t/worktree/.temp/TASK-260803-21lw4t/pytest-ordinary/popen-gw1/test_inactive_exports_never_co0/skills/consumer/.git
.temp/TASK-260803-21lw4t/worktree/.temp/TASK-260803-21lw4t/pytest-ordinary/popen-gw1/test_inactive_exports_never_co0/skills/provider-one/.git
.temp/TASK-260803-21lw4t/worktree/.temp/TASK-260803-21lw4t/pytest-ordinary/popen-gw1/test_inactive_exports_never_co0/skills/provider-two/.git
.temp/TASK-260803-21lw4t/worktree/.temp/TASK-260803-21lw4t/pytest-ordinary/popen-gw1/test_install_clone_failure_pro0/project/.git
.temp/TASK-260803-21lw4t/worktree/.temp/TASK-260803-21lw4t/pytest-ordinary/popen-gw1/test_install_clones_missing_sk0/project/.git
.temp/TASK-260803-21lw4t/worktree/.temp/TASK-260803-21lw4t/pytest-ordinary/popen-gw1/test_install_clones_missing_sk0/remotes/skill-a/.git
.temp/TASK-260803-21lw4t/worktree/.temp/TASK-260803-21lw4t/pytest-ordinary/popen-gw1/test_install_clones_missing_sk0/skills/skill-a/.git
.temp/TASK-260803-21lw4t/worktree/.temp/TASK-260803-21lw4t/pytest-ordinary/popen-gw1/test_install_declared_script_t0/project/.git
.temp/TASK-260803-21lw4t/worktree/.temp/TASK-260803-21lw4t/pytest-ordinary/popen-gw1/test_install_declared_script_t0/skills/skill-tool/.git
.temp/TASK-260803-21lw4t/worktree/.temp/TASK-260803-21lw4t/pytest-ordinary/popen-gw1/test_install_is_idempotent_for0/project/.git
.temp/TASK-260803-21lw4t/worktree/.temp/TASK-260803-21lw4t/pytest-ordinary/popen-gw1/test_install_is_idempotent_for0/skills/skill-a/.git
.temp/TASK-260803-21lw4t/worktree/.temp/TASK-260803-21lw4t/pytest-ordinary/popen-gw1/test_install_uses_existing_loc0/project/.git
.temp/TASK-260803-21lw4t/worktree/.temp/TASK-260803-21lw4t/pytest-ordinary/popen-gw1/test_install_uses_existing_loc0/skills/skill-a/.git
.temp/TASK-260803-21lw4t/worktree/.temp/TASK-260803-21lw4t/pytest-ordinary/popen-gw1/test_install_writes_marker_sch0/project/.git
.temp/TASK-260803-21lw4t/worktree/.temp/TASK-260803-21lw4t/pytest-ordinary/popen-gw1/test_install_writes_marker_sch0/skills/skill-docs/.git
.temp/TASK-260803-21lw4t/worktree/.temp/TASK-260803-21lw4t/pytest-ordinary/popen-gw1/test_local_path_exists_but_not0/project/.git
.temp/TASK-260803-21lw4t/worktree/.temp/TASK-260803-21lw4t/pytest-ordinary/popen-gw1/test_locale_fallback_warning_s0/project/.git
.temp/TASK-260803-21lw4t/worktree/.temp/TASK-260803-21lw4t/pytest-ordinary/popen-gw1/test_locale_fallback_warning_s0/skills/skill-a/.git
.temp/TASK-260803-21lw4t/worktree/.temp/TASK-260803-21lw4t/pytest-ordinary/popen-gw1/test_marker_schema_mismatch_is0/project/.git
.temp/TASK-260803-21lw4t/worktree/.temp/TASK-260803-21lw4t/pytest-ordinary/popen-gw1/test_marker_schema_mismatch_is0/skills/skill-a/.git
.temp/TASK-260803-21lw4t/worktree/.temp/TASK-260803-21lw4t/pytest-ordinary/popen-gw1/test_materialization_staging_i0/project/.git
.temp/TASK-260803-21lw4t/worktree/.temp/TASK-260803-21lw4t/pytest-ordinary/popen-gw1/test_materialization_staging_i0/skills/skill-a/.git
.temp/TASK-260803-21lw4t/worktree/.temp/TASK-260803-21lw4t/pytest-ordinary/popen-gw1/test_missing_skill_command_dep0/project/.git
.temp/TASK-260803-21lw4t/worktree/.temp/TASK-260803-21lw4t/pytest-ordinary/popen-gw1/test_missing_skill_command_dep0/skills/skill-docs-memory/.git
.temp/TASK-260803-21lw4t/worktree/.temp/TASK-260803-21lw4t/pytest-ordinary/popen-gw1/test_missing_skill_md_error_ma0/project/.git
.temp/TASK-260803-21lw4t/worktree/.temp/TASK-260803-21lw4t/pytest-ordinary/popen-gw1/test_missing_skill_md_error_ma0/skills/skill-a/.git
.temp/TASK-260803-21lw4t/worktree/.temp/TASK-260803-21lw4t/pytest-ordinary/popen-gw1/test_missing_skill_without_git0/project/.git
.temp/TASK-260803-21lw4t/worktree/.temp/TASK-260803-21lw4t/pytest-ordinary/popen-gw1/test_missing_skillfile_warns_a0/project/.git
.temp/TASK-260803-21lw4t/worktree/.temp/TASK-260803-21lw4t/pytest-ordinary/popen-gw1/test_missing_system_command_bl0/project/.git
.temp/TASK-260803-21lw4t/worktree/.temp/TASK-260803-21lw4t/pytest-ordinary/popen-gw1/test_missing_system_command_bl0/skills/skill-system/.git
.temp/TASK-260803-21lw4t/worktree/.temp/TASK-260803-21lw4t/pytest-ordinary/popen-gw1/test_moved_tag_warns_by_defaul0/project/.git
.temp/TASK-260803-21lw4t/worktree/.temp/TASK-260803-21lw4t/pytest-ordinary/popen-gw1/test_moved_tag_warns_by_defaul0/skills/skill-a/.git
.temp/TASK-260803-21lw4t/worktree/.temp/TASK-260803-21lw4t/pytest-ordinary/popen-gw1/test_post_commit_gc_lock_conte0/project/.git
.temp/TASK-260803-21lw4t/worktree/.temp/TASK-260803-21lw4t/pytest-ordinary/popen-gw1/test_post_commit_gc_lock_conte0/skills/skill-a/.git
.temp/TASK-260803-21lw4t/worktree/.temp/TASK-260803-21lw4t/pytest-ordinary/popen-gw1/test_post_commit_gc_runs_only_0/project/.git
.temp/TASK-260803-21lw4t/worktree/.temp/TASK-260803-21lw4t/pytest-ordinary/popen-gw1/test_post_commit_gc_runs_only_0/skills/skill-a/.git
.temp/TASK-260803-21lw4t/worktree/.temp/TASK-260803-21lw4t/pytest-ordinary/popen-gw1/test_project_dry_run_missing_g0/project/.git
.temp/TASK-260803-21lw4t/worktree/.temp/TASK-260803-21lw4t/pytest-ordinary/popen-gw1/test_project_dry_run_missing_g0/skills/skill-build/.git
.temp/TASK-260803-21lw4t/worktree/.temp/TASK-260803-21lw4t/pytest-ordinary/popen-gw1/test_project_dry_run_missing_g0/skills/skill-plain/.git
.temp/TASK-260803-21lw4t/worktree/.temp/TASK-260803-21lw4t/pytest-ordinary/popen-gw1/test_project_dry_run_reports_r0/project/.git
.temp/TASK-260803-21lw4t/worktree/.temp/TASK-260803-21lw4t/pytest-ordinary/popen-gw1/test_project_dry_run_retries_t0/project/.git
.temp/TASK-260803-21lw4t/worktree/.temp/TASK-260803-21lw4t/pytest-ordinary/popen-gw1/test_real_install_requires_bui0/project/.git
.temp/TASK-260803-21lw4t/worktree/.temp/TASK-260803-21lw4t/pytest-ordinary/popen-gw1/test_real_install_requires_bui0/skills/skill-build/.git
.temp/TASK-260803-21lw4t/worktree/.temp/TASK-260803-21lw4t/pytest-ordinary/popen-gw1/test_removed_requirement_clean0/project/.git
.temp/TASK-260803-21lw4t/worktree/.temp/TASK-260803-21lw4t/pytest-ordinary/popen-gw1/test_removed_requirement_clean0/skills/consumer/.git
.temp/TASK-260803-21lw4t/worktree/.temp/TASK-260803-21lw4t/pytest-ordinary/popen-gw1/test_removed_requirement_clean0/skills/provider/.git
.temp/TASK-260803-21lw4t/worktree/.temp/TASK-260803-21lw4t/pytest-ordinary/popen-gw1/test_runtime_requirement_insta0/project/.git
.temp/TASK-260803-21lw4t/worktree/.temp/TASK-260803-21lw4t/pytest-ordinary/popen-gw1/test_runtime_requirement_insta0/skills/consumer/.git
.temp/TASK-260803-21lw4t/worktree/.temp/TASK-260803-21lw4t/pytest-ordinary/popen-gw1/test_runtime_requirement_insta0/skills/provider/.git
.temp/TASK-260803-21lw4t/worktree/.temp/TASK-260803-21lw4t/pytest-ordinary/popen-gw1/test_runtime_requirement_witho0/project/.git
.temp/TASK-260803-21lw4t/worktree/.temp/TASK-260803-21lw4t/pytest-ordinary/popen-gw1/test_runtime_requirement_witho0/skills/consumer/.git
.temp/TASK-260803-21lw4t/worktree/.temp/TASK-260803-21lw4t/pytest-ordinary/popen-gw1/test_runtime_requirement_witho0/skills/provider/.git
.temp/TASK-260803-21lw4t/worktree/.temp/TASK-260803-21lw4t/pytest-ordinary/popen-gw1/test_runtime_root_preserves_ex0/project/.git
.temp/TASK-260803-21lw4t/worktree/.temp/TASK-260803-21lw4t/pytest-ordinary/popen-gw1/test_runtime_root_preserves_ex0/skills/skill-tool/.git
.temp/TASK-260803-21lw4t/worktree/.temp/TASK-260803-21lw4t/pytest-ordinary/popen-gw1/test_runtime_shim_captures_dec0/project/.git
.temp/TASK-260803-21lw4t/worktree/.temp/TASK-260803-21lw4t/pytest-ordinary/popen-gw1/test_runtime_shim_captures_dec0/skills/skill-system/.git
.temp/TASK-260803-21lw4t/worktree/.temp/TASK-260803-21lw4t/pytest-ordinary/popen-gw1/test_runtime_shim_resolves_pro0/project/.git
.temp/TASK-260803-21lw4t/worktree/.temp/TASK-260803-21lw4t/pytest-ordinary/popen-gw1/test_runtime_shim_resolves_pro0/skills/skill-consumer/.git
.temp/TASK-260803-21lw4t/worktree/.temp/TASK-260803-21lw4t/pytest-ordinary/popen-gw1/test_runtime_shim_resolves_pro0/skills/skill-provider/.git
.temp/TASK-260803-21lw4t/worktree/.temp/TASK-260803-21lw4t/pytest-ordinary/popen-gw1/test_schema_v2_copies_runtime_0/project/.git
.temp/TASK-260803-21lw4t/worktree/.temp/TASK-260803-21lw4t/pytest-ordinary/popen-gw1/test_schema_v2_copies_runtime_0/skills/skill-tool/.git
.temp/TASK-260803-21lw4t/worktree/.temp/TASK-260803-21lw4t/pytest-ordinary/popen-gw1/test_schema_v6_build_root_stay0/project/.git
.temp/TASK-260803-21lw4t/worktree/.temp/TASK-260803-21lw4t/pytest-ordinary/popen-gw1/test_schema_v6_build_root_stay0/skills/skill-build/.git
.temp/TASK-260803-21lw4t/worktree/.temp/TASK-260803-21lw4t/pytest-ordinary/popen-gw1/test_schema_v6_stale_build_roo0/project/.git
.temp/TASK-260803-21lw4t/worktree/.temp/TASK-260803-21lw4t/pytest-ordinary/popen-gw1/test_schema_v6_stale_build_roo0/skills/skill-build/.git
.temp/TASK-260803-21lw4t/worktree/.temp/TASK-260803-21lw4t/pytest-ordinary/popen-gw1/test_schema_v6_stale_build_roo1/project/.git
.temp/TASK-260803-21lw4t/worktree/.temp/TASK-260803-21lw4t/pytest-ordinary/popen-gw1/test_schema_v6_stale_build_roo1/skills/skill-build/.git
.temp/TASK-260803-21lw4t/worktree/.temp/TASK-260803-21lw4t/pytest-ordinary/popen-gw1/test_schema_v6_stale_build_roo2/project/.git
.temp/TASK-260803-21lw4t/worktree/.temp/TASK-260803-21lw4t/pytest-ordinary/popen-gw1/test_schema_v6_stale_build_roo2/skills/skill-build/.git
.temp/TASK-260803-21lw4t/worktree/.temp/TASK-260803-21lw4t/pytest-ordinary/popen-gw1/test_skill_command_dependency_0/project/.git
.temp/TASK-260803-21lw4t/worktree/.temp/TASK-260803-21lw4t/pytest-ordinary/popen-gw1/test_skill_command_dependency_0/skills/skill-docs-memory/.git
.temp/TASK-260803-21lw4t/worktree/.temp/TASK-260803-21lw4t/pytest-ordinary/popen-gw1/test_skill_command_dependency_0/skills/skill-docs/.git
.temp/TASK-260803-21lw4t/worktree/.temp/TASK-260803-21lw4t/pytest-ordinary/popen-gw1/test_skill_command_dependency_1/project/.git
.temp/TASK-260803-21lw4t/worktree/.temp/TASK-260803-21lw4t/pytest-ordinary/popen-gw1/test_skill_command_dependency_1/skills/skill-docs-memory/.git
.temp/TASK-260803-21lw4t/worktree/.temp/TASK-260803-21lw4t/pytest-ordinary/popen-gw1/test_skill_command_dependency_1/skills/skill-docs/.git
.temp/TASK-260803-21lw4t/worktree/.temp/TASK-260803-21lw4t/pytest-ordinary/popen-gw1/test_skill_command_dependency_2/project/.git
.temp/TASK-260803-21lw4t/worktree/.temp/TASK-260803-21lw4t/pytest-ordinary/popen-gw1/test_skill_command_dependency_2/skills/skill-docs-memory/.git
.temp/TASK-260803-21lw4t/worktree/.temp/TASK-260803-21lw4t/pytest-ordinary/popen-gw1/test_skill_command_dependency_2/skills/skill-docs/.git
.temp/TASK-260803-21lw4t/worktree/.temp/TASK-260803-21lw4t/pytest-ordinary/popen-gw1/test_snapshot_cache_reused_for0/project-one/.git
.temp/TASK-260803-21lw4t/worktree/.temp/TASK-260803-21lw4t/pytest-ordinary/popen-gw1/test_snapshot_cache_reused_for0/project-two/.git
.temp/TASK-260803-21lw4t/worktree/.temp/TASK-260803-21lw4t/pytest-ordinary/popen-gw1/test_snapshot_cache_reused_for0/skills/skill-a/.git
.temp/TASK-260803-21lw4t/worktree/.temp/TASK-260803-21lw4t/pytest-ordinary/popen-gw1/test_system_command_missing_fa0/project/.git
.temp/TASK-260803-21lw4t/worktree/.temp/TASK-260803-21lw4t/pytest-ordinary/popen-gw1/test_system_command_missing_fa0/skills/skill-system/.git
.temp/TASK-260803-21lw4t/worktree/.temp/TASK-260803-21lw4t/pytest-ordinary/popen-gw1/test_system_dependencies_do_no0/project/.git
.temp/TASK-260803-21lw4t/worktree/.temp/TASK-260803-21lw4t/pytest-ordinary/popen-gw1/test_system_dependencies_do_no0/skills/skill-one/.git
.temp/TASK-260803-21lw4t/worktree/.temp/TASK-260803-21lw4t/pytest-ordinary/popen-gw1/test_system_dependencies_do_no0/skills/skill-two/.git
.temp/TASK-260803-21lw4t/worktree/.temp/TASK-260803-21lw4t/pytest-ordinary/popen-gw1/test_system_dependency_declare0/project/.git
.temp/TASK-260803-21lw4t/worktree/.temp/TASK-260803-21lw4t/pytest-ordinary/popen-gw1/test_system_dependency_declare0/skills/skill-system/.git
.temp/TASK-260803-21lw4t/worktree/.temp/TASK-260803-21lw4t/pytest-ordinary/popen-gw1/test_transaction_recovery_wait0/project/.git
.temp/TASK-260803-21lw4t/worktree/.temp/TASK-260803-21lw4t/pytest-ordinary/popen-gw1/test_transaction_recovery_wait0/skills/compiled/.git
.temp/TASK-260803-21lw4t/worktree/.temp/TASK-260803-21lw4t/pytest-ordinary/popen-gw2/test_adversarial_graph_cannot_0/fixture/work/.git
.temp/TASK-260803-21lw4t/worktree/.temp/TASK-260803-21lw4t/pytest-ordinary/popen-gw2/test_adversarial_graph_cannot_1/fixture/work/.git
.temp/TASK-260803-21lw4t/worktree/.temp/TASK-260803-21lw4t/pytest-ordinary/popen-gw2/test_adversarial_graph_cannot_2/fixture/work/.git
.temp/TASK-260803-21lw4t/worktree/.temp/TASK-260803-21lw4t/pytest-ordinary/popen-gw2/test_adversarial_graph_cannot_3/fixture/work/.git
.temp/TASK-260803-21lw4t/worktree/.temp/TASK-260803-21lw4t/pytest-ordinary/popen-gw2/test_adversarial_graph_cannot_4/fixture/work/.git
.temp/TASK-260803-21lw4t/worktree/.temp/TASK-260803-21lw4t/pytest-ordinary/popen-gw2/test_adversarial_graph_cannot_5/fixture/work/.git
.temp/TASK-260803-21lw4t/worktree/.temp/TASK-260803-21lw4t/pytest-ordinary/popen-gw2/test_agent_only_selection_dele0/fixture/work/.git
.temp/TASK-260803-21lw4t/worktree/.temp/TASK-260803-21lw4t/pytest-ordinary/popen-gw2/test_all_requires_every_target0/project/.git
.temp/TASK-260803-21lw4t/worktree/.temp/TASK-260803-21lw4t/pytest-ordinary/popen-gw2/test_all_requires_every_target0/skills/skill-sheets/.git
.temp/TASK-260803-21lw4t/worktree/.temp/TASK-260803-21lw4t/pytest-ordinary/popen-gw2/test_all_satisfied_across_agen0/project/.git
.temp/TASK-260803-21lw4t/worktree/.temp/TASK-260803-21lw4t/pytest-ordinary/popen-gw2/test_all_satisfied_across_agen0/skills/skill-sheets/.git
.temp/TASK-260803-21lw4t/worktree/.temp/TASK-260803-21lw4t/pytest-ordinary/popen-gw2/test_any_fails_with_hint_when_0/project/.git
.temp/TASK-260803-21lw4t/worktree/.temp/TASK-260803-21lw4t/pytest-ordinary/popen-gw2/test_any_fails_with_hint_when_0/skills/skill-sheets/.git
.temp/TASK-260803-21lw4t/worktree/.temp/TASK-260803-21lw4t/pytest-ordinary/popen-gw2/test_any_satisfied_through_pro0/project/.git
.temp/TASK-260803-21lw4t/worktree/.temp/TASK-260803-21lw4t/pytest-ordinary/popen-gw2/test_any_satisfied_through_pro0/skills/skill-sheets/.git
.temp/TASK-260803-21lw4t/worktree/.temp/TASK-260803-21lw4t/pytest-ordinary/popen-gw2/test_any_satisfied_through_pro1/project/.git
.temp/TASK-260803-21lw4t/worktree/.temp/TASK-260803-21lw4t/pytest-ordinary/popen-gw2/test_any_satisfied_through_pro1/skills/skill-sheets/.git
.temp/TASK-260803-21lw4t/worktree/.temp/TASK-260803-21lw4t/pytest-ordinary/popen-gw2/test_any_satisfied_through_pro2/project/.git
.temp/TASK-260803-21lw4t/worktree/.temp/TASK-260803-21lw4t/pytest-ordinary/popen-gw2/test_any_satisfied_through_pro2/skills/skill-sheets/.git
.temp/TASK-260803-21lw4t/worktree/.temp/TASK-260803-21lw4t/pytest-ordinary/popen-gw2/test_any_satisfied_through_pro3/project/.git
.temp/TASK-260803-21lw4t/worktree/.temp/TASK-260803-21lw4t/pytest-ordinary/popen-gw2/test_any_satisfied_through_pro3/skills/skill-sheets/.git
.temp/TASK-260803-21lw4t/worktree/.temp/TASK-260803-21lw4t/pytest-ordinary/popen-gw2/test_any_satisfied_through_use0/project/.git
.temp/TASK-260803-21lw4t/worktree/.temp/TASK-260803-21lw4t/pytest-ordinary/popen-gw2/test_any_satisfied_through_use0/skills/skill-sheets/.git
.temp/TASK-260803-21lw4t/worktree/.temp/TASK-260803-21lw4t/pytest-ordinary/popen-gw2/test_any_satisfied_through_win0/project/.git
.temp/TASK-260803-21lw4t/worktree/.temp/TASK-260803-21lw4t/pytest-ordinary/popen-gw2/test_any_satisfied_through_win0/skills/skill-sheets/.git
.temp/TASK-260803-21lw4t/worktree/.temp/TASK-260803-21lw4t/pytest-ordinary/popen-gw2/test_attest_detects_post_insta0/project/.git
.temp/TASK-260803-21lw4t/worktree/.temp/TASK-260803-21lw4t/pytest-ordinary/popen-gw2/test_attest_detects_post_insta0/skills/skill-tracker/.git
.temp/TASK-260803-21lw4t/worktree/.temp/TASK-260803-21lw4t/pytest-ordinary/popen-gw2/test_audit_cache_hit_skips_sta0/project/.git
.temp/TASK-260803-21lw4t/worktree/.temp/TASK-260803-21lw4t/pytest-ordinary/popen-gw2/test_audit_cache_hit_skips_sta0/skills/skill-a/.git
.temp/TASK-260803-21lw4t/worktree/.temp/TASK-260803-21lw4t/pytest-ordinary/popen-gw2/test_audit_cache_ignores_malfo0/project/.git
.temp/TASK-260803-21lw4t/worktree/.temp/TASK-260803-21lw4t/pytest-ordinary/popen-gw2/test_audit_cache_ignores_malfo0/skills/skill-a/.git
.temp/TASK-260803-21lw4t/worktree/.temp/TASK-260803-21lw4t/pytest-ordinary/popen-gw2/test_audit_cache_recomputes_de0/project/.git
.temp/TASK-260803-21lw4t/worktree/.temp/TASK-260803-21lw4t/pytest-ordinary/popen-gw2/test_audit_cache_recomputes_de0/skills/skill-a/.git
.temp/TASK-260803-21lw4t/worktree/.temp/TASK-260803-21lw4t/pytest-ordinary/popen-gw2/test_audit_cache_rejects_unkno0/project/.git
.temp/TASK-260803-21lw4t/worktree/.temp/TASK-260803-21lw4t/pytest-ordinary/popen-gw2/test_audit_cache_rejects_unkno0/skills/skill-a/.git
.temp/TASK-260803-21lw4t/worktree/.temp/TASK-260803-21lw4t/pytest-ordinary/popen-gw2/test_audit_static_canary_failu0/project/.git
.temp/TASK-260803-21lw4t/worktree/.temp/TASK-260803-21lw4t/pytest-ordinary/popen-gw2/test_audit_static_canary_failu0/skills/skill-a/.git
.temp/TASK-260803-21lw4t/worktree/.temp/TASK-260803-21lw4t/pytest-ordinary/popen-gw2/test_audit_static_canary_runs_0/project/.git
.temp/TASK-260803-21lw4t/worktree/.temp/TASK-260803-21lw4t/pytest-ordinary/popen-gw2/test_audit_static_canary_runs_0/skills/skill-a/.git
.temp/TASK-260803-21lw4t/worktree/.temp/TASK-260803-21lw4t/pytest-ordinary/popen-gw2/test_audit_static_canary_runs_0/skills/skill-b/.git
.temp/TASK-260803-21lw4t/worktree/.temp/TASK-260803-21lw4t/pytest-ordinary/popen-gw2/test_audited_skill_records_att0/project/.git
.temp/TASK-260803-21lw4t/worktree/.temp/TASK-260803-21lw4t/pytest-ordinary/popen-gw2/test_audited_skill_records_att0/skills/skill-tracker/.git
.temp/TASK-260803-21lw4t/worktree/.temp/TASK-260803-21lw4t/pytest-ordinary/popen-gw2/test_branch_without_remote_is_0/skills/skill-a/.git
.temp/TASK-260803-21lw4t/worktree/.temp/TASK-260803-21lw4t/pytest-ordinary/popen-gw2/test_claude_disabled_mcpjson_s0/project/.git
.temp/TASK-260803-21lw4t/worktree/.temp/TASK-260803-21lw4t/pytest-ordinary/popen-gw2/test_claude_disabled_mcpjson_s0/skills/skill-sheets/.git
.temp/TASK-260803-21lw4t/worktree/.temp/TASK-260803-21lw4t/pytest-ordinary/popen-gw2/test_clean_environment_carries0/fixture/work/.git
.temp/TASK-260803-21lw4t/worktree/.temp/TASK-260803-21lw4t/pytest-ordinary/popen-gw2/test_clone_repo_clones_local_r0/cloned/.git
.temp/TASK-260803-21lw4t/worktree/.temp/TASK-260803-21lw4t/pytest-ordinary/popen-gw2/test_clone_repo_clones_local_r0/skills/skill-a/.git
.temp/TASK-260803-21lw4t/worktree/.temp/TASK-260803-21lw4t/pytest-ordinary/popen-gw2/test_credential_free_ssh_fails0/fixture/work/.git
.temp/TASK-260803-21lw4t/worktree/.temp/TASK-260803-21lw4t/pytest-ordinary/popen-gw2/test_credential_free_ssh_fails1/fixture/work/.git
.temp/TASK-260803-21lw4t/worktree/.temp/TASK-260803-21lw4t/pytest-ordinary/popen-gw2/test_credential_free_ssh_fails2/fixture/work/.git
.temp/TASK-260803-21lw4t/worktree/.temp/TASK-260803-21lw4t/pytest-ordinary/popen-gw2/test_fix_gitignore_appends_mis0/project/.git
.temp/TASK-260803-21lw4t/worktree/.temp/TASK-260803-21lw4t/pytest-ordinary/popen-gw2/test_generated_wrapper_refuses0/fixture/work/.git
.temp/TASK-260803-21lw4t/worktree/.temp/TASK-260803-21lw4t/pytest-ordinary/popen-gw2/test_gitignore_gate_blocks_mis0/project/.git
.temp/TASK-260803-21lw4t/worktree/.temp/TASK-260803-21lw4t/pytest-ordinary/popen-gw2/test_global_boundary_reports_t0/project/.git
.temp/TASK-260803-21lw4t/worktree/.temp/TASK-260803-21lw4t/pytest-ordinary/popen-gw2/test_global_boundary_reports_t0/skills/compiled/.git
.temp/TASK-260803-21lw4t/worktree/.temp/TASK-260803-21lw4t/pytest-ordinary/popen-gw2/test_global_build_or_publicati0/project/.git
.temp/TASK-260803-21lw4t/worktree/.temp/TASK-260803-21lw4t/pytest-ordinary/popen-gw2/test_global_build_or_publicati0/skills/compiled/.git
.temp/TASK-260803-21lw4t/worktree/.temp/TASK-260803-21lw4t/pytest-ordinary/popen-gw2/test_global_build_or_publicati1/project/.git
.temp/TASK-260803-21lw4t/worktree/.temp/TASK-260803-21lw4t/pytest-ordinary/popen-gw2/test_global_build_or_publicati1/skills/compiled/.git
.temp/TASK-260803-21lw4t/worktree/.temp/TASK-260803-21lw4t/pytest-ordinary/popen-gw2/test_global_builds_publish_mar0/project/.git
.temp/TASK-260803-21lw4t/worktree/.temp/TASK-260803-21lw4t/pytest-ordinary/popen-gw2/test_global_builds_publish_mar0/skills/consumer/.git
.temp/TASK-260803-21lw4t/worktree/.temp/TASK-260803-21lw4t/pytest-ordinary/popen-gw2/test_global_builds_publish_mar0/skills/provider/.git
.temp/TASK-260803-21lw4t/worktree/.temp/TASK-260803-21lw4t/pytest-ordinary/popen-gw2/test_global_dry_run_never_cons0/project/.git
.temp/TASK-260803-21lw4t/worktree/.temp/TASK-260803-21lw4t/pytest-ordinary/popen-gw2/test_global_dry_run_never_cons0/skills/scripted/.git
.temp/TASK-260803-21lw4t/worktree/.temp/TASK-260803-21lw4t/pytest-ordinary/popen-gw2/test_global_target_failure_rev0/project/.git
.temp/TASK-260803-21lw4t/worktree/.temp/TASK-260803-21lw4t/pytest-ordinary/popen-gw2/test_global_target_failure_rev0/skills/scripted/.git
.temp/TASK-260803-21lw4t/worktree/.temp/TASK-260803-21lw4t/pytest-ordinary/popen-gw2/test_global_target_failure_rev1/project/.git
.temp/TASK-260803-21lw4t/worktree/.temp/TASK-260803-21lw4t/pytest-ordinary/popen-gw2/test_global_target_failure_rev1/skills/scripted/.git
.temp/TASK-260803-21lw4t/worktree/.temp/TASK-260803-21lw4t/pytest-ordinary/popen-gw2/test_global_target_failure_rev2/project/.git
.temp/TASK-260803-21lw4t/worktree/.temp/TASK-260803-21lw4t/pytest-ordinary/popen-gw2/test_global_target_failure_rev2/skills/scripted/.git
.temp/TASK-260803-21lw4t/worktree/.temp/TASK-260803-21lw4t/pytest-ordinary/popen-gw2/test_global_target_failure_rev3/project/.git
.temp/TASK-260803-21lw4t/worktree/.temp/TASK-260803-21lw4t/pytest-ordinary/popen-gw2/test_global_target_failure_rev3/skills/scripted/.git
.temp/TASK-260803-21lw4t/worktree/.temp/TASK-260803-21lw4t/pytest-ordinary/popen-gw2/test_global_target_failure_rev4/project/.git
.temp/TASK-260803-21lw4t/worktree/.temp/TASK-260803-21lw4t/pytest-ordinary/popen-gw2/test_global_target_failure_rev4/skills/scripted/.git
.temp/TASK-260803-21lw4t/worktree/.temp/TASK-260803-21lw4t/pytest-ordinary/popen-gw2/test_global_target_failure_rev5/project/.git
.temp/TASK-260803-21lw4t/worktree/.temp/TASK-260803-21lw4t/pytest-ordinary/popen-gw2/test_global_target_failure_rev5/skills/scripted/.git
.temp/TASK-260803-21lw4t/worktree/.temp/TASK-260803-21lw4t/pytest-ordinary/popen-gw2/test_global_target_failure_rev6/project/.git
.temp/TASK-260803-21lw4t/worktree/.temp/TASK-260803-21lw4t/pytest-ordinary/popen-gw2/test_global_target_failure_rev6/skills/scripted/.git
.temp/TASK-260803-21lw4t/worktree/.temp/TASK-260803-21lw4t/pytest-ordinary/popen-gw2/test_hybrid_cli_add_list_remov0/project/.git
.temp/TASK-260803-21lw4t/worktree/.temp/TASK-260803-21lw4t/pytest-ordinary/popen-gw2/test_hybrid_skill_activates_fo0/project/.git
.temp/TASK-260803-21lw4t/worktree/.temp/TASK-260803-21lw4t/pytest-ordinary/popen-gw2/test_hybrid_skill_activates_fo0/skills/skill-conventions/.git
.temp/TASK-260803-21lw4t/worktree/.temp/TASK-260803-21lw4t/pytest-ordinary/popen-gw2/test_hybrid_skill_dependencies0/project/.git
.temp/TASK-260803-21lw4t/worktree/.temp/TASK-260803-21lw4t/pytest-ordinary/popen-gw2/test_hybrid_skill_dependencies0/skills/skill-conventions/.git
.temp/TASK-260803-21lw4t/worktree/.temp/TASK-260803-21lw4t/pytest-ordinary/popen-gw2/test_hybrid_skill_dependencies0/skills/skill-provider/.git
.temp/TASK-260803-21lw4t/worktree/.temp/TASK-260803-21lw4t/pytest-ordinary/popen-gw2/test_hybrid_skill_invisible_fo0/project-a/.git
.temp/TASK-260803-21lw4t/worktree/.temp/TASK-260803-21lw4t/pytest-ordinary/popen-gw2/test_hybrid_skill_invisible_fo0/project-b/.git
.temp/TASK-260803-21lw4t/worktree/.temp/TASK-260803-21lw4t/pytest-ordinary/popen-gw2/test_hybrid_skill_invisible_fo0/skills/skill-conventions/.git
.temp/TASK-260803-21lw4t/worktree/.temp/TASK-260803-21lw4t/pytest-ordinary/popen-gw2/test_hybrid_target_matches_ali0/project/.git
.temp/TASK-260803-21lw4t/worktree/.temp/TASK-260803-21lw4t/pytest-ordinary/popen-gw2/test_hybrid_target_matches_ali0/skills/skill-conventions/.git
.temp/TASK-260803-21lw4t/worktree/.temp/TASK-260803-21lw4t/pytest-ordinary/popen-gw2/test_known_hosts_are_required_0/fixture/work/.git
.temp/TASK-260803-21lw4t/worktree/.temp/TASK-260803-21lw4t/pytest-ordinary/popen-gw2/test_local_admission_cleanup_f0/fixture/loose/work/.git
.temp/TASK-260803-21lw4t/worktree/.temp/TASK-260803-21lw4t/pytest-ordinary/popen-gw2/test_local_admission_cleanup_f0/fixture/packed/.git
.temp/TASK-260803-21lw4t/worktree/.temp/TASK-260803-21lw4t/pytest-ordinary/popen-gw2/test_local_admission_cleanup_f1/fixture/loose/work/.git
.temp/TASK-260803-21lw4t/worktree/.temp/TASK-260803-21lw4t/pytest-ordinary/popen-gw2/test_local_admission_cleanup_f1/fixture/packed/.git
.temp/TASK-260803-21lw4t/worktree/.temp/TASK-260803-21lw4t/pytest-ordinary/popen-gw2/test_local_admission_reads_lar0/fixture/work/.git
.temp/TASK-260803-21lw4t/worktree/.temp/TASK-260803-21lw4t/pytest-ordinary/popen-gw2/test_local_admission_rejects_a0/fixture/work/.git
.temp/TASK-260803-21lw4t/worktree/.temp/TASK-260803-21lw4t/pytest-ordinary/popen-gw2/test_local_admission_rejects_a1/fixture/work/.git
.temp/TASK-260803-21lw4t/worktree/.temp/TASK-260803-21lw4t/pytest-ordinary/popen-gw2/test_local_admission_rejects_a2/fixture/work/.git
.temp/TASK-260803-21lw4t/worktree/.temp/TASK-260803-21lw4t/pytest-ordinary/popen-gw2/test_local_admission_rejects_a3/fixture/work/.git
.temp/TASK-260803-21lw4t/worktree/.temp/TASK-260803-21lw4t/pytest-ordinary/popen-gw2/test_local_admission_retries_a0/fixture/loose/work/.git
.temp/TASK-260803-21lw4t/worktree/.temp/TASK-260803-21lw4t/pytest-ordinary/popen-gw2/test_local_admission_retries_a0/fixture/packed/.git
.temp/TASK-260803-21lw4t/worktree/.temp/TASK-260803-21lw4t/pytest-ordinary/popen-gw2/test_local_config_and_refs_sha0/reject-alternate-object-store/.git
.temp/TASK-260803-21lw4t/worktree/.temp/TASK-260803-21lw4t/pytest-ordinary/popen-gw2/test_local_config_and_refs_sha0/reject-config-include/.git
.temp/TASK-260803-21lw4t/worktree/.temp/TASK-260803-21lw4t/pytest-ordinary/popen-gw2/test_local_config_and_refs_sha0/reject-gitfile/.git
.temp/TASK-260803-21lw4t/worktree/.temp/TASK-260803-21lw4t/pytest-ordinary/popen-gw2/test_local_config_and_refs_sha0/reject-grafts/.git
.temp/TASK-260803-21lw4t/worktree/.temp/TASK-260803-21lw4t/pytest-ordinary/popen-gw2/test_local_config_and_refs_sha0/reject-link-or-special-administration-file/.git
.temp/TASK-260803-21lw4t/worktree/.temp/TASK-260803-21lw4t/pytest-ordinary/popen-gw2/test_local_config_and_refs_sha0/reject-linked-worktree/.git
.temp/TASK-260803-21lw4t/worktree/.temp/TASK-260803-21lw4t/pytest-ordinary/popen-gw2/test_local_config_and_refs_sha0/reject-partial-clone-config/.git
.temp/TASK-260803-21lw4t/worktree/.temp/TASK-260803-21lw4t/pytest-ordinary/popen-gw2/test_local_config_and_refs_sha0/reject-promisor-sidecar/.git
.temp/TASK-260803-21lw4t/worktree/.temp/TASK-260803-21lw4t/pytest-ordinary/popen-gw2/test_local_config_and_refs_sha0/reject-reftable/.git
.temp/TASK-260803-21lw4t/worktree/.temp/TASK-260803-21lw4t/pytest-ordinary/popen-gw2/test_local_config_and_refs_sha0/reject-replace-ref/.git
.temp/TASK-260803-21lw4t/worktree/.temp/TASK-260803-21lw4t/pytest-ordinary/popen-gw2/test_local_config_and_refs_sha0/source-credential-helper-is-inert/.git
.temp/TASK-260803-21lw4t/worktree/.temp/TASK-260803-21lw4t/pytest-ordinary/popen-gw2/test_local_config_and_refs_sha0/source-filter-config-is-inert/.git
.temp/TASK-260803-21lw4t/worktree/.temp/TASK-260803-21lw4t/pytest-ordinary/popen-gw2/test_local_config_and_refs_sha0/valid-sha1-files-ref/.git
.temp/TASK-260803-21lw4t/worktree/.temp/TASK-260803-21lw4t/pytest-ordinary/popen-gw2/test_local_config_and_refs_sha0/valid-sha256-detached-head/.git
.temp/TASK-260803-21lw4t/worktree/.temp/TASK-260803-21lw4t/pytest-ordinary/popen-gw2/test_local_gitfile_bare_link_a0/fixture/work/.git
.temp/TASK-260803-21lw4t/worktree/.temp/TASK-260803-21lw4t/pytest-ordinary/popen-gw2/test_local_source_race_fails_c0/fixture/work/.git
.temp/TASK-260803-21lw4t/worktree/.temp/TASK-260803-21lw4t/pytest-ordinary/popen-gw2/test_malformed_agent_config_co0/project/.git
.temp/TASK-260803-21lw4t/worktree/.temp/TASK-260803-21lw4t/pytest-ordinary/popen-gw2/test_malformed_agent_config_co0/skills/skill-sheets/.git
.temp/TASK-260803-21lw4t/worktree/.temp/TASK-260803-21lw4t/pytest-ordinary/popen-gw2/test_marker_refreshes_when_con0/project/.git
.temp/TASK-260803-21lw4t/worktree/.temp/TASK-260803-21lw4t/pytest-ordinary/popen-gw2/test_marker_refreshes_when_con0/skills/skill-sheets/.git
.temp/TASK-260803-21lw4t/worktree/.temp/TASK-260803-21lw4t/pytest-ordinary/popen-gw2/test_materialization_writes_on0/fixture/work/.git
.temp/TASK-260803-21lw4t/worktree/.temp/TASK-260803-21lw4t/pytest-ordinary/popen-gw2/test_network_and_local_raw_sna0/fixture/work/.git
.temp/TASK-260803-21lw4t/worktree/.temp/TASK-260803-21lw4t/pytest-ordinary/popen-gw2/test_network_and_local_raw_sna1/fixture/work/.git
.temp/TASK-260803-21lw4t/worktree/.temp/TASK-260803-21lw4t/pytest-ordinary/popen-gw2/test_opencode_disabled_server_0/project/.git
.temp/TASK-260803-21lw4t/worktree/.temp/TASK-260803-21lw4t/pytest-ordinary/popen-gw2/test_opencode_disabled_server_0/skills/skill-sheets/.git
.temp/TASK-260803-21lw4t/worktree/.temp/TASK-260803-21lw4t/pytest-ordinary/popen-gw2/test_operator_agent_pins_the_s0/fixture/work/.git
.temp/TASK-260803-21lw4t/worktree/.temp/TASK-260803-21lw4t/pytest-ordinary/popen-gw2/test_operator_identity_reaches0/fixture/work/.git
.temp/TASK-260803-21lw4t/worktree/.temp/TASK-260803-21lw4t/pytest-ordinary/popen-gw2/test_packed_local_admission_le0/fixture/loose/work/.git
.temp/TASK-260803-21lw4t/worktree/.temp/TASK-260803-21lw4t/pytest-ordinary/popen-gw2/test_packed_local_admission_le0/fixture/packed/.git
.temp/TASK-260803-21lw4t/worktree/.temp/TASK-260803-21lw4t/pytest-ordinary/popen-gw2/test_packed_local_admission_le1/fixture/loose/work/.git
.temp/TASK-260803-21lw4t/worktree/.temp/TASK-260803-21lw4t/pytest-ordinary/popen-gw2/test_packed_local_admission_le1/fixture/packed/.git
.temp/TASK-260803-21lw4t/worktree/.temp/TASK-260803-21lw4t/pytest-ordinary/popen-gw2/test_project_declaration_shado0/project/.git
.temp/TASK-260803-21lw4t/worktree/.temp/TASK-260803-21lw4t/pytest-ordinary/popen-gw2/test_project_declaration_shado0/skills/skill-conventions/.git
.temp/TASK-260803-21lw4t/worktree/.temp/TASK-260803-21lw4t/pytest-ordinary/popen-gw2/test_project_only_declaration_0/project/.git
.temp/TASK-260803-21lw4t/worktree/.temp/TASK-260803-21lw4t/pytest-ordinary/popen-gw2/test_project_only_declaration_0/skills/skill-sheets/.git
.temp/TASK-260803-21lw4t/worktree/.temp/TASK-260803-21lw4t/pytest-ordinary/popen-gw2/test_publish_posts_record0/project/.git
.temp/TASK-260803-21lw4t/worktree/.temp/TASK-260803-21lw4t/pytest-ordinary/popen-gw2/test_publish_reads_token_from_0/project/.git
.temp/TASK-260803-21lw4t/worktree/.temp/TASK-260803-21lw4t/pytest-ordinary/popen-gw2/test_publish_requires_registry0/project/.git
.temp/TASK-260803-21lw4t/worktree/.temp/TASK-260803-21lw4t/pytest-ordinary/popen-gw2/test_publish_requires_token0/project/.git
.temp/TASK-260803-21lw4t/worktree/.temp/TASK-260803-21lw4t/pytest-ordinary/popen-gw2/test_removed_hybrid_target_cle0/project/.git
.temp/TASK-260803-21lw4t/worktree/.temp/TASK-260803-21lw4t/pytest-ordinary/popen-gw2/test_removed_hybrid_target_cle0/skills/skill-conventions/.git
.temp/TASK-260803-21lw4t/worktree/.temp/TASK-260803-21lw4t/pytest-ordinary/popen-gw2/test_resolvable_stdio_command_0/project/.git
.temp/TASK-260803-21lw4t/worktree/.temp/TASK-260803-21lw4t/pytest-ordinary/popen-gw2/test_resolvable_stdio_command_0/skills/skill-sheets/.git
.temp/TASK-260803-21lw4t/worktree/.temp/TASK-260803-21lw4t/pytest-ordinary/popen-gw2/test_resolve_current_worktree_0/project/.git
.temp/TASK-260803-21lw4t/worktree/.temp/TASK-260803-21lw4t/pytest-ordinary/popen-gw2/test_resolve_feature_branch_wi0/project/.git
.temp/TASK-260803-21lw4t/worktree/.temp/TASK-260803-21lw4t/pytest-ordinary/popen-gw2/test_resolve_shared_checkout_u0/project/.git
.temp/TASK-260803-21lw4t/worktree/.temp/TASK-260803-21lw4t/pytest-ordinary/popen-gw2/test_resolve_tag_branch_and_re0/skills/skill-a/.git
.temp/TASK-260803-21lw4t/worktree/.temp/TASK-260803-21lw4t/pytest-ordinary/popen-gw2/test_resolve_uses_configurable0/project/.git
.temp/TASK-260803-21lw4t/worktree/.temp/TASK-260803-21lw4t/pytest-ordinary/popen-gw2/test_revoked_skill_blocks_inst0/project/.git
.temp/TASK-260803-21lw4t/worktree/.temp/TASK-260803-21lw4t/pytest-ordinary/popen-gw2/test_revoked_skill_blocks_inst0/skills/skill-tracker/.git
.temp/TASK-260803-21lw4t/worktree/.temp/TASK-260803-21lw4t/pytest-ordinary/popen-gw2/test_source_controlled_filters0/fixture/work/.git
.temp/TASK-260803-21lw4t/worktree/.temp/TASK-260803-21lw4t/pytest-ordinary/popen-gw2/test_status_reports_content_dr0/project/.git
.temp/TASK-260803-21lw4t/worktree/.temp/TASK-260803-21lw4t/pytest-ordinary/popen-gw2/test_status_reports_content_dr0/skills/skill-a/.git
.temp/TASK-260803-21lw4t/worktree/.temp/TASK-260803-21lw4t/pytest-ordinary/popen-gw2/test_status_reports_missing_an0/project/.git
.temp/TASK-260803-21lw4t/worktree/.temp/TASK-260803-21lw4t/pytest-ordinary/popen-gw2/test_status_reports_missing_an0/skills/skill-a/.git
.temp/TASK-260803-21lw4t/worktree/.temp/TASK-260803-21lw4t/pytest-ordinary/popen-gw2/test_stdio_command_missing_fro0/project/.git
.temp/TASK-260803-21lw4t/worktree/.temp/TASK-260803-21lw4t/pytest-ordinary/popen-gw2/test_stdio_command_missing_fro0/skills/skill-sheets/.git
.temp/TASK-260803-21lw4t/worktree/.temp/TASK-260803-21lw4t/pytest-ordinary/popen-gw2/test_strict_policy_fails_unkno0/project/.git
.temp/TASK-260803-21lw4t/worktree/.temp/TASK-260803-21lw4t/pytest-ordinary/popen-gw2/test_strict_policy_fails_unkno0/skills/skill-tracker/.git
.temp/TASK-260803-21lw4t/worktree/.temp/TASK-260803-21lw4t/pytest-ordinary/popen-gw2/test_tagged_acquisition_fetche0/fixture/work/.git
.temp/TASK-260803-21lw4t/worktree/.temp/TASK-260803-21lw4t/pytest-ordinary/popen-gw2/test_tagged_acquisition_fetche1/fixture/work/.git
.temp/TASK-260803-21lw4t/worktree/.temp/TASK-260803-21lw4t/pytest-ordinary/popen-gw2/test_user_level_declaration_em0/project/.git
.temp/TASK-260803-21lw4t/worktree/.temp/TASK-260803-21lw4t/pytest-ordinary/popen-gw2/test_user_level_declaration_em0/skills/skill-sheets/.git
.temp/TASK-260803-21lw4t/worktree/.temp/TASK-260803-21lw4t/pytest-ordinary/popen-gw3/test_active_journal_with_no_re0/project/.git
.temp/TASK-260803-21lw4t/worktree/.temp/TASK-260803-21lw4t/pytest-ordinary/popen-gw3/test_active_journal_with_no_re0/skills/build-skill/.git
.temp/TASK-260803-21lw4t/worktree/.temp/TASK-260803-21lw4t/pytest-ordinary/popen-gw3/test_active_transaction_journa0/project/.git
.temp/TASK-260803-21lw4t/worktree/.temp/TASK-260803-21lw4t/pytest-ordinary/popen-gw3/test_active_transaction_journa0/skills/build-skill/.git
.temp/TASK-260803-21lw4t/worktree/.temp/TASK-260803-21lw4t/pytest-ordinary/popen-gw3/test_build_gc_marks_project_ma0/project/.git
.temp/TASK-260803-21lw4t/worktree/.temp/TASK-260803-21lw4t/pytest-ordinary/popen-gw3/test_build_gc_marks_project_ma0/skills/build-skill/.git
.temp/TASK-260803-21lw4t/worktree/.temp/TASK-260803-21lw4t/pytest-ordinary/popen-gw3/test_build_gc_marks_project_ma0/young-skills/build-skill/.git
.temp/TASK-260803-21lw4t/worktree/.temp/TASK-260803-21lw4t/pytest-ordinary/popen-gw3/test_build_gc_marks_project_ma0/young/project/.git
.temp/TASK-260803-21lw4t/worktree/.temp/TASK-260803-21lw4t/pytest-ordinary/popen-gw3/test_build_gc_marks_valid_glob0/project/.git
.temp/TASK-260803-21lw4t/worktree/.temp/TASK-260803-21lw4t/pytest-ordinary/popen-gw3/test_build_gc_marks_valid_glob0/skills/build-skill/.git
.temp/TASK-260803-21lw4t/worktree/.temp/TASK-260803-21lw4t/pytest-ordinary/popen-gw3/test_build_gc_marks_valid_glob1/project/.git
.temp/TASK-260803-21lw4t/worktree/.temp/TASK-260803-21lw4t/pytest-ordinary/popen-gw3/test_build_gc_marks_valid_glob1/skills/build-skill/.git
.temp/TASK-260803-21lw4t/worktree/.temp/TASK-260803-21lw4t/pytest-ordinary/popen-gw3/test_cli_audit_all_includes_re0/project/.git
.temp/TASK-260803-21lw4t/worktree/.temp/TASK-260803-21lw4t/pytest-ordinary/popen-gw3/test_cli_audit_all_includes_re0/skills/skill-a/.git
.temp/TASK-260803-21lw4t/worktree/.temp/TASK-260803-21lw4t/pytest-ordinary/popen-gw3/test_cli_audit_all_includes_re0/skills/skill-b/.git
.temp/TASK-260803-21lw4t/worktree/.temp/TASK-260803-21lw4t/pytest-ordinary/popen-gw3/test_cli_audit_allow_does_not_0/project/.git
.temp/TASK-260803-21lw4t/worktree/.temp/TASK-260803-21lw4t/pytest-ordinary/popen-gw3/test_cli_audit_allow_does_not_0/skills/skill-a/.git
.temp/TASK-260803-21lw4t/worktree/.temp/TASK-260803-21lw4t/pytest-ordinary/popen-gw3/test_cli_audit_allow_pins_sche0/project/.git
.temp/TASK-260803-21lw4t/worktree/.temp/TASK-260803-21lw4t/pytest-ordinary/popen-gw3/test_cli_audit_allow_pins_sche0/skills/skill-a/.git
.temp/TASK-260803-21lw4t/worktree/.temp/TASK-260803-21lw4t/pytest-ordinary/popen-gw3/test_cli_audit_global_scope0/skills/skill-a/.git
.temp/TASK-260803-21lw4t/worktree/.temp/TASK-260803-21lw4t/pytest-ordinary/popen-gw3/test_cli_audit_json_reports_st0/project/.git
.temp/TASK-260803-21lw4t/worktree/.temp/TASK-260803-21lw4t/pytest-ordinary/popen-gw3/test_cli_audit_json_reports_st0/skills/skill-a/.git
.temp/TASK-260803-21lw4t/worktree/.temp/TASK-260803-21lw4t/pytest-ordinary/popen-gw3/test_cli_audit_redacts_url_sec0/project/.git
.temp/TASK-260803-21lw4t/worktree/.temp/TASK-260803-21lw4t/pytest-ordinary/popen-gw3/test_cli_audit_redacts_url_sec0/skills/skill-a/.git
.temp/TASK-260803-21lw4t/worktree/.temp/TASK-260803-21lw4t/pytest-ordinary/popen-gw3/test_cli_audit_revocation_bloc0/project/.git
.temp/TASK-260803-21lw4t/worktree/.temp/TASK-260803-21lw4t/pytest-ordinary/popen-gw3/test_cli_audit_revocation_bloc0/skills/skill-a/.git
.temp/TASK-260803-21lw4t/worktree/.temp/TASK-260803-21lw4t/pytest-ordinary/popen-gw3/test_cli_audit_source_revocati0/project/.git
.temp/TASK-260803-21lw4t/worktree/.temp/TASK-260803-21lw4t/pytest-ordinary/popen-gw3/test_cli_audit_source_revocati0/skills/skill-a/.git
.temp/TASK-260803-21lw4t/worktree/.temp/TASK-260803-21lw4t/pytest-ordinary/popen-gw3/test_cli_audit_strict_blocks_o0/project/.git
.temp/TASK-260803-21lw4t/worktree/.temp/TASK-260803-21lw4t/pytest-ordinary/popen-gw3/test_cli_audit_strict_blocks_o0/skills/skill-a/.git
.temp/TASK-260803-21lw4t/worktree/.temp/TASK-260803-21lw4t/pytest-ordinary/popen-gw3/test_cli_audit_strict_reports_0/project/.git
.temp/TASK-260803-21lw4t/worktree/.temp/TASK-260803-21lw4t/pytest-ordinary/popen-gw3/test_cli_audit_strict_reports_0/skills/skill-a/.git
.temp/TASK-260803-21lw4t/worktree/.temp/TASK-260803-21lw4t/pytest-ordinary/popen-gw3/test_cli_gc_command_reports_su0/p1/.git
.temp/TASK-260803-21lw4t/worktree/.temp/TASK-260803-21lw4t/pytest-ordinary/popen-gw3/test_cli_install_audit_flag_wa0/project/.git
.temp/TASK-260803-21lw4t/worktree/.temp/TASK-260803-21lw4t/pytest-ordinary/popen-gw3/test_cli_install_audit_flag_wa0/skills/skill-a/.git
.temp/TASK-260803-21lw4t/worktree/.temp/TASK-260803-21lw4t/pytest-ordinary/popen-gw3/test_cli_install_audit_strict_0/project/.git
.temp/TASK-260803-21lw4t/worktree/.temp/TASK-260803-21lw4t/pytest-ordinary/popen-gw3/test_cli_install_audit_strict_0/skills/skill-a/.git
.temp/TASK-260803-21lw4t/worktree/.temp/TASK-260803-21lw4t/pytest-ordinary/popen-gw3/test_corrupt_consumer_registry0/project/.git
.temp/TASK-260803-21lw4t/worktree/.temp/TASK-260803-21lw4t/pytest-ordinary/popen-gw3/test_corrupt_consumer_registry0/skills/build-skill/.git
.temp/TASK-260803-21lw4t/worktree/.temp/TASK-260803-21lw4t/pytest-ordinary/popen-gw3/test_corrupt_journal_or_marker0/project/.git
.temp/TASK-260803-21lw4t/worktree/.temp/TASK-260803-21lw4t/pytest-ordinary/popen-gw3/test_corrupt_journal_or_marker0/skills/build-skill/.git
.temp/TASK-260803-21lw4t/worktree/.temp/TASK-260803-21lw4t/pytest-ordinary/popen-gw3/test_gc_sweeps_orphan_tmp_dirs0/p1/.git
.temp/TASK-260803-21lw4t/worktree/.temp/TASK-260803-21lw4t/pytest-ordinary/popen-gw3/test_gc_sweeps_orphan_tmp_dirs0/skills/skill-tool/.git
.temp/TASK-260803-21lw4t/worktree/.temp/TASK-260803-21lw4t/pytest-ordinary/popen-gw3/test_git_branch_substitution_r0/.cocoaskills/dev/provider/.git
.temp/TASK-260803-21lw4t/worktree/.temp/TASK-260803-21lw4t/pytest-ordinary/popen-gw3/test_git_branch_substitution_r0/fork-provider/.git
.temp/TASK-260803-21lw4t/worktree/.temp/TASK-260803-21lw4t/pytest-ordinary/popen-gw3/test_git_branch_substitution_r0/project/.git
.temp/TASK-260803-21lw4t/worktree/.temp/TASK-260803-21lw4t/pytest-ordinary/popen-gw3/test_git_branch_substitution_r0/skills/consumer/.git
.temp/TASK-260803-21lw4t/worktree/.temp/TASK-260803-21lw4t/pytest-ordinary/popen-gw3/test_git_branch_substitution_r0/skills/provider/.git
.temp/TASK-260803-21lw4t/worktree/.temp/TASK-260803-21lw4t/pytest-ordinary/popen-gw3/test_global_add_remove_and_lis0/project/.git
.temp/TASK-260803-21lw4t/worktree/.temp/TASK-260803-21lw4t/pytest-ordinary/popen-gw3/test_global_build_planning_mer0/project/.git
.temp/TASK-260803-21lw4t/worktree/.temp/TASK-260803-21lw4t/pytest-ordinary/popen-gw3/test_global_build_planning_mer0/skills/consumer-a/.git
.temp/TASK-260803-21lw4t/worktree/.temp/TASK-260803-21lw4t/pytest-ordinary/popen-gw3/test_global_build_planning_mer0/skills/consumer-b/.git
.temp/TASK-260803-21lw4t/worktree/.temp/TASK-260803-21lw4t/pytest-ordinary/popen-gw3/test_global_build_planning_mer0/skills/provider/.git
.temp/TASK-260803-21lw4t/worktree/.temp/TASK-260803-21lw4t/pytest-ordinary/popen-gw3/test_global_build_planning_rej0/project/.git
.temp/TASK-260803-21lw4t/worktree/.temp/TASK-260803-21lw4t/pytest-ordinary/popen-gw3/test_global_build_planning_rej0/skills/consumer-a/.git
.temp/TASK-260803-21lw4t/worktree/.temp/TASK-260803-21lw4t/pytest-ordinary/popen-gw3/test_global_build_planning_rej0/skills/consumer-b/.git
.temp/TASK-260803-21lw4t/worktree/.temp/TASK-260803-21lw4t/pytest-ordinary/popen-gw3/test_global_build_planning_rej0/skills/provider/.git
.temp/TASK-260803-21lw4t/worktree/.temp/TASK-260803-21lw4t/pytest-ordinary/popen-gw3/test_global_build_planning_run0/project/.git
.temp/TASK-260803-21lw4t/worktree/.temp/TASK-260803-21lw4t/pytest-ordinary/popen-gw3/test_global_build_planning_run0/skills/skill-build/.git
.temp/TASK-260803-21lw4t/worktree/.temp/TASK-260803-21lw4t/pytest-ordinary/popen-gw3/test_global_dry_run_missing_go0/project/.git
.temp/TASK-260803-21lw4t/worktree/.temp/TASK-260803-21lw4t/pytest-ordinary/popen-gw3/test_global_dry_run_missing_go0/skills/skill-build/.git
.temp/TASK-260803-21lw4t/worktree/.temp/TASK-260803-21lw4t/pytest-ordinary/popen-gw3/test_global_dry_run_missing_go0/skills/skill-plain/.git
.temp/TASK-260803-21lw4t/worktree/.temp/TASK-260803-21lw4t/pytest-ordinary/popen-gw3/test_global_dry_run_requiremen0/project/.git
.temp/TASK-260803-21lw4t/worktree/.temp/TASK-260803-21lw4t/pytest-ordinary/popen-gw3/test_global_dry_run_requiremen0/skills/skill-a/.git
.temp/TASK-260803-21lw4t/worktree/.temp/TASK-260803-21lw4t/pytest-ordinary/popen-gw3/test_global_dry_run_requiremen1/project/.git
.temp/TASK-260803-21lw4t/worktree/.temp/TASK-260803-21lw4t/pytest-ordinary/popen-gw3/test_global_dry_run_requiremen1/skills/skill-a/.git
.temp/TASK-260803-21lw4t/worktree/.temp/TASK-260803-21lw4t/pytest-ordinary/popen-gw3/test_global_dry_run_retries_al0/project/.git
.temp/TASK-260803-21lw4t/worktree/.temp/TASK-260803-21lw4t/pytest-ordinary/popen-gw3/test_global_external_build_use0/external-tool/.git
.temp/TASK-260803-21lw4t/worktree/.temp/TASK-260803-21lw4t/pytest-ordinary/popen-gw3/test_global_external_build_use0/project/.git
.temp/TASK-260803-21lw4t/worktree/.temp/TASK-260803-21lw4t/pytest-ordinary/popen-gw3/test_global_external_build_use0/skills/external-skill/.git
.temp/TASK-260803-21lw4t/worktree/.temp/TASK-260803-21lw4t/pytest-ordinary/popen-gw3/test_global_init_uses_config_d0/project/.git
.temp/TASK-260803-21lw4t/worktree/.temp/TASK-260803-21lw4t/pytest-ordinary/popen-gw3/test_global_install_audit_advi0/project/.git
.temp/TASK-260803-21lw4t/worktree/.temp/TASK-260803-21lw4t/pytest-ordinary/popen-gw3/test_global_install_audit_advi0/skills/skill-a/.git
.temp/TASK-260803-21lw4t/worktree/.temp/TASK-260803-21lw4t/pytest-ordinary/popen-gw3/test_global_install_audit_stri0/project/.git
.temp/TASK-260803-21lw4t/worktree/.temp/TASK-260803-21lw4t/pytest-ordinary/popen-gw3/test_global_install_audit_stri0/skills/skill-a/.git
.temp/TASK-260803-21lw4t/worktree/.temp/TASK-260803-21lw4t/pytest-ordinary/popen-gw3/test_global_install_cascades_s0/project/.git
.temp/TASK-260803-21lw4t/worktree/.temp/TASK-260803-21lw4t/pytest-ordinary/popen-gw3/test_global_install_cascades_s0/skills/skill-consumer/.git
.temp/TASK-260803-21lw4t/worktree/.temp/TASK-260803-21lw4t/pytest-ordinary/popen-gw3/test_global_install_cascades_s0/skills/skill-provider/.git
.temp/TASK-260803-21lw4t/worktree/.temp/TASK-260803-21lw4t/pytest-ordinary/popen-gw3/test_global_install_checks_ski0/project/.git
.temp/TASK-260803-21lw4t/worktree/.temp/TASK-260803-21lw4t/pytest-ordinary/popen-gw3/test_global_install_checks_ski0/skills/skill-docs-memory/.git
.temp/TASK-260803-21lw4t/worktree/.temp/TASK-260803-21lw4t/pytest-ordinary/popen-gw3/test_global_install_checks_ski0/skills/skill-docs/.git
.temp/TASK-260803-21lw4t/worktree/.temp/TASK-260803-21lw4t/pytest-ordinary/popen-gw3/test_global_install_diagnostic0/project/.git
.temp/TASK-260803-21lw4t/worktree/.temp/TASK-260803-21lw4t/pytest-ordinary/popen-gw3/test_global_install_diagnostic0/skills/skill-good/.git
.temp/TASK-260803-21lw4t/worktree/.temp/TASK-260803-21lw4t/pytest-ordinary/popen-gw3/test_global_install_diagnostic0/skills/skill-missing-dep/.git
.temp/TASK-260803-21lw4t/worktree/.temp/TASK-260803-21lw4t/pytest-ordinary/popen-gw3/test_global_install_does_not_o0/project/.git
.temp/TASK-260803-21lw4t/worktree/.temp/TASK-260803-21lw4t/pytest-ordinary/popen-gw3/test_global_install_does_not_o0/skills/skill-tool/.git
.temp/TASK-260803-21lw4t/worktree/.temp/TASK-260803-21lw4t/pytest-ordinary/popen-gw3/test_global_install_dry_run_do0/project/.git
.temp/TASK-260803-21lw4t/worktree/.temp/TASK-260803-21lw4t/pytest-ordinary/popen-gw3/test_global_install_dry_run_do0/remote-skills/skill-a/.git
.temp/TASK-260803-21lw4t/worktree/.temp/TASK-260803-21lw4t/pytest-ordinary/popen-gw3/test_global_install_is_idempot0/project/.git
.temp/TASK-260803-21lw4t/worktree/.temp/TASK-260803-21lw4t/pytest-ordinary/popen-gw3/test_global_install_is_idempot0/skills/skill-a/.git
.temp/TASK-260803-21lw4t/worktree/.temp/TASK-260803-21lw4t/pytest-ordinary/popen-gw3/test_global_install_lock_conte0/project/.git
.temp/TASK-260803-21lw4t/worktree/.temp/TASK-260803-21lw4t/pytest-ordinary/popen-gw3/test_global_install_preserves_0/project/.git
.temp/TASK-260803-21lw4t/worktree/.temp/TASK-260803-21lw4t/pytest-ordinary/popen-gw3/test_global_install_preserves_0/skills/skill-a/.git
.temp/TASK-260803-21lw4t/worktree/.temp/TASK-260803-21lw4t/pytest-ordinary/popen-gw3/test_global_install_publishes_0/project/.git
.temp/TASK-260803-21lw4t/worktree/.temp/TASK-260803-21lw4t/pytest-ordinary/popen-gw3/test_global_install_publishes_0/skills/skill-tool/.git
.temp/TASK-260803-21lw4t/worktree/.temp/TASK-260803-21lw4t/pytest-ordinary/popen-gw3/test_global_install_rejects_ex0/project/.git
.temp/TASK-260803-21lw4t/worktree/.temp/TASK-260803-21lw4t/pytest-ordinary/popen-gw3/test_global_install_rejects_ex0/skills/skill-tool/.git
.temp/TASK-260803-21lw4t/worktree/.temp/TASK-260803-21lw4t/pytest-ordinary/popen-gw3/test_global_install_resolution0/project/.git
.temp/TASK-260803-21lw4t/worktree/.temp/TASK-260803-21lw4t/pytest-ordinary/popen-gw3/test_global_install_resolution0/skills/skill-good/.git
.temp/TASK-260803-21lw4t/worktree/.temp/TASK-260803-21lw4t/pytest-ordinary/popen-gw3/test_global_install_respects_e0/project/.git
.temp/TASK-260803-21lw4t/worktree/.temp/TASK-260803-21lw4t/pytest-ordinary/popen-gw3/test_global_install_respects_e0/skills/skill-tool/.git
.temp/TASK-260803-21lw4t/worktree/.temp/TASK-260803-21lw4t/pytest-ordinary/popen-gw3/test_global_install_stops_befo0/project/.git
.temp/TASK-260803-21lw4t/worktree/.temp/TASK-260803-21lw4t/pytest-ordinary/popen-gw3/test_global_install_stops_befo0/skills/skill-bad/.git
.temp/TASK-260803-21lw4t/worktree/.temp/TASK-260803-21lw4t/pytest-ordinary/popen-gw3/test_global_install_stops_befo0/skills/skill-build/.git
.temp/TASK-260803-21lw4t/worktree/.temp/TASK-260803-21lw4t/pytest-ordinary/popen-gw3/test_global_install_warns_for_0/project/.git
.temp/TASK-260803-21lw4t/worktree/.temp/TASK-260803-21lw4t/pytest-ordinary/popen-gw3/test_global_install_warns_for_0/skills/skill-tool/.git
.temp/TASK-260803-21lw4t/worktree/.temp/TASK-260803-21lw4t/pytest-ordinary/popen-gw3/test_global_install_warns_when0/project/.git
.temp/TASK-260803-21lw4t/worktree/.temp/TASK-260803-21lw4t/pytest-ordinary/popen-gw3/test_global_install_warns_when0/skills/skill-tool/.git
.temp/TASK-260803-21lw4t/worktree/.temp/TASK-260803-21lw4t/pytest-ordinary/popen-gw3/test_global_install_writes_con0/project/.git
.temp/TASK-260803-21lw4t/worktree/.temp/TASK-260803-21lw4t/pytest-ordinary/popen-gw3/test_global_install_writes_con0/skills/skill-tool/.git
.temp/TASK-260803-21lw4t/worktree/.temp/TASK-260803-21lw4t/pytest-ordinary/popen-gw3/test_global_moved_tag_warns_by0/project/.git
.temp/TASK-260803-21lw4t/worktree/.temp/TASK-260803-21lw4t/pytest-ordinary/popen-gw3/test_global_moved_tag_warns_by0/skills/skill-a/.git
.temp/TASK-260803-21lw4t/worktree/.temp/TASK-260803-21lw4t/pytest-ordinary/popen-gw3/test_global_real_install_mater0/project/.git
.temp/TASK-260803-21lw4t/worktree/.temp/TASK-260803-21lw4t/pytest-ordinary/popen-gw3/test_global_real_install_mater0/skills/consumer/.git
.temp/TASK-260803-21lw4t/worktree/.temp/TASK-260803-21lw4t/pytest-ordinary/popen-gw3/test_global_real_install_mater0/skills/provider/.git
.temp/TASK-260803-21lw4t/worktree/.temp/TASK-260803-21lw4t/pytest-ordinary/popen-gw3/test_global_real_install_mater1/project/.git
.temp/TASK-260803-21lw4t/worktree/.temp/TASK-260803-21lw4t/pytest-ordinary/popen-gw3/test_global_real_install_mater1/skills/consumer-one/.git
.temp/TASK-260803-21lw4t/worktree/.temp/TASK-260803-21lw4t/pytest-ordinary/popen-gw3/test_global_real_install_mater1/skills/consumer-two/.git
.temp/TASK-260803-21lw4t/worktree/.temp/TASK-260803-21lw4t/pytest-ordinary/popen-gw3/test_global_real_install_mater1/skills/provider-one/.git
.temp/TASK-260803-21lw4t/worktree/.temp/TASK-260803-21lw4t/pytest-ordinary/popen-gw3/test_global_real_install_mater1/skills/provider-two/.git
.temp/TASK-260803-21lw4t/worktree/.temp/TASK-260803-21lw4t/pytest-ordinary/popen-gw3/test_global_real_install_requi0/project/.git
.temp/TASK-260803-21lw4t/worktree/.temp/TASK-260803-21lw4t/pytest-ordinary/popen-gw3/test_global_real_install_requi0/skills/skill-build/.git
.temp/TASK-260803-21lw4t/worktree/.temp/TASK-260803-21lw4t/pytest-ordinary/popen-gw3/test_global_real_install_requi0/skills/skill-plain/.git
.temp/TASK-260803-21lw4t/worktree/.temp/TASK-260803-21lw4t/pytest-ordinary/popen-gw3/test_global_real_install_runs_0/project/.git
.temp/TASK-260803-21lw4t/worktree/.temp/TASK-260803-21lw4t/pytest-ordinary/popen-gw3/test_global_real_install_runs_0/skills/skill-build/.git
.temp/TASK-260803-21lw4t/worktree/.temp/TASK-260803-21lw4t/pytest-ordinary/popen-gw3/test_global_status_reports_mis0/project/.git
.temp/TASK-260803-21lw4t/worktree/.temp/TASK-260803-21lw4t/pytest-ordinary/popen-gw3/test_global_status_reports_mis0/skills/skill-a/.git
.temp/TASK-260803-21lw4t/worktree/.temp/TASK-260803-21lw4t/pytest-ordinary/popen-gw3/test_global_upgrade_dry_run_do0/project/.git
.temp/TASK-260803-21lw4t/worktree/.temp/TASK-260803-21lw4t/pytest-ordinary/popen-gw3/test_global_upgrade_dry_run_do0/remote-skills/skill-a/.git
.temp/TASK-260803-21lw4t/worktree/.temp/TASK-260803-21lw4t/pytest-ordinary/popen-gw3/test_global_upgrade_fetches_re0/project/.git
.temp/TASK-260803-21lw4t/worktree/.temp/TASK-260803-21lw4t/pytest-ordinary/popen-gw3/test_global_upgrade_fetches_re0/skills/skill-a/.git
.temp/TASK-260803-21lw4t/worktree/.temp/TASK-260803-21lw4t/pytest-ordinary/popen-gw3/test_global_upgrade_fetches_re0/source-skill/.git
.temp/TASK-260803-21lw4t/worktree/.temp/TASK-260803-21lw4t/pytest-ordinary/popen-gw3/test_global_upgrade_fetches_tr0/project/.git
.temp/TASK-260803-21lw4t/worktree/.temp/TASK-260803-21lw4t/pytest-ordinary/popen-gw3/test_global_upgrade_fetches_tr0/skills/direct/.git
.temp/TASK-260803-21lw4t/worktree/.temp/TASK-260803-21lw4t/pytest-ordinary/popen-gw3/test_global_upgrade_fetches_tr0/skills/transitive/.git
.temp/TASK-260803-21lw4t/worktree/.temp/TASK-260803-21lw4t/pytest-ordinary/popen-gw3/test_global_upgrade_fetches_tr0/skills/unrelated/.git
.temp/TASK-260803-21lw4t/worktree/.temp/TASK-260803-21lw4t/pytest-ordinary/popen-gw3/test_global_upgrade_releases_u0/project/.git
.temp/TASK-260803-21lw4t/worktree/.temp/TASK-260803-21lw4t/pytest-ordinary/popen-gw3/test_init_ignores_the_dev_mani0/fresh/.git
.temp/TASK-260803-21lw4t/worktree/.temp/TASK-260803-21lw4t/pytest-ordinary/popen-gw3/test_install_verbose_reports_c0/project/.git
.temp/TASK-260803-21lw4t/worktree/.temp/TASK-260803-21lw4t/pytest-ordinary/popen-gw3/test_install_verbose_reports_c0/skills/skill-tool/.git
.temp/TASK-260803-21lw4t/worktree/.temp/TASK-260803-21lw4t/pytest-ordinary/popen-gw3/test_journal_filesystem_error_0/project/.git
.temp/TASK-260803-21lw4t/worktree/.temp/TASK-260803-21lw4t/pytest-ordinary/popen-gw3/test_journal_filesystem_error_0/skills/build-skill/.git
.temp/TASK-260803-21lw4t/worktree/.temp/TASK-260803-21lw4t/pytest-ordinary/popen-gw3/test_journal_generation_change0/project/.git
.temp/TASK-260803-21lw4t/worktree/.temp/TASK-260803-21lw4t/pytest-ordinary/popen-gw3/test_journal_generation_change0/skills/build-skill/.git
.temp/TASK-260803-21lw4t/worktree/.temp/TASK-260803-21lw4t/pytest-ordinary/popen-gw3/test_malformed_dev_manifest_fa0/project/.git
.temp/TASK-260803-21lw4t/worktree/.temp/TASK-260803-21lw4t/pytest-ordinary/popen-gw3/test_malformed_dev_manifest_fa0/skills/consumer/.git
.temp/TASK-260803-21lw4t/worktree/.temp/TASK-260803-21lw4t/pytest-ordinary/popen-gw3/test_malformed_dev_manifest_fa0/skills/provider/.git
.temp/TASK-260803-21lw4t/worktree/.temp/TASK-260803-21lw4t/pytest-ordinary/popen-gw3/test_marker_v1_keeps_runtime_a0/project/.git
.temp/TASK-260803-21lw4t/worktree/.temp/TASK-260803-21lw4t/pytest-ordinary/popen-gw3/test_marker_v1_keeps_runtime_a0/skills/legacy-runtime/.git
.temp/TASK-260803-21lw4t/worktree/.temp/TASK-260803-21lw4t/pytest-ordinary/popen-gw3/test_path_substitution_reads_t0/dev-provider/.git
.temp/TASK-260803-21lw4t/worktree/.temp/TASK-260803-21lw4t/pytest-ordinary/popen-gw3/test_path_substitution_reads_t0/project/.git
.temp/TASK-260803-21lw4t/worktree/.temp/TASK-260803-21lw4t/pytest-ordinary/popen-gw3/test_path_substitution_reads_t0/skills/consumer/.git
.temp/TASK-260803-21lw4t/worktree/.temp/TASK-260803-21lw4t/pytest-ordinary/popen-gw3/test_path_substitution_reads_t0/skills/provider/.git
.temp/TASK-260803-21lw4t/worktree/.temp/TASK-260803-21lw4t/pytest-ordinary/popen-gw3/test_project_command_shim_shad0/project/.git
.temp/TASK-260803-21lw4t/worktree/.temp/TASK-260803-21lw4t/pytest-ordinary/popen-gw3/test_project_command_shim_shad0/skills/skill-tool/.git
.temp/TASK-260803-21lw4t/worktree/.temp/TASK-260803-21lw4t/pytest-ordinary/popen-gw3/test_project_external_build_in0/external-tool/.git
.temp/TASK-260803-21lw4t/worktree/.temp/TASK-260803-21lw4t/pytest-ordinary/popen-gw3/test_project_external_build_in0/project/.git
.temp/TASK-260803-21lw4t/worktree/.temp/TASK-260803-21lw4t/pytest-ordinary/popen-gw3/test_project_external_build_in0/skills/external-skill/.git
.temp/TASK-260803-21lw4t/worktree/.temp/TASK-260803-21lw4t/pytest-ordinary/popen-gw3/test_runtime_gc_keeps_global_o0/project/.git
.temp/TASK-260803-21lw4t/worktree/.temp/TASK-260803-21lw4t/pytest-ordinary/popen-gw3/test_runtime_gc_keeps_global_o0/skills/skill-tool/.git
.temp/TASK-260803-21lw4t/worktree/.temp/TASK-260803-21lw4t/pytest-ordinary/popen-gw3/test_runtime_gc_keeps_referenc0/p1/.git
.temp/TASK-260803-21lw4t/worktree/.temp/TASK-260803-21lw4t/pytest-ordinary/popen-gw3/test_runtime_gc_keeps_referenc0/p2/.git
.temp/TASK-260803-21lw4t/worktree/.temp/TASK-260803-21lw4t/pytest-ordinary/popen-gw3/test_runtime_gc_keeps_referenc0/skills/skill-tool/.git
.temp/TASK-260803-21lw4t/worktree/.temp/TASK-260803-21lw4t/pytest-ordinary/popen-gw3/test_runtime_gc_keeps_runtime_0/p1/.git
.temp/TASK-260803-21lw4t/worktree/.temp/TASK-260803-21lw4t/pytest-ordinary/popen-gw3/test_runtime_gc_keeps_runtime_0/p2/.git
.temp/TASK-260803-21lw4t/worktree/.temp/TASK-260803-21lw4t/pytest-ordinary/popen-gw3/test_runtime_gc_keeps_runtime_0/skills/skill-tool/.git
.temp/TASK-260803-21lw4t/worktree/.temp/TASK-260803-21lw4t/pytest-ordinary/popen-gw3/test_runtime_gc_prunes_consume0/p1/.git
.temp/TASK-260803-21lw4t/worktree/.temp/TASK-260803-21lw4t/pytest-ordinary/popen-gw3/test_runtime_gc_prunes_consume0/p2/.git
.temp/TASK-260803-21lw4t/worktree/.temp/TASK-260803-21lw4t/pytest-ordinary/popen-gw3/test_runtime_gc_prunes_consume0/skills/skill-tool/.git
.temp/TASK-260803-21lw4t/worktree/.temp/TASK-260803-21lw4t/pytest-ordinary/popen-gw3/test_runtime_gc_prunes_dead_co0/p1/.git
.temp/TASK-260803-21lw4t/worktree/.temp/TASK-260803-21lw4t/pytest-ordinary/popen-gw3/test_runtime_gc_prunes_dead_co0/skills/skill-tool/.git
.temp/TASK-260803-21lw4t/worktree/.temp/TASK-260803-21lw4t/pytest-ordinary/popen-gw3/test_snapshot_cache_gc_removes0/p1/.git
.temp/TASK-260803-21lw4t/worktree/.temp/TASK-260803-21lw4t/pytest-ordinary/popen-gw3/test_snapshot_cache_gc_removes0/skills/skill-tool/.git
.temp/TASK-260803-21lw4t/worktree/.temp/TASK-260803-21lw4t/pytest-ordinary/popen-gw3/test_ssh_external_build_withou0/external-tool/.git
.temp/TASK-260803-21lw4t/worktree/.temp/TASK-260803-21lw4t/pytest-ordinary/popen-gw3/test_ssh_external_build_withou0/project/.git
.temp/TASK-260803-21lw4t/worktree/.temp/TASK-260803-21lw4t/pytest-ordinary/popen-gw3/test_ssh_external_build_withou0/skills/external-skill/.git
.temp/TASK-260803-21lw4t/worktree/.temp/TASK-260803-21lw4t/pytest-ordinary/popen-gw3/test_status_prints_active_subs0/project/.git
.temp/TASK-260803-21lw4t/worktree/.temp/TASK-260803-21lw4t/pytest-ordinary/popen-gw3/test_status_prints_active_subs0/skills/consumer/.git
.temp/TASK-260803-21lw4t/worktree/.temp/TASK-260803-21lw4t/pytest-ordinary/popen-gw3/test_status_prints_active_subs0/skills/provider/.git
.temp/TASK-260803-21lw4t/worktree/.temp/TASK-260803-21lw4t/pytest-ordinary/popen-gw3/test_strict_audit_refuses_subs0/project/.git
.temp/TASK-260803-21lw4t/worktree/.temp/TASK-260803-21lw4t/pytest-ordinary/popen-gw3/test_strict_audit_refuses_subs0/skills/consumer/.git
.temp/TASK-260803-21lw4t/worktree/.temp/TASK-260803-21lw4t/pytest-ordinary/popen-gw3/test_strict_audit_refuses_subs0/skills/provider/.git
.temp/TASK-260803-21lw4t/worktree/.temp/TASK-260803-21lw4t/pytest-ordinary/popen-gw3/test_substitution_manifest_mus0/project/.git
.temp/TASK-260803-21lw4t/worktree/.temp/TASK-260803-21lw4t/pytest-ordinary/popen-gw3/test_substitution_manifest_mus0/skills/consumer/.git
.temp/TASK-260803-21lw4t/worktree/.temp/TASK-260803-21lw4t/pytest-ordinary/popen-gw3/test_substitution_manifest_mus0/skills/provider/.git
.temp/TASK-260803-21lw4t/worktree/.temp/TASK-260803-21lw4t/pytest-ordinary/popen-gw3/test_successful_install_runs_s0/project/.git
.temp/TASK-260803-21lw4t/worktree/.temp/TASK-260803-21lw4t/pytest-ordinary/popen-gw3/test_successful_install_runs_s0/skills/skill-a/.git
.temp/TASK-260803-21lw4t/worktree/.temp/TASK-260803-21lw4t/pytest-ordinary/popen-gw3/test_unreferenced_corrupt_prot0/project/.git
.temp/TASK-260803-21lw4t/worktree/.temp/TASK-260803-21lw4t/pytest-ordinary/popen-gw3/test_unreferenced_corrupt_prot0/skills/build-skill/.git
.temp/TASK-260803-21lw4t/worktree/.temp/TASK-260803-21lw4t/pytest-ordinary/popen-gw3/test_valid_journal_target_cann0/project/.git
.temp/TASK-260803-21lw4t/worktree/.temp/TASK-260803-21lw4t/pytest-ordinary/popen-gw3/test_valid_journal_target_cann0/skills/build-skill/.git
.temp/TASK-260803-21lw4t/worktree/.temp/TASK-260803-21lw4t/source-clean/.git
.temp/TASK-260803-21lw4t/worktree/.temp/TASK-260803-2ol7ok/basetemp-p01-lifecycle-cached-baseline/test_rc6_gc_observation_surviv0/gc/mark-sweep/project/.git
.temp/TASK-260803-21lw4t/worktree/.temp/TASK-260803-2ol7ok/basetemp-p01-lifecycle-cached-baseline/test_rc6_gc_observation_surviv0/gc/mark-sweep/skills/build-skill/.git
.temp/TASK-260803-21lw4t/worktree/.temp/TASK-260803-2ol7ok/basetemp-p01-lifecycle-cached-baseline/test_rc6_gc_observation_surviv0/gc/post-commit-warning/project/.git
.temp/TASK-260803-21lw4t/worktree/.temp/TASK-260803-2ol7ok/basetemp-p01-lifecycle-cached-baseline/test_rc6_gc_observation_surviv0/gc/post-commit-warning/skills/skill-a/.git
.temp/TASK-260803-21lw4t/worktree/.temp/TASK-260803-2ol7ok/basetemp-p01-lifecycle-cached-baseline/test_rc6_gc_observation_surviv0/gc/uncertain/project/.git
.temp/TASK-260803-21lw4t/worktree/.temp/TASK-260803-2ol7ok/basetemp-p01-lifecycle-cached-baseline/test_rc6_gc_observation_surviv0/gc/uncertain/skills/build-skill/.git
.temp/TASK-260803-21lw4t/worktree/.temp/TASK-260803-2ol7ok/basetemp-p01-reversed/test_rc6_gc_observation_surviv0/gc/mark-sweep/project/.git
.temp/TASK-260803-21lw4t/worktree/.temp/TASK-260803-2ol7ok/basetemp-p01-reversed/test_rc6_gc_observation_surviv0/gc/mark-sweep/skills/build-skill/.git
.temp/TASK-260803-21lw4t/worktree/.temp/TASK-260803-2ol7ok/basetemp-p01-reversed/test_rc6_gc_observation_surviv0/gc/post-commit-warning/project/.git
.temp/TASK-260803-21lw4t/worktree/.temp/TASK-260803-2ol7ok/basetemp-p01-reversed/test_rc6_gc_observation_surviv0/gc/post-commit-warning/skills/skill-a/.git
.temp/TASK-260803-21lw4t/worktree/.temp/TASK-260803-2ol7ok/basetemp-p01-reversed/test_rc6_gc_observation_surviv0/gc/uncertain/project/.git
.temp/TASK-260803-21lw4t/worktree/.temp/TASK-260803-2ol7ok/basetemp-p01-reversed/test_rc6_gc_observation_surviv0/gc/uncertain/skills/build-skill/.git
.temp/TASK-260803-21lw4t/worktree/.temp/TASK-260803-2ol7ok/curator-spec/.git
.temp/TASK-260819-2j7v0x/curator-rc5/.git
.temp/TASK-260819-2j7v0x/curator-rc6/.git
.temp/TASK-260819-2j7v0x/curator-spec-cache/.git
.temp/TASK-260819-2j7v0x/xdist-ordinary-basetemp/popen-gw0/test_audit_cache_hit_skips_sta0/project/.git
.temp/TASK-260819-2j7v0x/xdist-ordinary-basetemp/popen-gw0/test_audit_cache_hit_skips_sta0/skills/skill-a/.git
.temp/TASK-260819-2j7v0x/xdist-ordinary-basetemp/popen-gw0/test_audit_cache_ignores_malfo0/project/.git
.temp/TASK-260819-2j7v0x/xdist-ordinary-basetemp/popen-gw0/test_audit_cache_ignores_malfo0/skills/skill-a/.git
.temp/TASK-260819-2j7v0x/xdist-ordinary-basetemp/popen-gw0/test_audit_cache_recomputes_de0/project/.git
.temp/TASK-260819-2j7v0x/xdist-ordinary-basetemp/popen-gw0/test_audit_cache_recomputes_de0/skills/skill-a/.git
.temp/TASK-260819-2j7v0x/xdist-ordinary-basetemp/popen-gw0/test_audit_cache_rejects_unkno0/project/.git
.temp/TASK-260819-2j7v0x/xdist-ordinary-basetemp/popen-gw0/test_audit_cache_rejects_unkno0/skills/skill-a/.git
.temp/TASK-260819-2j7v0x/xdist-ordinary-basetemp/popen-gw0/test_audit_static_canary_failu0/project/.git
.temp/TASK-260819-2j7v0x/xdist-ordinary-basetemp/popen-gw0/test_audit_static_canary_failu0/skills/skill-a/.git
.temp/TASK-260819-2j7v0x/xdist-ordinary-basetemp/popen-gw0/test_audit_static_canary_runs_0/project/.git
.temp/TASK-260819-2j7v0x/xdist-ordinary-basetemp/popen-gw0/test_audit_static_canary_runs_0/skills/skill-a/.git
.temp/TASK-260819-2j7v0x/xdist-ordinary-basetemp/popen-gw0/test_audit_static_canary_runs_0/skills/skill-b/.git
.temp/TASK-260819-2j7v0x/xdist-ordinary-basetemp/popen-gw0/test_branch_without_remote_is_0/skills/skill-a/.git
.temp/TASK-260819-2j7v0x/xdist-ordinary-basetemp/popen-gw0/test_build_failure_preserves_e0/project/.git
.temp/TASK-260819-2j7v0x/xdist-ordinary-basetemp/popen-gw0/test_build_failure_preserves_e0/skills/compiled/.git
.temp/TASK-260819-2j7v0x/xdist-ordinary-basetemp/popen-gw0/test_cli_add_and_remove_edit_p0/project/.git
.temp/TASK-260819-2j7v0x/xdist-ordinary-basetemp/popen-gw0/test_cli_add_rejects_invalid_n0/project/.git
.temp/TASK-260819-2j7v0x/xdist-ordinary-basetemp/popen-gw0/test_cli_add_via_project_alias0/project/.git
.temp/TASK-260819-2j7v0x/xdist-ordinary-basetemp/popen-gw0/test_cli_bare_install_uses_cur0/project/.git
.temp/TASK-260819-2j7v0x/xdist-ordinary-basetemp/popen-gw0/test_cli_bare_install_uses_cur0/skills/skill-a/.git
.temp/TASK-260819-2j7v0x/xdist-ordinary-basetemp/popen-gw0/test_cli_bare_install_without_0/project/.git
.temp/TASK-260819-2j7v0x/xdist-ordinary-basetemp/popen-gw0/test_cli_bare_install_without_0/skills/unused/.git
.temp/TASK-260819-2j7v0x/xdist-ordinary-basetemp/popen-gw0/test_cli_bare_status_uses_curr0/project/.git
.temp/TASK-260819-2j7v0x/xdist-ordinary-basetemp/popen-gw0/test_cli_bare_upgrade_uses_cur0/project/.git
.temp/TASK-260819-2j7v0x/xdist-ordinary-basetemp/popen-gw0/test_cli_bare_upgrade_uses_cur0/skills/skill-a/.git
.temp/TASK-260819-2j7v0x/xdist-ordinary-basetemp/popen-gw0/test_cli_check_and_json_fail_f0/project/.git
.temp/TASK-260819-2j7v0x/xdist-ordinary-basetemp/popen-gw0/test_cli_check_and_json_fail_f0/skills/build-skill/.git
.temp/TASK-260819-2j7v0x/xdist-ordinary-basetemp/popen-gw0/test_cli_fix_gitignore_emits_d0/project/.git
.temp/TASK-260819-2j7v0x/xdist-ordinary-basetemp/popen-gw0/test_cli_fix_gitignore_emits_d0/skills/skill-a/.git
.temp/TASK-260819-2j7v0x/xdist-ordinary-basetemp/popen-gw0/test_cli_init_creates_skillfil0/project/.git
.temp/TASK-260819-2j7v0x/xdist-ordinary-basetemp/popen-gw0/test_cli_init_is_idempotent_an0/project/.git
.temp/TASK-260819-2j7v0x/xdist-ordinary-basetemp/popen-gw0/test_cli_init_non_git_then_git0/plain-project/.git
.temp/TASK-260819-2j7v0x/xdist-ordinary-basetemp/popen-gw0/test_cli_init_non_git_then_git0/skills/unused/.git
.temp/TASK-260819-2j7v0x/xdist-ordinary-basetemp/popen-gw0/test_cli_init_rejects_nested_p0/project/.git
.temp/TASK-260819-2j7v0x/xdist-ordinary-basetemp/popen-gw0/test_cli_install_all_uses_regi0/one/.git
.temp/TASK-260819-2j7v0x/xdist-ordinary-basetemp/popen-gw0/test_cli_install_all_uses_regi0/skills/skill-a/.git
.temp/TASK-260819-2j7v0x/xdist-ordinary-basetemp/popen-gw0/test_cli_install_all_uses_regi0/two/.git
.temp/TASK-260819-2j7v0x/xdist-ordinary-basetemp/popen-gw0/test_cli_install_dot_does_not_0/project/.git
.temp/TASK-260819-2j7v0x/xdist-ordinary-basetemp/popen-gw0/test_cli_install_dot_does_not_0/skills/skill-a/.git
.temp/TASK-260819-2j7v0x/xdist-ordinary-basetemp/popen-gw0/test_cli_install_dot_dry_run_d0/project/.git
.temp/TASK-260819-2j7v0x/xdist-ordinary-basetemp/popen-gw0/test_cli_install_dot_dry_run_d0/skills/skill-a/.git
.temp/TASK-260819-2j7v0x/xdist-ordinary-basetemp/popen-gw0/test_cli_install_dot_uses_curr0/project/.git
.temp/TASK-260819-2j7v0x/xdist-ordinary-basetemp/popen-gw0/test_cli_install_dot_uses_curr0/skills/skill-a/.git
.temp/TASK-260819-2j7v0x/xdist-ordinary-basetemp/popen-gw0/test_cli_install_dry_run_does_0/project/.git
.temp/TASK-260819-2j7v0x/xdist-ordinary-basetemp/popen-gw0/test_cli_install_explicit_targ0/project/.git
.temp/TASK-260819-2j7v0x/xdist-ordinary-basetemp/popen-gw0/test_cli_install_tilde_path_us0/home/project/.git
.temp/TASK-260819-2j7v0x/xdist-ordinary-basetemp/popen-gw0/test_cli_install_tilde_path_us0/skills/skill-a/.git
.temp/TASK-260819-2j7v0x/xdist-ordinary-basetemp/popen-gw0/test_cli_list_paths_shows_alia0/project/.git
.temp/TASK-260819-2j7v0x/xdist-ordinary-basetemp/popen-gw0/test_cli_lock_contention_retur0/project/.git
.temp/TASK-260819-2j7v0x/xdist-ordinary-basetemp/popen-gw0/test_cli_lock_contention_retur0/skills/skill-a/.git
.temp/TASK-260819-2j7v0x/xdist-ordinary-basetemp/popen-gw0/test_cli_project_add_creates_s0/project/.git
.temp/TASK-260819-2j7v0x/xdist-ordinary-basetemp/popen-gw0/test_cli_project_resolve_confi0/project/.git
.temp/TASK-260819-2j7v0x/xdist-ordinary-basetemp/popen-gw0/test_cli_project_resolve_repor0/project/.git
.temp/TASK-260819-2j7v0x/xdist-ordinary-basetemp/popen-gw0/test_cli_status_all_reports_re0/one/.git
.temp/TASK-260819-2j7v0x/xdist-ordinary-basetemp/popen-gw0/test_cli_status_all_reports_re0/two/.git
.temp/TASK-260819-2j7v0x/xdist-ordinary-basetemp/popen-gw0/test_cli_status_check_exit_cod0/project/.git
.temp/TASK-260819-2j7v0x/xdist-ordinary-basetemp/popen-gw0/test_cli_status_check_exit_cod0/skills/skill-a/.git
.temp/TASK-260819-2j7v0x/xdist-ordinary-basetemp/popen-gw0/test_cli_status_dot_uses_curre0/project/.git
.temp/TASK-260819-2j7v0x/xdist-ordinary-basetemp/popen-gw0/test_cli_status_dot_uses_curre0/skills/skill-a/.git
.temp/TASK-260819-2j7v0x/xdist-ordinary-basetemp/popen-gw0/test_cli_status_error_label_in0/project/.git
.temp/TASK-260819-2j7v0x/xdist-ordinary-basetemp/popen-gw0/test_cli_status_json_is_machin0/project/.git
.temp/TASK-260819-2j7v0x/xdist-ordinary-basetemp/popen-gw0/test_cli_status_json_is_machin0/skills/skill-a/.git
.temp/TASK-260819-2j7v0x/xdist-ordinary-basetemp/popen-gw0/test_cli_update_reports_missin0/project/.git
.temp/TASK-260819-2j7v0x/xdist-ordinary-basetemp/popen-gw0/test_cli_update_reports_missin0/skills/skill-a/.git
.temp/TASK-260819-2j7v0x/xdist-ordinary-basetemp/popen-gw0/test_cli_upgrade_dry_run_does_0/project/.git
.temp/TASK-260819-2j7v0x/xdist-ordinary-basetemp/popen-gw0/test_cli_upgrade_fetches_only_0/project/.git
.temp/TASK-260819-2j7v0x/xdist-ordinary-basetemp/popen-gw0/test_cli_upgrade_fetches_only_0/skills/skill-selected/.git
.temp/TASK-260819-2j7v0x/xdist-ordinary-basetemp/popen-gw0/test_cli_upgrade_fetches_only_0/skills/skill-unrelated/.git
.temp/TASK-260819-2j7v0x/xdist-ordinary-basetemp/popen-gw0/test_clone_repo_clones_local_r0/cloned/.git
.temp/TASK-260819-2j7v0x/xdist-ordinary-basetemp/popen-gw0/test_clone_repo_clones_local_r0/skills/skill-a/.git
.temp/TASK-260819-2j7v0x/xdist-ordinary-basetemp/popen-gw0/test_commit_generation_change_0/project/.git
.temp/TASK-260819-2j7v0x/xdist-ordinary-basetemp/popen-gw0/test_conflicting_commits_for_o0/project/.git
.temp/TASK-260819-2j7v0x/xdist-ordinary-basetemp/popen-gw0/test_conflicting_commits_for_o0/skills/consumer-a/.git
.temp/TASK-260819-2j7v0x/xdist-ordinary-basetemp/popen-gw0/test_conflicting_commits_for_o0/skills/consumer-b/.git
.temp/TASK-260819-2j7v0x/xdist-ordinary-basetemp/popen-gw0/test_conflicting_commits_for_o0/skills/provider/.git
.temp/TASK-260819-2j7v0x/xdist-ordinary-basetemp/popen-gw0/test_conflicting_source_identi0/project/.git
.temp/TASK-260819-2j7v0x/xdist-ordinary-basetemp/popen-gw0/test_conflicting_source_identi0/skills/consumer-a/.git
.temp/TASK-260819-2j7v0x/xdist-ordinary-basetemp/popen-gw0/test_conflicting_source_identi0/skills/consumer-b/.git
.temp/TASK-260819-2j7v0x/xdist-ordinary-basetemp/popen-gw0/test_conflicting_source_identi0/skills/provider/.git
.temp/TASK-260819-2j7v0x/xdist-ordinary-basetemp/popen-gw0/test_context_leak_and_raw_snap0/project/.git
.temp/TASK-260819-2j7v0x/xdist-ordinary-basetemp/popen-gw0/test_context_leak_and_raw_snap0/skills/build-skill/.git
.temp/TASK-260819-2j7v0x/xdist-ordinary-basetemp/popen-gw0/test_corrupt_artifact_is_rebui0/project/.git
.temp/TASK-260819-2j7v0x/xdist-ordinary-basetemp/popen-gw0/test_corrupt_artifact_is_rebui0/skills/build-skill/.git
.temp/TASK-260819-2j7v0x/xdist-ordinary-basetemp/popen-gw0/test_csk_install_prints_the_op0/project/.git
.temp/TASK-260819-2j7v0x/xdist-ordinary-basetemp/popen-gw0/test_csk_install_prints_the_op0/skills/compiled/.git
.temp/TASK-260819-2j7v0x/xdist-ordinary-basetemp/popen-gw0/test_current_toolchain_and_nat0/project/.git
.temp/TASK-260819-2j7v0x/xdist-ordinary-basetemp/popen-gw0/test_current_toolchain_and_nat0/skills/build-skill/.git
.temp/TASK-260819-2j7v0x/xdist-ordinary-basetemp/popen-gw0/test_current_toolchain_and_nat1/project/.git
.temp/TASK-260819-2j7v0x/xdist-ordinary-basetemp/popen-gw0/test_current_toolchain_and_nat1/skills/build-skill/.git
.temp/TASK-260819-2j7v0x/xdist-ordinary-basetemp/popen-gw0/test_dependency_cycle_fails0/project/.git
.temp/TASK-260819-2j7v0x/xdist-ordinary-basetemp/popen-gw0/test_dependency_cycle_fails0/skills/skill-a/.git
.temp/TASK-260819-2j7v0x/xdist-ordinary-basetemp/popen-gw0/test_dependency_cycle_fails0/skills/skill-b/.git
.temp/TASK-260819-2j7v0x/xdist-ordinary-basetemp/popen-gw0/test_direct_and_transitive_dec0/project/.git
.temp/TASK-260819-2j7v0x/xdist-ordinary-basetemp/popen-gw0/test_direct_and_transitive_dec0/skills/consumer/.git
.temp/TASK-260819-2j7v0x/xdist-ordinary-basetemp/popen-gw0/test_direct_and_transitive_dec0/skills/provider/.git
.temp/TASK-260819-2j7v0x/xdist-ordinary-basetemp/popen-gw0/test_disallowed_source_is_neve0/project/.git
.temp/TASK-260819-2j7v0x/xdist-ordinary-basetemp/popen-gw0/test_disallowed_source_is_neve0/skills/consumer/.git
.temp/TASK-260819-2j7v0x/xdist-ordinary-basetemp/popen-gw0/test_full_install_then_upgrade0/project/.git
.temp/TASK-260819-2j7v0x/xdist-ordinary-basetemp/popen-gw0/test_full_install_then_upgrade0/skills/skill-a/.git
.temp/TASK-260819-2j7v0x/xdist-ordinary-basetemp/popen-gw0/test_global_and_hybrid_build_s0/project/.git
.temp/TASK-260819-2j7v0x/xdist-ordinary-basetemp/popen-gw0/test_global_and_hybrid_build_s0/skills/global-build/.git
.temp/TASK-260819-2j7v0x/xdist-ordinary-basetemp/popen-gw0/test_global_and_hybrid_build_s0/skills/hybrid-build/.git
.temp/TASK-260819-2j7v0x/xdist-ordinary-basetemp/popen-gw0/test_hybrid_build_is_committed0/project/.git
.temp/TASK-260819-2j7v0x/xdist-ordinary-basetemp/popen-gw0/test_hybrid_build_is_committed0/skills/hybrid-tool/.git
.temp/TASK-260819-2j7v0x/xdist-ordinary-basetemp/popen-gw0/test_legacy_and_reserved_execu0/project/.git
.temp/TASK-260819-2j7v0x/xdist-ordinary-basetemp/popen-gw0/test_legacy_and_reserved_execu0/skills/build-skill/.git
.temp/TASK-260819-2j7v0x/xdist-ordinary-basetemp/popen-gw0/test_legacy_and_reserved_execu1/project/.git
.temp/TASK-260819-2j7v0x/xdist-ordinary-basetemp/popen-gw0/test_legacy_and_reserved_execu1/skills/build-skill/.git
.temp/TASK-260819-2j7v0x/xdist-ordinary-basetemp/popen-gw0/test_legacy_command_dependency0/project/.git
.temp/TASK-260819-2j7v0x/xdist-ordinary-basetemp/popen-gw0/test_legacy_command_dependency0/skills/consumer/.git
.temp/TASK-260819-2j7v0x/xdist-ordinary-basetemp/popen-gw0/test_legacy_command_dependency0/skills/provider/.git
.temp/TASK-260819-2j7v0x/xdist-ordinary-basetemp/popen-gw0/test_local_sources_pass_the_al0/elsewhere/provider/.git
.temp/TASK-260819-2j7v0x/xdist-ordinary-basetemp/popen-gw0/test_local_sources_pass_the_al0/project/.git
.temp/TASK-260819-2j7v0x/xdist-ordinary-basetemp/popen-gw0/test_local_sources_pass_the_al0/skills/consumer/.git
.temp/TASK-260819-2j7v0x/xdist-ordinary-basetemp/popen-gw0/test_local_sources_pass_the_al0/skills/provider/.git
.temp/TASK-260819-2j7v0x/xdist-ordinary-basetemp/popen-gw0/test_managed_shim_and_capabili0/project/.git
.temp/TASK-260819-2j7v0x/xdist-ordinary-basetemp/popen-gw0/test_managed_shim_and_capabili0/skills/build-skill/.git
.temp/TASK-260819-2j7v0x/xdist-ordinary-basetemp/popen-gw0/test_marker_build_boundary_and0/project/.git
.temp/TASK-260819-2j7v0x/xdist-ordinary-basetemp/popen-gw0/test_marker_build_boundary_and0/skills/build-skill/.git
.temp/TASK-260819-2j7v0x/xdist-ordinary-basetemp/popen-gw0/test_marker_build_boundary_and1/project/.git
.temp/TASK-260819-2j7v0x/xdist-ordinary-basetemp/popen-gw0/test_marker_build_boundary_and1/skills/build-skill/.git
.temp/TASK-260819-2j7v0x/xdist-ordinary-basetemp/popen-gw0/test_marker_receipt_and_artifa0/project/.git
.temp/TASK-260819-2j7v0x/xdist-ordinary-basetemp/popen-gw0/test_marker_receipt_and_artifa0/skills/build-skill/.git
.temp/TASK-260819-2j7v0x/xdist-ordinary-basetemp/popen-gw0/test_marker_receipt_and_artifa1/project/.git
.temp/TASK-260819-2j7v0x/xdist-ordinary-basetemp/popen-gw0/test_marker_receipt_and_artifa1/skills/build-skill/.git
.temp/TASK-260819-2j7v0x/xdist-ordinary-basetemp/popen-gw0/test_marker_receipt_and_artifa2/project/.git
.temp/TASK-260819-2j7v0x/xdist-ordinary-basetemp/popen-gw0/test_marker_receipt_and_artifa2/skills/build-skill/.git
.temp/TASK-260819-2j7v0x/xdist-ordinary-basetemp/popen-gw0/test_marker_v1_remains_current0/project/.git
.temp/TASK-260819-2j7v0x/xdist-ordinary-basetemp/popen-gw0/test_marker_v1_remains_current0/skills/legacy-skill/.git
.temp/TASK-260819-2j7v0x/xdist-ordinary-basetemp/popen-gw0/test_marker_v1_remains_current1/project/.git
.temp/TASK-260819-2j7v0x/xdist-ordinary-basetemp/popen-gw0/test_marker_v1_remains_current1/skills/legacy-skill/.git
.temp/TASK-260819-2j7v0x/xdist-ordinary-basetemp/popen-gw0/test_marker_v1_remains_current2/project/.git
.temp/TASK-260819-2j7v0x/xdist-ordinary-basetemp/popen-gw0/test_marker_v1_remains_current2/skills/legacy-skill/.git
.temp/TASK-260819-2j7v0x/xdist-ordinary-basetemp/popen-gw0/test_marker_v1_remains_current3/project/.git
.temp/TASK-260819-2j7v0x/xdist-ordinary-basetemp/popen-gw0/test_marker_v1_remains_current3/skills/legacy-skill/.git
.temp/TASK-260819-2j7v0x/xdist-ordinary-basetemp/popen-gw0/test_marker_v1_remains_current4/project/.git
.temp/TASK-260819-2j7v0x/xdist-ordinary-basetemp/popen-gw0/test_marker_v1_remains_current4/skills/legacy-skill/.git
.temp/TASK-260819-2j7v0x/xdist-ordinary-basetemp/popen-gw0/test_missing_raw_snapshot_is_n0/project/.git
.temp/TASK-260819-2j7v0x/xdist-ordinary-basetemp/popen-gw0/test_missing_raw_snapshot_is_n0/skills/build-skill/.git
.temp/TASK-260819-2j7v0x/xdist-ordinary-basetemp/popen-gw0/test_missing_untrusted_and_uns0/project/.git
.temp/TASK-260819-2j7v0x/xdist-ordinary-basetemp/popen-gw0/test_missing_untrusted_and_uns0/skills/build-skill/.git
.temp/TASK-260819-2j7v0x/xdist-ordinary-basetemp/popen-gw0/test_native_backend_reports_fr0/project/.git
.temp/TASK-260819-2j7v0x/xdist-ordinary-basetemp/popen-gw0/test_native_backend_reports_fr0/skills/build-skill/.git
.temp/TASK-260819-2j7v0x/xdist-ordinary-basetemp/popen-gw0/test_noncanonical_protected_re0/project/.git
.temp/TASK-260819-2j7v0x/xdist-ordinary-basetemp/popen-gw0/test_noncanonical_protected_re0/skills/build-skill/.git
.temp/TASK-260819-2j7v0x/xdist-ordinary-basetemp/popen-gw0/test_project_boundary_reports_0/project/.git
.temp/TASK-260819-2j7v0x/xdist-ordinary-basetemp/popen-gw0/test_project_boundary_reports_0/skills/compiled/.git
.temp/TASK-260819-2j7v0x/xdist-ordinary-basetemp/popen-gw0/test_project_build_status_reva0/project/.git
.temp/TASK-260819-2j7v0x/xdist-ordinary-basetemp/popen-gw0/test_project_build_status_reva0/skills/build-skill/.git
.temp/TASK-260819-2j7v0x/xdist-ordinary-basetemp/popen-gw0/test_publication_failure_leave0/project/.git
.temp/TASK-260819-2j7v0x/xdist-ordinary-basetemp/popen-gw0/test_publication_failure_leave0/skills/compiled/.git
.temp/TASK-260819-2j7v0x/xdist-ordinary-basetemp/popen-gw0/test_publish_posts_record0/project/.git
.temp/TASK-260819-2j7v0x/xdist-ordinary-basetemp/popen-gw0/test_publish_reads_token_from_0/project/.git
.temp/TASK-260819-2j7v0x/xdist-ordinary-basetemp/popen-gw0/test_publish_requires_registry0/project/.git
.temp/TASK-260819-2j7v0x/xdist-ordinary-basetemp/popen-gw0/test_publish_requires_token0/project/.git
.temp/TASK-260819-2j7v0x/xdist-ordinary-basetemp/popen-gw0/test_real_builds_run_provider_0/project/.git
.temp/TASK-260819-2j7v0x/xdist-ordinary-basetemp/popen-gw0/test_real_builds_run_provider_0/skills/consumer/.git
.temp/TASK-260819-2j7v0x/xdist-ordinary-basetemp/popen-gw0/test_real_builds_run_provider_0/skills/provider/.git
.temp/TASK-260819-2j7v0x/xdist-ordinary-basetemp/popen-gw0/test_requirement_command_missi0/project/.git
.temp/TASK-260819-2j7v0x/xdist-ordinary-basetemp/popen-gw0/test_requirement_command_missi0/skills/consumer/.git
.temp/TASK-260819-2j7v0x/xdist-ordinary-basetemp/popen-gw0/test_requirement_command_missi0/skills/provider/.git
.temp/TASK-260819-2j7v0x/xdist-ordinary-basetemp/popen-gw0/test_resolve_tag_branch_and_re0/skills/skill-a/.git
.temp/TASK-260819-2j7v0x/xdist-ordinary-basetemp/popen-gw0/test_runtime_build_root_exposu0/project/.git
.temp/TASK-260819-2j7v0x/xdist-ordinary-basetemp/popen-gw0/test_runtime_build_root_exposu0/skills/build-skill/.git
.temp/TASK-260819-2j7v0x/xdist-ordinary-basetemp/popen-gw0/test_second_project_consumer_f0/project-one/.git
.temp/TASK-260819-2j7v0x/xdist-ordinary-basetemp/popen-gw0/test_second_project_consumer_f0/project-two/.git
.temp/TASK-260819-2j7v0x/xdist-ordinary-basetemp/popen-gw0/test_second_project_consumer_f0/skills/context-skill/.git
.temp/TASK-260819-2j7v0x/xdist-ordinary-basetemp/popen-gw0/test_transitive_requirement_in0/project/.git
.temp/TASK-260819-2j7v0x/xdist-ordinary-basetemp/popen-gw0/test_transitive_requirement_in0/skills/consumer/.git
.temp/TASK-260819-2j7v0x/xdist-ordinary-basetemp/popen-gw0/test_transitive_requirement_in0/skills/provider/.git
.temp/TASK-260819-2j7v0x/xdist-ordinary-basetemp/popen-gw0/test_transitive_source_is_clon0/elsewhere/provider/.git
.temp/TASK-260819-2j7v0x/xdist-ordinary-basetemp/popen-gw0/test_transitive_source_is_clon0/project/.git
.temp/TASK-260819-2j7v0x/xdist-ordinary-basetemp/popen-gw0/test_transitive_source_is_clon0/skills/consumer/.git
.temp/TASK-260819-2j7v0x/xdist-ordinary-basetemp/popen-gw0/test_transitive_source_is_clon0/skills/provider/.git
.temp/TASK-260819-2j7v0x/xdist-ordinary-basetemp/popen-gw0/test_two_projects_share_verifi0/project-one/.git
.temp/TASK-260819-2j7v0x/xdist-ordinary-basetemp/popen-gw0/test_two_projects_share_verifi0/project-two/.git
.temp/TASK-260819-2j7v0x/xdist-ordinary-basetemp/popen-gw0/test_two_projects_share_verifi0/skills/compiled/.git
.temp/TASK-260819-2j7v0x/xdist-ordinary-basetemp/popen-gw0/test_two_refs_resolving_to_one0/project/.git
.temp/TASK-260819-2j7v0x/xdist-ordinary-basetemp/popen-gw0/test_two_refs_resolving_to_one0/skills/consumer-a/.git
.temp/TASK-260819-2j7v0x/xdist-ordinary-basetemp/popen-gw0/test_two_refs_resolving_to_one0/skills/consumer-b/.git
.temp/TASK-260819-2j7v0x/xdist-ordinary-basetemp/popen-gw0/test_two_refs_resolving_to_one0/skills/provider/.git
.temp/TASK-260819-2j7v0x/xdist-ordinary-basetemp/popen-gw0/test_unknown_agent_names_warn0/project/.git
.temp/TASK-260819-2j7v0x/xdist-ordinary-basetemp/popen-gw0/test_update_fetches_skill_clon0/project/.git
.temp/TASK-260819-2j7v0x/xdist-ordinary-basetemp/popen-gw0/test_update_fetches_skill_clon0/skills/skill-a/.git
.temp/TASK-260819-2j7v0x/xdist-ordinary-basetemp/popen-gw0/test_update_fetches_skill_clon0/source-skill/.git
.temp/TASK-260819-2j7v0x/xdist-ordinary-basetemp/popen-gw0/test_upgrade_fetches_remote_br0/project/.git
.temp/TASK-260819-2j7v0x/xdist-ordinary-basetemp/popen-gw0/test_upgrade_fetches_remote_br0/skills/skill-a/.git
.temp/TASK-260819-2j7v0x/xdist-ordinary-basetemp/popen-gw0/test_upgrade_fetches_remote_br0/source-skill/.git
.temp/TASK-260819-2j7v0x/xdist-ordinary-basetemp/popen-gw0/test_upgrade_fetches_transitiv0/project/.git
.temp/TASK-260819-2j7v0x/xdist-ordinary-basetemp/popen-gw0/test_upgrade_fetches_transitiv0/skills/consumer/.git
.temp/TASK-260819-2j7v0x/xdist-ordinary-basetemp/popen-gw0/test_upgrade_fetches_transitiv0/skills/provider/.git
.temp/TASK-260819-2j7v0x/xdist-ordinary-basetemp/popen-gw0/test_upgrade_fetches_transitiv0/skills/unrelated/.git
.temp/TASK-260819-2j7v0x/xdist-ordinary-basetemp/popen-gw0/test_upgrade_without_alias_upd0/project-one/.git
.temp/TASK-260819-2j7v0x/xdist-ordinary-basetemp/popen-gw0/test_upgrade_without_alias_upd0/project-two/.git
.temp/TASK-260819-2j7v0x/xdist-ordinary-basetemp/popen-gw0/test_upgrade_without_alias_upd0/skills/skill-a/.git
.temp/TASK-260819-2j7v0x/xdist-ordinary-basetemp/popen-gw0/test_upgrade_without_alias_upd0/source-skill/.git
.temp/TASK-260819-2j7v0x/xdist-ordinary-basetemp/popen-gw1/test_active_command_collision_0/project/.git
.temp/TASK-260819-2j7v0x/xdist-ordinary-basetemp/popen-gw1/test_active_command_collision_0/skills/consumer/.git
.temp/TASK-260819-2j7v0x/xdist-ordinary-basetemp/popen-gw1/test_active_command_collision_0/skills/provider-one/.git
.temp/TASK-260819-2j7v0x/xdist-ordinary-basetemp/popen-gw1/test_active_command_collision_0/skills/provider-two/.git
.temp/TASK-260819-2j7v0x/xdist-ordinary-basetemp/popen-gw1/test_agents_change_updates_mar0/project/.git
.temp/TASK-260819-2j7v0x/xdist-ordinary-basetemp/popen-gw1/test_agents_change_updates_mar0/skills/skill-a/.git
.temp/TASK-260819-2j7v0x/xdist-ordinary-basetemp/popen-gw1/test_audit_advisory_warns_but_0/project/.git
.temp/TASK-260819-2j7v0x/xdist-ordinary-basetemp/popen-gw1/test_audit_advisory_warns_but_0/skills/skill-a/.git
.temp/TASK-260819-2j7v0x/xdist-ordinary-basetemp/popen-gw1/test_audit_backend_failure_blo0/project/.git
.temp/TASK-260819-2j7v0x/xdist-ordinary-basetemp/popen-gw1/test_audit_backend_failure_blo0/skills/skill-a/.git
.temp/TASK-260819-2j7v0x/xdist-ordinary-basetemp/popen-gw1/test_audit_backend_failure_war0/project/.git
.temp/TASK-260819-2j7v0x/xdist-ordinary-basetemp/popen-gw1/test_audit_backend_failure_war0/skills/skill-a/.git
.temp/TASK-260819-2j7v0x/xdist-ordinary-basetemp/popen-gw1/test_audit_canary_failure_bloc0/project/.git
.temp/TASK-260819-2j7v0x/xdist-ordinary-basetemp/popen-gw1/test_audit_canary_failure_bloc0/skills/skill-a/.git
.temp/TASK-260819-2j7v0x/xdist-ordinary-basetemp/popen-gw1/test_audit_dry_run_does_not_wr0/project/.git
.temp/TASK-260819-2j7v0x/xdist-ordinary-basetemp/popen-gw1/test_audit_dry_run_does_not_wr0/skills/skill-a/.git
.temp/TASK-260819-2j7v0x/xdist-ordinary-basetemp/popen-gw1/test_audit_revocation_blocks_i0/project/.git
.temp/TASK-260819-2j7v0x/xdist-ordinary-basetemp/popen-gw1/test_audit_revocation_blocks_i0/skills/skill-a/.git
.temp/TASK-260819-2j7v0x/xdist-ordinary-basetemp/popen-gw1/test_audit_strict_blocks_befor0/project/.git
.temp/TASK-260819-2j7v0x/xdist-ordinary-basetemp/popen-gw1/test_audit_strict_blocks_befor0/skills/skill-a/.git
.temp/TASK-260819-2j7v0x/xdist-ordinary-basetemp/popen-gw1/test_audit_strict_requires_pin0/project/.git
.temp/TASK-260819-2j7v0x/xdist-ordinary-basetemp/popen-gw1/test_audit_strict_requires_pin0/skills/skill-a/.git
.temp/TASK-260819-2j7v0x/xdist-ordinary-basetemp/popen-gw1/test_build_planning_runs_only_0/project/.git
.temp/TASK-260819-2j7v0x/xdist-ordinary-basetemp/popen-gw1/test_build_planning_runs_only_0/skills/skill-build/.git
.temp/TASK-260819-2j7v0x/xdist-ordinary-basetemp/popen-gw1/test_cleanup_removes_undeclare0/project/.git
.temp/TASK-260819-2j7v0x/xdist-ordinary-basetemp/popen-gw1/test_cleanup_removes_undeclare0/skills/skill-tool/.git
.temp/TASK-260819-2j7v0x/xdist-ordinary-basetemp/popen-gw1/test_command_collision_fails0/project/.git
.temp/TASK-260819-2j7v0x/xdist-ordinary-basetemp/popen-gw1/test_command_collision_fails0/skills/skill-one/.git
.temp/TASK-260819-2j7v0x/xdist-ordinary-basetemp/popen-gw1/test_command_collision_fails0/skills/skill-two/.git
.temp/TASK-260819-2j7v0x/xdist-ordinary-basetemp/popen-gw1/test_compiled_dry_run_preserve0/project/.git
.temp/TASK-260819-2j7v0x/xdist-ordinary-basetemp/popen-gw1/test_compiled_dry_run_preserve0/skills/skill-build/.git
.temp/TASK-260819-2j7v0x/xdist-ordinary-basetemp/popen-gw1/test_context_requirement_insta0/project/.git
.temp/TASK-260819-2j7v0x/xdist-ordinary-basetemp/popen-gw1/test_context_requirement_insta0/skills/consumer/.git
.temp/TASK-260819-2j7v0x/xdist-ordinary-basetemp/popen-gw1/test_context_requirement_insta0/skills/provider/.git
.temp/TASK-260819-2j7v0x/xdist-ordinary-basetemp/popen-gw1/test_dry_run_clones_git_url_on0/project/.git
.temp/TASK-260819-2j7v0x/xdist-ordinary-basetemp/popen-gw1/test_dry_run_clones_git_url_on0/remotes/skill-a/.git
.temp/TASK-260819-2j7v0x/xdist-ordinary-basetemp/popen-gw1/test_dry_run_does_not_modify_p0/project/.git
.temp/TASK-260819-2j7v0x/xdist-ordinary-basetemp/popen-gw1/test_dry_run_does_not_modify_p0/skills/skill-a/.git
.temp/TASK-260819-2j7v0x/xdist-ordinary-basetemp/popen-gw1/test_effective_surface_is_the_0/project/.git
.temp/TASK-260819-2j7v0x/xdist-ordinary-basetemp/popen-gw1/test_effective_surface_is_the_0/skills/consumer-a/.git
.temp/TASK-260819-2j7v0x/xdist-ordinary-basetemp/popen-gw1/test_effective_surface_is_the_0/skills/consumer-b/.git
.temp/TASK-260819-2j7v0x/xdist-ordinary-basetemp/popen-gw1/test_effective_surface_is_the_0/skills/provider/.git
.temp/TASK-260819-2j7v0x/xdist-ordinary-basetemp/popen-gw1/test_failed_update_preserves_p0/project/.git
.temp/TASK-260819-2j7v0x/xdist-ordinary-basetemp/popen-gw1/test_failed_update_preserves_p0/skills/skill-a/.git
.temp/TASK-260819-2j7v0x/xdist-ordinary-basetemp/popen-gw1/test_full_requirement_is_the_d0/project/.git
.temp/TASK-260819-2j7v0x/xdist-ordinary-basetemp/popen-gw1/test_full_requirement_is_the_d0/skills/consumer/.git
.temp/TASK-260819-2j7v0x/xdist-ordinary-basetemp/popen-gw1/test_full_requirement_is_the_d0/skills/provider/.git
.temp/TASK-260819-2j7v0x/xdist-ordinary-basetemp/popen-gw1/test_gitignore_fix_allows_inst0/project/.git
.temp/TASK-260819-2j7v0x/xdist-ordinary-basetemp/popen-gw1/test_gitignore_fix_allows_inst0/skills/skill-a/.git
.temp/TASK-260819-2j7v0x/xdist-ordinary-basetemp/popen-gw1/test_gitignore_gate_skips_proj0/project/.git
.temp/TASK-260819-2j7v0x/xdist-ordinary-basetemp/popen-gw1/test_gitignore_gate_skips_proj0/skills/skill-a/.git
.temp/TASK-260819-2j7v0x/xdist-ordinary-basetemp/popen-gw1/test_gitmodules_rejected0/project/.git
.temp/TASK-260819-2j7v0x/xdist-ordinary-basetemp/popen-gw1/test_gitmodules_rejected0/skills/skill-a/.git
.temp/TASK-260819-2j7v0x/xdist-ordinary-basetemp/popen-gw1/test_global_install_only_accep0/project/.git
.temp/TASK-260819-2j7v0x/xdist-ordinary-basetemp/popen-gw1/test_global_install_only_accep0/skills/skill-a/.git
.temp/TASK-260819-2j7v0x/xdist-ordinary-basetemp/popen-gw1/test_global_install_only_accep0/skills/skill-b/.git
.temp/TASK-260819-2j7v0x/xdist-ordinary-basetemp/popen-gw1/test_global_install_only_accep0/skills/skill-c/.git
.temp/TASK-260819-2j7v0x/xdist-ordinary-basetemp/popen-gw1/test_global_install_only_insta0/project/.git
.temp/TASK-260819-2j7v0x/xdist-ordinary-basetemp/popen-gw1/test_global_install_only_insta0/skills/skill-consumer/.git
.temp/TASK-260819-2j7v0x/xdist-ordinary-basetemp/popen-gw1/test_global_install_only_insta0/skills/skill-provider/.git
.temp/TASK-260819-2j7v0x/xdist-ordinary-basetemp/popen-gw1/test_global_install_only_insta0/skills/skill-unrelated/.git
.temp/TASK-260819-2j7v0x/xdist-ordinary-basetemp/popen-gw1/test_global_install_only_never0/project/.git
.temp/TASK-260819-2j7v0x/xdist-ordinary-basetemp/popen-gw1/test_global_install_only_never0/skills/skill-wanted/.git
.temp/TASK-260819-2j7v0x/xdist-ordinary-basetemp/popen-gw1/test_global_install_only_prese0/project/.git
.temp/TASK-260819-2j7v0x/xdist-ordinary-basetemp/popen-gw1/test_global_install_only_prese0/skills/skill-kept/.git
.temp/TASK-260819-2j7v0x/xdist-ordinary-basetemp/popen-gw1/test_global_install_only_prese0/skills/skill-target/.git
.temp/TASK-260819-2j7v0x/xdist-ordinary-basetemp/popen-gw1/test_global_install_only_rejec0/project/.git
.temp/TASK-260819-2j7v0x/xdist-ordinary-basetemp/popen-gw1/test_global_install_only_rejec0/skills/skill-kept/.git
.temp/TASK-260819-2j7v0x/xdist-ordinary-basetemp/popen-gw1/test_global_install_only_rejec0/skills/skill-target/.git
.temp/TASK-260819-2j7v0x/xdist-ordinary-basetemp/popen-gw1/test_global_install_only_rejec1/project/.git
.temp/TASK-260819-2j7v0x/xdist-ordinary-basetemp/popen-gw1/test_global_install_only_rejec1/skills/skill-a/.git
.temp/TASK-260819-2j7v0x/xdist-ordinary-basetemp/popen-gw1/test_global_install_only_warns0/project/.git
.temp/TASK-260819-2j7v0x/xdist-ordinary-basetemp/popen-gw1/test_global_install_only_warns0/skills/skill-consumer/.git
.temp/TASK-260819-2j7v0x/xdist-ordinary-basetemp/popen-gw1/test_global_install_only_warns0/skills/skill-provider/.git
.temp/TASK-260819-2j7v0x/xdist-ordinary-basetemp/popen-gw1/test_global_install_without_on0/project/.git
.temp/TASK-260819-2j7v0x/xdist-ordinary-basetemp/popen-gw1/test_global_install_without_on0/skills/skill-a/.git
.temp/TASK-260819-2j7v0x/xdist-ordinary-basetemp/popen-gw1/test_global_install_without_on1/project/.git
.temp/TASK-260819-2j7v0x/xdist-ordinary-basetemp/popen-gw1/test_global_install_without_on1/skills/skill-a/.git
.temp/TASK-260819-2j7v0x/xdist-ordinary-basetemp/popen-gw1/test_global_install_without_on1/skills/skill-b/.git
.temp/TASK-260819-2j7v0x/xdist-ordinary-basetemp/popen-gw1/test_global_update_only_fetche0/project/.git
.temp/TASK-260819-2j7v0x/xdist-ordinary-basetemp/popen-gw1/test_global_update_only_fetche0/skills/skill-a/.git
.temp/TASK-260819-2j7v0x/xdist-ordinary-basetemp/popen-gw1/test_global_update_only_fetche0/skills/skill-b/.git
.temp/TASK-260819-2j7v0x/xdist-ordinary-basetemp/popen-gw1/test_global_upgrade_only_fetch0/project/.git
.temp/TASK-260819-2j7v0x/xdist-ordinary-basetemp/popen-gw1/test_global_upgrade_only_fetch0/skills/skill-a/.git
.temp/TASK-260819-2j7v0x/xdist-ordinary-basetemp/popen-gw1/test_global_upgrade_only_fetch0/skills/skill-b/.git
.temp/TASK-260819-2j7v0x/xdist-ordinary-basetemp/popen-gw1/test_global_upgrade_only_fetch0/skills/skill-c/.git
.temp/TASK-260819-2j7v0x/xdist-ordinary-basetemp/popen-gw1/test_global_upgrade_without_on0/project/.git
.temp/TASK-260819-2j7v0x/xdist-ordinary-basetemp/popen-gw1/test_global_upgrade_without_on0/skills/skill-a/.git
.temp/TASK-260819-2j7v0x/xdist-ordinary-basetemp/popen-gw1/test_global_upgrade_without_on0/skills/skill-b/.git
.temp/TASK-260819-2j7v0x/xdist-ordinary-basetemp/popen-gw1/test_inactive_exports_never_co0/project/.git
.temp/TASK-260819-2j7v0x/xdist-ordinary-basetemp/popen-gw1/test_inactive_exports_never_co0/skills/consumer/.git
.temp/TASK-260819-2j7v0x/xdist-ordinary-basetemp/popen-gw1/test_inactive_exports_never_co0/skills/provider-one/.git
.temp/TASK-260819-2j7v0x/xdist-ordinary-basetemp/popen-gw1/test_inactive_exports_never_co0/skills/provider-two/.git
.temp/TASK-260819-2j7v0x/xdist-ordinary-basetemp/popen-gw1/test_install_clone_failure_pro0/project/.git
.temp/TASK-260819-2j7v0x/xdist-ordinary-basetemp/popen-gw1/test_install_clones_missing_sk0/project/.git
.temp/TASK-260819-2j7v0x/xdist-ordinary-basetemp/popen-gw1/test_install_clones_missing_sk0/remotes/skill-a/.git
.temp/TASK-260819-2j7v0x/xdist-ordinary-basetemp/popen-gw1/test_install_clones_missing_sk0/skills/skill-a/.git
.temp/TASK-260819-2j7v0x/xdist-ordinary-basetemp/popen-gw1/test_install_declared_script_t0/project/.git
.temp/TASK-260819-2j7v0x/xdist-ordinary-basetemp/popen-gw1/test_install_declared_script_t0/skills/skill-tool/.git
.temp/TASK-260819-2j7v0x/xdist-ordinary-basetemp/popen-gw1/test_install_is_idempotent_for0/project/.git
.temp/TASK-260819-2j7v0x/xdist-ordinary-basetemp/popen-gw1/test_install_is_idempotent_for0/skills/skill-a/.git
.temp/TASK-260819-2j7v0x/xdist-ordinary-basetemp/popen-gw1/test_install_uses_existing_loc0/project/.git
.temp/TASK-260819-2j7v0x/xdist-ordinary-basetemp/popen-gw1/test_install_uses_existing_loc0/skills/skill-a/.git
.temp/TASK-260819-2j7v0x/xdist-ordinary-basetemp/popen-gw1/test_install_writes_marker_sch0/project/.git
.temp/TASK-260819-2j7v0x/xdist-ordinary-basetemp/popen-gw1/test_install_writes_marker_sch0/skills/skill-docs/.git
.temp/TASK-260819-2j7v0x/xdist-ordinary-basetemp/popen-gw1/test_local_path_exists_but_not0/project/.git
.temp/TASK-260819-2j7v0x/xdist-ordinary-basetemp/popen-gw1/test_locale_fallback_warning_s0/project/.git
.temp/TASK-260819-2j7v0x/xdist-ordinary-basetemp/popen-gw1/test_locale_fallback_warning_s0/skills/skill-a/.git
.temp/TASK-260819-2j7v0x/xdist-ordinary-basetemp/popen-gw1/test_marker_schema_mismatch_is0/project/.git
.temp/TASK-260819-2j7v0x/xdist-ordinary-basetemp/popen-gw1/test_marker_schema_mismatch_is0/skills/skill-a/.git
.temp/TASK-260819-2j7v0x/xdist-ordinary-basetemp/popen-gw1/test_materialization_staging_i0/project/.git
.temp/TASK-260819-2j7v0x/xdist-ordinary-basetemp/popen-gw1/test_materialization_staging_i0/skills/skill-a/.git
.temp/TASK-260819-2j7v0x/xdist-ordinary-basetemp/popen-gw1/test_missing_skill_command_dep0/project/.git
.temp/TASK-260819-2j7v0x/xdist-ordinary-basetemp/popen-gw1/test_missing_skill_command_dep0/skills/skill-docs-memory/.git
.temp/TASK-260819-2j7v0x/xdist-ordinary-basetemp/popen-gw1/test_missing_skill_md_error_ma0/project/.git
.temp/TASK-260819-2j7v0x/xdist-ordinary-basetemp/popen-gw1/test_missing_skill_md_error_ma0/skills/skill-a/.git
.temp/TASK-260819-2j7v0x/xdist-ordinary-basetemp/popen-gw1/test_missing_skill_without_git0/project/.git
.temp/TASK-260819-2j7v0x/xdist-ordinary-basetemp/popen-gw1/test_missing_skillfile_warns_a0/project/.git
.temp/TASK-260819-2j7v0x/xdist-ordinary-basetemp/popen-gw1/test_missing_system_command_bl0/project/.git
.temp/TASK-260819-2j7v0x/xdist-ordinary-basetemp/popen-gw1/test_missing_system_command_bl0/skills/skill-system/.git
.temp/TASK-260819-2j7v0x/xdist-ordinary-basetemp/popen-gw1/test_moved_tag_warns_by_defaul0/project/.git
.temp/TASK-260819-2j7v0x/xdist-ordinary-basetemp/popen-gw1/test_moved_tag_warns_by_defaul0/skills/skill-a/.git
.temp/TASK-260819-2j7v0x/xdist-ordinary-basetemp/popen-gw1/test_post_commit_gc_lock_conte0/project/.git
.temp/TASK-260819-2j7v0x/xdist-ordinary-basetemp/popen-gw1/test_post_commit_gc_lock_conte0/skills/skill-a/.git
.temp/TASK-260819-2j7v0x/xdist-ordinary-basetemp/popen-gw1/test_post_commit_gc_runs_only_0/project/.git
.temp/TASK-260819-2j7v0x/xdist-ordinary-basetemp/popen-gw1/test_post_commit_gc_runs_only_0/skills/skill-a/.git
.temp/TASK-260819-2j7v0x/xdist-ordinary-basetemp/popen-gw1/test_project_dry_run_missing_g0/project/.git
.temp/TASK-260819-2j7v0x/xdist-ordinary-basetemp/popen-gw1/test_project_dry_run_missing_g0/skills/skill-build/.git
.temp/TASK-260819-2j7v0x/xdist-ordinary-basetemp/popen-gw1/test_project_dry_run_missing_g0/skills/skill-plain/.git
.temp/TASK-260819-2j7v0x/xdist-ordinary-basetemp/popen-gw1/test_project_dry_run_reports_r0/project/.git
.temp/TASK-260819-2j7v0x/xdist-ordinary-basetemp/popen-gw1/test_project_dry_run_retries_t0/project/.git
.temp/TASK-260819-2j7v0x/xdist-ordinary-basetemp/popen-gw1/test_real_install_requires_bui0/project/.git
.temp/TASK-260819-2j7v0x/xdist-ordinary-basetemp/popen-gw1/test_real_install_requires_bui0/skills/skill-build/.git
.temp/TASK-260819-2j7v0x/xdist-ordinary-basetemp/popen-gw1/test_removed_requirement_clean0/project/.git
.temp/TASK-260819-2j7v0x/xdist-ordinary-basetemp/popen-gw1/test_removed_requirement_clean0/skills/consumer/.git
.temp/TASK-260819-2j7v0x/xdist-ordinary-basetemp/popen-gw1/test_removed_requirement_clean0/skills/provider/.git
.temp/TASK-260819-2j7v0x/xdist-ordinary-basetemp/popen-gw1/test_runtime_requirement_insta0/project/.git
.temp/TASK-260819-2j7v0x/xdist-ordinary-basetemp/popen-gw1/test_runtime_requirement_insta0/skills/consumer/.git
.temp/TASK-260819-2j7v0x/xdist-ordinary-basetemp/popen-gw1/test_runtime_requirement_insta0/skills/provider/.git
.temp/TASK-260819-2j7v0x/xdist-ordinary-basetemp/popen-gw1/test_runtime_requirement_witho0/project/.git
.temp/TASK-260819-2j7v0x/xdist-ordinary-basetemp/popen-gw1/test_runtime_requirement_witho0/skills/consumer/.git
.temp/TASK-260819-2j7v0x/xdist-ordinary-basetemp/popen-gw1/test_runtime_requirement_witho0/skills/provider/.git
.temp/TASK-260819-2j7v0x/xdist-ordinary-basetemp/popen-gw1/test_runtime_root_preserves_ex0/project/.git
.temp/TASK-260819-2j7v0x/xdist-ordinary-basetemp/popen-gw1/test_runtime_root_preserves_ex0/skills/skill-tool/.git
.temp/TASK-260819-2j7v0x/xdist-ordinary-basetemp/popen-gw1/test_runtime_shim_captures_dec0/project/.git
.temp/TASK-260819-2j7v0x/xdist-ordinary-basetemp/popen-gw1/test_runtime_shim_captures_dec0/skills/skill-system/.git
.temp/TASK-260819-2j7v0x/xdist-ordinary-basetemp/popen-gw1/test_runtime_shim_resolves_pro0/project/.git
.temp/TASK-260819-2j7v0x/xdist-ordinary-basetemp/popen-gw1/test_runtime_shim_resolves_pro0/skills/skill-consumer/.git
.temp/TASK-260819-2j7v0x/xdist-ordinary-basetemp/popen-gw1/test_runtime_shim_resolves_pro0/skills/skill-provider/.git
.temp/TASK-260819-2j7v0x/xdist-ordinary-basetemp/popen-gw1/test_schema_v2_copies_runtime_0/project/.git
.temp/TASK-260819-2j7v0x/xdist-ordinary-basetemp/popen-gw1/test_schema_v2_copies_runtime_0/skills/skill-tool/.git
.temp/TASK-260819-2j7v0x/xdist-ordinary-basetemp/popen-gw1/test_schema_v6_build_root_stay0/project/.git
.temp/TASK-260819-2j7v0x/xdist-ordinary-basetemp/popen-gw1/test_schema_v6_build_root_stay0/skills/skill-build/.git
.temp/TASK-260819-2j7v0x/xdist-ordinary-basetemp/popen-gw1/test_schema_v6_stale_build_roo0/project/.git
.temp/TASK-260819-2j7v0x/xdist-ordinary-basetemp/popen-gw1/test_schema_v6_stale_build_roo0/skills/skill-build/.git
.temp/TASK-260819-2j7v0x/xdist-ordinary-basetemp/popen-gw1/test_schema_v6_stale_build_roo1/project/.git
.temp/TASK-260819-2j7v0x/xdist-ordinary-basetemp/popen-gw1/test_schema_v6_stale_build_roo1/skills/skill-build/.git
.temp/TASK-260819-2j7v0x/xdist-ordinary-basetemp/popen-gw1/test_schema_v6_stale_build_roo2/project/.git
.temp/TASK-260819-2j7v0x/xdist-ordinary-basetemp/popen-gw1/test_schema_v6_stale_build_roo2/skills/skill-build/.git
.temp/TASK-260819-2j7v0x/xdist-ordinary-basetemp/popen-gw1/test_skill_command_dependency_0/project/.git
.temp/TASK-260819-2j7v0x/xdist-ordinary-basetemp/popen-gw1/test_skill_command_dependency_0/skills/skill-docs-memory/.git
.temp/TASK-260819-2j7v0x/xdist-ordinary-basetemp/popen-gw1/test_skill_command_dependency_0/skills/skill-docs/.git
.temp/TASK-260819-2j7v0x/xdist-ordinary-basetemp/popen-gw1/test_skill_command_dependency_1/project/.git
.temp/TASK-260819-2j7v0x/xdist-ordinary-basetemp/popen-gw1/test_skill_command_dependency_1/skills/skill-docs-memory/.git
.temp/TASK-260819-2j7v0x/xdist-ordinary-basetemp/popen-gw1/test_skill_command_dependency_1/skills/skill-docs/.git
.temp/TASK-260819-2j7v0x/xdist-ordinary-basetemp/popen-gw1/test_skill_command_dependency_2/project/.git
.temp/TASK-260819-2j7v0x/xdist-ordinary-basetemp/popen-gw1/test_skill_command_dependency_2/skills/skill-docs-memory/.git
.temp/TASK-260819-2j7v0x/xdist-ordinary-basetemp/popen-gw1/test_skill_command_dependency_2/skills/skill-docs/.git
.temp/TASK-260819-2j7v0x/xdist-ordinary-basetemp/popen-gw1/test_snapshot_cache_reused_for0/project-one/.git
.temp/TASK-260819-2j7v0x/xdist-ordinary-basetemp/popen-gw1/test_snapshot_cache_reused_for0/project-two/.git
.temp/TASK-260819-2j7v0x/xdist-ordinary-basetemp/popen-gw1/test_snapshot_cache_reused_for0/skills/skill-a/.git
.temp/TASK-260819-2j7v0x/xdist-ordinary-basetemp/popen-gw1/test_system_command_missing_fa0/project/.git
.temp/TASK-260819-2j7v0x/xdist-ordinary-basetemp/popen-gw1/test_system_command_missing_fa0/skills/skill-system/.git
.temp/TASK-260819-2j7v0x/xdist-ordinary-basetemp/popen-gw1/test_system_dependencies_do_no0/project/.git
.temp/TASK-260819-2j7v0x/xdist-ordinary-basetemp/popen-gw1/test_system_dependencies_do_no0/skills/skill-one/.git
.temp/TASK-260819-2j7v0x/xdist-ordinary-basetemp/popen-gw1/test_system_dependencies_do_no0/skills/skill-two/.git
.temp/TASK-260819-2j7v0x/xdist-ordinary-basetemp/popen-gw1/test_system_dependency_declare0/project/.git
.temp/TASK-260819-2j7v0x/xdist-ordinary-basetemp/popen-gw1/test_system_dependency_declare0/skills/skill-system/.git
.temp/TASK-260819-2j7v0x/xdist-ordinary-basetemp/popen-gw1/test_transaction_recovery_wait0/project/.git
.temp/TASK-260819-2j7v0x/xdist-ordinary-basetemp/popen-gw1/test_transaction_recovery_wait0/skills/compiled/.git
.temp/TASK-260819-2j7v0x/xdist-ordinary-basetemp/popen-gw2/test_active_journal_with_no_re0/project/.git
.temp/TASK-260819-2j7v0x/xdist-ordinary-basetemp/popen-gw2/test_active_journal_with_no_re0/skills/build-skill/.git
.temp/TASK-260819-2j7v0x/xdist-ordinary-basetemp/popen-gw2/test_active_transaction_journa0/project/.git
.temp/TASK-260819-2j7v0x/xdist-ordinary-basetemp/popen-gw2/test_active_transaction_journa0/skills/build-skill/.git
.temp/TASK-260819-2j7v0x/xdist-ordinary-basetemp/popen-gw2/test_build_gc_marks_project_ma0/project/.git
.temp/TASK-260819-2j7v0x/xdist-ordinary-basetemp/popen-gw2/test_build_gc_marks_project_ma0/skills/build-skill/.git
.temp/TASK-260819-2j7v0x/xdist-ordinary-basetemp/popen-gw2/test_build_gc_marks_project_ma0/young-skills/build-skill/.git
.temp/TASK-260819-2j7v0x/xdist-ordinary-basetemp/popen-gw2/test_build_gc_marks_project_ma0/young/project/.git
.temp/TASK-260819-2j7v0x/xdist-ordinary-basetemp/popen-gw2/test_build_gc_marks_valid_glob0/project/.git
.temp/TASK-260819-2j7v0x/xdist-ordinary-basetemp/popen-gw2/test_build_gc_marks_valid_glob0/skills/build-skill/.git
.temp/TASK-260819-2j7v0x/xdist-ordinary-basetemp/popen-gw2/test_build_gc_marks_valid_glob1/project/.git
.temp/TASK-260819-2j7v0x/xdist-ordinary-basetemp/popen-gw2/test_build_gc_marks_valid_glob1/skills/build-skill/.git
.temp/TASK-260819-2j7v0x/xdist-ordinary-basetemp/popen-gw2/test_cli_audit_all_includes_re0/project/.git
.temp/TASK-260819-2j7v0x/xdist-ordinary-basetemp/popen-gw2/test_cli_audit_all_includes_re0/skills/skill-a/.git
.temp/TASK-260819-2j7v0x/xdist-ordinary-basetemp/popen-gw2/test_cli_audit_all_includes_re0/skills/skill-b/.git
.temp/TASK-260819-2j7v0x/xdist-ordinary-basetemp/popen-gw2/test_cli_audit_allow_does_not_0/project/.git
.temp/TASK-260819-2j7v0x/xdist-ordinary-basetemp/popen-gw2/test_cli_audit_allow_does_not_0/skills/skill-a/.git
.temp/TASK-260819-2j7v0x/xdist-ordinary-basetemp/popen-gw2/test_cli_audit_allow_pins_sche0/project/.git
.temp/TASK-260819-2j7v0x/xdist-ordinary-basetemp/popen-gw2/test_cli_audit_allow_pins_sche0/skills/skill-a/.git
.temp/TASK-260819-2j7v0x/xdist-ordinary-basetemp/popen-gw2/test_cli_audit_global_scope0/skills/skill-a/.git
.temp/TASK-260819-2j7v0x/xdist-ordinary-basetemp/popen-gw2/test_cli_audit_json_reports_st0/project/.git
.temp/TASK-260819-2j7v0x/xdist-ordinary-basetemp/popen-gw2/test_cli_audit_json_reports_st0/skills/skill-a/.git
.temp/TASK-260819-2j7v0x/xdist-ordinary-basetemp/popen-gw2/test_cli_audit_redacts_url_sec0/project/.git
.temp/TASK-260819-2j7v0x/xdist-ordinary-basetemp/popen-gw2/test_cli_audit_redacts_url_sec0/skills/skill-a/.git
.temp/TASK-260819-2j7v0x/xdist-ordinary-basetemp/popen-gw2/test_cli_audit_revocation_bloc0/project/.git
.temp/TASK-260819-2j7v0x/xdist-ordinary-basetemp/popen-gw2/test_cli_audit_revocation_bloc0/skills/skill-a/.git
.temp/TASK-260819-2j7v0x/xdist-ordinary-basetemp/popen-gw2/test_cli_audit_source_revocati0/project/.git
.temp/TASK-260819-2j7v0x/xdist-ordinary-basetemp/popen-gw2/test_cli_audit_source_revocati0/skills/skill-a/.git
.temp/TASK-260819-2j7v0x/xdist-ordinary-basetemp/popen-gw2/test_cli_audit_strict_blocks_o0/project/.git
.temp/TASK-260819-2j7v0x/xdist-ordinary-basetemp/popen-gw2/test_cli_audit_strict_blocks_o0/skills/skill-a/.git
.temp/TASK-260819-2j7v0x/xdist-ordinary-basetemp/popen-gw2/test_cli_audit_strict_reports_0/project/.git
.temp/TASK-260819-2j7v0x/xdist-ordinary-basetemp/popen-gw2/test_cli_audit_strict_reports_0/skills/skill-a/.git
.temp/TASK-260819-2j7v0x/xdist-ordinary-basetemp/popen-gw2/test_cli_gc_command_reports_su0/p1/.git
.temp/TASK-260819-2j7v0x/xdist-ordinary-basetemp/popen-gw2/test_cli_install_audit_flag_wa0/project/.git
.temp/TASK-260819-2j7v0x/xdist-ordinary-basetemp/popen-gw2/test_cli_install_audit_flag_wa0/skills/skill-a/.git
.temp/TASK-260819-2j7v0x/xdist-ordinary-basetemp/popen-gw2/test_cli_install_audit_strict_0/project/.git
.temp/TASK-260819-2j7v0x/xdist-ordinary-basetemp/popen-gw2/test_cli_install_audit_strict_0/skills/skill-a/.git
.temp/TASK-260819-2j7v0x/xdist-ordinary-basetemp/popen-gw2/test_cloud_command_backend_rec0/project/.git
.temp/TASK-260819-2j7v0x/xdist-ordinary-basetemp/popen-gw2/test_cloud_command_backend_rec0/skills/skill-a/.git
.temp/TASK-260819-2j7v0x/xdist-ordinary-basetemp/popen-gw2/test_codex_backend_constructs_0/project/.git
.temp/TASK-260819-2j7v0x/xdist-ordinary-basetemp/popen-gw2/test_codex_backend_constructs_0/skills/skill-a/.git
.temp/TASK-260819-2j7v0x/xdist-ordinary-basetemp/popen-gw2/test_command_backend_failure_r0/project/.git
.temp/TASK-260819-2j7v0x/xdist-ordinary-basetemp/popen-gw2/test_command_backend_failure_r0/skills/skill-a/.git
.temp/TASK-260819-2j7v0x/xdist-ordinary-basetemp/popen-gw2/test_command_backend_receives_0/project/.git
.temp/TASK-260819-2j7v0x/xdist-ordinary-basetemp/popen-gw2/test_command_backend_receives_0/skills/skill-a/.git
.temp/TASK-260819-2j7v0x/xdist-ordinary-basetemp/popen-gw2/test_command_backend_timeout_w0/project/.git
.temp/TASK-260819-2j7v0x/xdist-ordinary-basetemp/popen-gw2/test_command_backend_timeout_w0/skills/skill-a/.git
.temp/TASK-260819-2j7v0x/xdist-ordinary-basetemp/popen-gw2/test_corrupt_consumer_registry0/project/.git
.temp/TASK-260819-2j7v0x/xdist-ordinary-basetemp/popen-gw2/test_corrupt_consumer_registry0/skills/build-skill/.git
.temp/TASK-260819-2j7v0x/xdist-ordinary-basetemp/popen-gw2/test_corrupt_journal_or_marker0/project/.git
.temp/TASK-260819-2j7v0x/xdist-ordinary-basetemp/popen-gw2/test_corrupt_journal_or_marker0/skills/build-skill/.git
.temp/TASK-260819-2j7v0x/xdist-ordinary-basetemp/popen-gw2/test_fix_gitignore_appends_mis0/project/.git
.temp/TASK-260819-2j7v0x/xdist-ordinary-basetemp/popen-gw2/test_gc_sweeps_orphan_tmp_dirs0/p1/.git
.temp/TASK-260819-2j7v0x/xdist-ordinary-basetemp/popen-gw2/test_gc_sweeps_orphan_tmp_dirs0/skills/skill-tool/.git
.temp/TASK-260819-2j7v0x/xdist-ordinary-basetemp/popen-gw2/test_gitignore_gate_blocks_mis0/project/.git
.temp/TASK-260819-2j7v0x/xdist-ordinary-basetemp/popen-gw2/test_global_add_remove_and_lis0/project/.git
.temp/TASK-260819-2j7v0x/xdist-ordinary-basetemp/popen-gw2/test_global_build_planning_mer0/project/.git
.temp/TASK-260819-2j7v0x/xdist-ordinary-basetemp/popen-gw2/test_global_build_planning_mer0/skills/consumer-a/.git
.temp/TASK-260819-2j7v0x/xdist-ordinary-basetemp/popen-gw2/test_global_build_planning_mer0/skills/consumer-b/.git
.temp/TASK-260819-2j7v0x/xdist-ordinary-basetemp/popen-gw2/test_global_build_planning_mer0/skills/provider/.git
.temp/TASK-260819-2j7v0x/xdist-ordinary-basetemp/popen-gw2/test_global_build_planning_rej0/project/.git
.temp/TASK-260819-2j7v0x/xdist-ordinary-basetemp/popen-gw2/test_global_build_planning_rej0/skills/consumer-a/.git
.temp/TASK-260819-2j7v0x/xdist-ordinary-basetemp/popen-gw2/test_global_build_planning_rej0/skills/consumer-b/.git
.temp/TASK-260819-2j7v0x/xdist-ordinary-basetemp/popen-gw2/test_global_build_planning_rej0/skills/provider/.git
.temp/TASK-260819-2j7v0x/xdist-ordinary-basetemp/popen-gw2/test_global_build_planning_run0/project/.git
.temp/TASK-260819-2j7v0x/xdist-ordinary-basetemp/popen-gw2/test_global_build_planning_run0/skills/skill-build/.git
.temp/TASK-260819-2j7v0x/xdist-ordinary-basetemp/popen-gw2/test_global_dry_run_missing_go0/project/.git
.temp/TASK-260819-2j7v0x/xdist-ordinary-basetemp/popen-gw2/test_global_dry_run_missing_go0/skills/skill-build/.git
.temp/TASK-260819-2j7v0x/xdist-ordinary-basetemp/popen-gw2/test_global_dry_run_missing_go0/skills/skill-plain/.git
.temp/TASK-260819-2j7v0x/xdist-ordinary-basetemp/popen-gw2/test_global_dry_run_requiremen0/project/.git
.temp/TASK-260819-2j7v0x/xdist-ordinary-basetemp/popen-gw2/test_global_dry_run_requiremen0/skills/skill-a/.git
.temp/TASK-260819-2j7v0x/xdist-ordinary-basetemp/popen-gw2/test_global_dry_run_requiremen1/project/.git
.temp/TASK-260819-2j7v0x/xdist-ordinary-basetemp/popen-gw2/test_global_dry_run_requiremen1/skills/skill-a/.git
.temp/TASK-260819-2j7v0x/xdist-ordinary-basetemp/popen-gw2/test_global_dry_run_retries_al0/project/.git
.temp/TASK-260819-2j7v0x/xdist-ordinary-basetemp/popen-gw2/test_global_init_uses_config_d0/project/.git
.temp/TASK-260819-2j7v0x/xdist-ordinary-basetemp/popen-gw2/test_global_install_audit_advi0/project/.git
.temp/TASK-260819-2j7v0x/xdist-ordinary-basetemp/popen-gw2/test_global_install_audit_advi0/skills/skill-a/.git
.temp/TASK-260819-2j7v0x/xdist-ordinary-basetemp/popen-gw2/test_global_install_audit_stri0/project/.git
.temp/TASK-260819-2j7v0x/xdist-ordinary-basetemp/popen-gw2/test_global_install_audit_stri0/skills/skill-a/.git
.temp/TASK-260819-2j7v0x/xdist-ordinary-basetemp/popen-gw2/test_global_install_cascades_s0/project/.git
.temp/TASK-260819-2j7v0x/xdist-ordinary-basetemp/popen-gw2/test_global_install_cascades_s0/skills/skill-consumer/.git
.temp/TASK-260819-2j7v0x/xdist-ordinary-basetemp/popen-gw2/test_global_install_cascades_s0/skills/skill-provider/.git
.temp/TASK-260819-2j7v0x/xdist-ordinary-basetemp/popen-gw2/test_global_install_checks_ski0/project/.git
.temp/TASK-260819-2j7v0x/xdist-ordinary-basetemp/popen-gw2/test_global_install_checks_ski0/skills/skill-docs-memory/.git
.temp/TASK-260819-2j7v0x/xdist-ordinary-basetemp/popen-gw2/test_global_install_checks_ski0/skills/skill-docs/.git
.temp/TASK-260819-2j7v0x/xdist-ordinary-basetemp/popen-gw2/test_global_install_diagnostic0/project/.git
.temp/TASK-260819-2j7v0x/xdist-ordinary-basetemp/popen-gw2/test_global_install_diagnostic0/skills/skill-good/.git
.temp/TASK-260819-2j7v0x/xdist-ordinary-basetemp/popen-gw2/test_global_install_diagnostic0/skills/skill-missing-dep/.git
.temp/TASK-260819-2j7v0x/xdist-ordinary-basetemp/popen-gw2/test_global_install_does_not_o0/project/.git
.temp/TASK-260819-2j7v0x/xdist-ordinary-basetemp/popen-gw2/test_global_install_does_not_o0/skills/skill-tool/.git
.temp/TASK-260819-2j7v0x/xdist-ordinary-basetemp/popen-gw2/test_global_install_dry_run_do0/project/.git
.temp/TASK-260819-2j7v0x/xdist-ordinary-basetemp/popen-gw2/test_global_install_dry_run_do0/remote-skills/skill-a/.git
.temp/TASK-260819-2j7v0x/xdist-ordinary-basetemp/popen-gw2/test_global_install_is_idempot0/project/.git
.temp/TASK-260819-2j7v0x/xdist-ordinary-basetemp/popen-gw2/test_global_install_is_idempot0/skills/skill-a/.git
.temp/TASK-260819-2j7v0x/xdist-ordinary-basetemp/popen-gw2/test_global_install_lock_conte0/project/.git
.temp/TASK-260819-2j7v0x/xdist-ordinary-basetemp/popen-gw2/test_global_install_preserves_0/project/.git
.temp/TASK-260819-2j7v0x/xdist-ordinary-basetemp/popen-gw2/test_global_install_preserves_0/skills/skill-a/.git
.temp/TASK-260819-2j7v0x/xdist-ordinary-basetemp/popen-gw2/test_global_install_publishes_0/project/.git
.temp/TASK-260819-2j7v0x/xdist-ordinary-basetemp/popen-gw2/test_global_install_publishes_0/skills/skill-tool/.git
.temp/TASK-260819-2j7v0x/xdist-ordinary-basetemp/popen-gw2/test_global_install_rejects_ex0/project/.git
.temp/TASK-260819-2j7v0x/xdist-ordinary-basetemp/popen-gw2/test_global_install_rejects_ex0/skills/skill-tool/.git
.temp/TASK-260819-2j7v0x/xdist-ordinary-basetemp/popen-gw2/test_global_install_resolution0/project/.git
.temp/TASK-260819-2j7v0x/xdist-ordinary-basetemp/popen-gw2/test_global_install_resolution0/skills/skill-good/.git
.temp/TASK-260819-2j7v0x/xdist-ordinary-basetemp/popen-gw2/test_global_install_respects_e0/project/.git
.temp/TASK-260819-2j7v0x/xdist-ordinary-basetemp/popen-gw2/test_global_install_respects_e0/skills/skill-tool/.git
.temp/TASK-260819-2j7v0x/xdist-ordinary-basetemp/popen-gw2/test_global_install_stops_befo0/project/.git
.temp/TASK-260819-2j7v0x/xdist-ordinary-basetemp/popen-gw2/test_global_install_stops_befo0/skills/skill-bad/.git
.temp/TASK-260819-2j7v0x/xdist-ordinary-basetemp/popen-gw2/test_global_install_stops_befo0/skills/skill-build/.git
.temp/TASK-260819-2j7v0x/xdist-ordinary-basetemp/popen-gw2/test_global_install_warns_for_0/project/.git
.temp/TASK-260819-2j7v0x/xdist-ordinary-basetemp/popen-gw2/test_global_install_warns_for_0/skills/skill-tool/.git
.temp/TASK-260819-2j7v0x/xdist-ordinary-basetemp/popen-gw2/test_global_install_warns_when0/project/.git
.temp/TASK-260819-2j7v0x/xdist-ordinary-basetemp/popen-gw2/test_global_install_warns_when0/skills/skill-tool/.git
.temp/TASK-260819-2j7v0x/xdist-ordinary-basetemp/popen-gw2/test_global_install_writes_con0/project/.git
.temp/TASK-260819-2j7v0x/xdist-ordinary-basetemp/popen-gw2/test_global_install_writes_con0/skills/skill-tool/.git
.temp/TASK-260819-2j7v0x/xdist-ordinary-basetemp/popen-gw2/test_global_moved_tag_warns_by0/project/.git
.temp/TASK-260819-2j7v0x/xdist-ordinary-basetemp/popen-gw2/test_global_moved_tag_warns_by0/skills/skill-a/.git
.temp/TASK-260819-2j7v0x/xdist-ordinary-basetemp/popen-gw2/test_global_real_install_mater0/project/.git
.temp/TASK-260819-2j7v0x/xdist-ordinary-basetemp/popen-gw2/test_global_real_install_mater0/skills/consumer/.git
.temp/TASK-260819-2j7v0x/xdist-ordinary-basetemp/popen-gw2/test_global_real_install_mater0/skills/provider/.git
.temp/TASK-260819-2j7v0x/xdist-ordinary-basetemp/popen-gw2/test_global_real_install_mater1/project/.git
.temp/TASK-260819-2j7v0x/xdist-ordinary-basetemp/popen-gw2/test_global_real_install_mater1/skills/consumer-one/.git
.temp/TASK-260819-2j7v0x/xdist-ordinary-basetemp/popen-gw2/test_global_real_install_mater1/skills/consumer-two/.git
.temp/TASK-260819-2j7v0x/xdist-ordinary-basetemp/popen-gw2/test_global_real_install_mater1/skills/provider-one/.git
.temp/TASK-260819-2j7v0x/xdist-ordinary-basetemp/popen-gw2/test_global_real_install_mater1/skills/provider-two/.git
.temp/TASK-260819-2j7v0x/xdist-ordinary-basetemp/popen-gw2/test_global_real_install_requi0/project/.git
.temp/TASK-260819-2j7v0x/xdist-ordinary-basetemp/popen-gw2/test_global_real_install_requi0/skills/skill-build/.git
.temp/TASK-260819-2j7v0x/xdist-ordinary-basetemp/popen-gw2/test_global_real_install_requi0/skills/skill-plain/.git
.temp/TASK-260819-2j7v0x/xdist-ordinary-basetemp/popen-gw2/test_global_real_install_runs_0/project/.git
.temp/TASK-260819-2j7v0x/xdist-ordinary-basetemp/popen-gw2/test_global_real_install_runs_0/skills/skill-build/.git
.temp/TASK-260819-2j7v0x/xdist-ordinary-basetemp/popen-gw2/test_global_status_reports_mis0/project/.git
.temp/TASK-260819-2j7v0x/xdist-ordinary-basetemp/popen-gw2/test_global_status_reports_mis0/skills/skill-a/.git
.temp/TASK-260819-2j7v0x/xdist-ordinary-basetemp/popen-gw2/test_global_upgrade_dry_run_do0/project/.git
.temp/TASK-260819-2j7v0x/xdist-ordinary-basetemp/popen-gw2/test_global_upgrade_dry_run_do0/remote-skills/skill-a/.git
.temp/TASK-260819-2j7v0x/xdist-ordinary-basetemp/popen-gw2/test_global_upgrade_fetches_re0/project/.git
.temp/TASK-260819-2j7v0x/xdist-ordinary-basetemp/popen-gw2/test_global_upgrade_fetches_re0/skills/skill-a/.git
.temp/TASK-260819-2j7v0x/xdist-ordinary-basetemp/popen-gw2/test_global_upgrade_fetches_re0/source-skill/.git
.temp/TASK-260819-2j7v0x/xdist-ordinary-basetemp/popen-gw2/test_global_upgrade_fetches_tr0/project/.git
.temp/TASK-260819-2j7v0x/xdist-ordinary-basetemp/popen-gw2/test_global_upgrade_fetches_tr0/skills/direct/.git
.temp/TASK-260819-2j7v0x/xdist-ordinary-basetemp/popen-gw2/test_global_upgrade_fetches_tr0/skills/transitive/.git
.temp/TASK-260819-2j7v0x/xdist-ordinary-basetemp/popen-gw2/test_global_upgrade_fetches_tr0/skills/unrelated/.git
.temp/TASK-260819-2j7v0x/xdist-ordinary-basetemp/popen-gw2/test_global_upgrade_releases_u0/project/.git
.temp/TASK-260819-2j7v0x/xdist-ordinary-basetemp/popen-gw2/test_install_verbose_reports_c0/project/.git
.temp/TASK-260819-2j7v0x/xdist-ordinary-basetemp/popen-gw2/test_install_verbose_reports_c0/skills/skill-tool/.git
.temp/TASK-260819-2j7v0x/xdist-ordinary-basetemp/popen-gw2/test_journal_filesystem_error_0/project/.git
.temp/TASK-260819-2j7v0x/xdist-ordinary-basetemp/popen-gw2/test_journal_filesystem_error_0/skills/build-skill/.git
.temp/TASK-260819-2j7v0x/xdist-ordinary-basetemp/popen-gw2/test_journal_generation_change0/project/.git
.temp/TASK-260819-2j7v0x/xdist-ordinary-basetemp/popen-gw2/test_journal_generation_change0/skills/build-skill/.git
.temp/TASK-260819-2j7v0x/xdist-ordinary-basetemp/popen-gw2/test_marker_v1_keeps_runtime_a0/project/.git
.temp/TASK-260819-2j7v0x/xdist-ordinary-basetemp/popen-gw2/test_marker_v1_keeps_runtime_a0/skills/legacy-runtime/.git
.temp/TASK-260819-2j7v0x/xdist-ordinary-basetemp/popen-gw2/test_oversize_request_skips_ba0/project/.git
.temp/TASK-260819-2j7v0x/xdist-ordinary-basetemp/popen-gw2/test_oversize_request_skips_ba0/skills/skill-a/.git
.temp/TASK-260819-2j7v0x/xdist-ordinary-basetemp/popen-gw2/test_project_command_shim_shad0/project/.git
.temp/TASK-260819-2j7v0x/xdist-ordinary-basetemp/popen-gw2/test_project_command_shim_shad0/skills/skill-tool/.git
.temp/TASK-260819-2j7v0x/xdist-ordinary-basetemp/popen-gw2/test_resolve_current_worktree_0/project/.git
.temp/TASK-260819-2j7v0x/xdist-ordinary-basetemp/popen-gw2/test_resolve_feature_branch_wi0/project/.git
.temp/TASK-260819-2j7v0x/xdist-ordinary-basetemp/popen-gw2/test_resolve_shared_checkout_u0/project/.git
.temp/TASK-260819-2j7v0x/xdist-ordinary-basetemp/popen-gw2/test_resolve_uses_configurable0/project/.git
.temp/TASK-260819-2j7v0x/xdist-ordinary-basetemp/popen-gw2/test_runtime_gc_keeps_global_o0/project/.git
.temp/TASK-260819-2j7v0x/xdist-ordinary-basetemp/popen-gw2/test_runtime_gc_keeps_global_o0/skills/skill-tool/.git
.temp/TASK-260819-2j7v0x/xdist-ordinary-basetemp/popen-gw2/test_runtime_gc_keeps_referenc0/p1/.git
.temp/TASK-260819-2j7v0x/xdist-ordinary-basetemp/popen-gw2/test_runtime_gc_keeps_referenc0/p2/.git
.temp/TASK-260819-2j7v0x/xdist-ordinary-basetemp/popen-gw2/test_runtime_gc_keeps_referenc0/skills/skill-tool/.git
.temp/TASK-260819-2j7v0x/xdist-ordinary-basetemp/popen-gw2/test_runtime_gc_keeps_runtime_0/p1/.git
.temp/TASK-260819-2j7v0x/xdist-ordinary-basetemp/popen-gw2/test_runtime_gc_keeps_runtime_0/p2/.git
.temp/TASK-260819-2j7v0x/xdist-ordinary-basetemp/popen-gw2/test_runtime_gc_keeps_runtime_0/skills/skill-tool/.git
.temp/TASK-260819-2j7v0x/xdist-ordinary-basetemp/popen-gw2/test_runtime_gc_prunes_consume0/p1/.git
.temp/TASK-260819-2j7v0x/xdist-ordinary-basetemp/popen-gw2/test_runtime_gc_prunes_consume0/p2/.git
.temp/TASK-260819-2j7v0x/xdist-ordinary-basetemp/popen-gw2/test_runtime_gc_prunes_consume0/skills/skill-tool/.git
.temp/TASK-260819-2j7v0x/xdist-ordinary-basetemp/popen-gw2/test_runtime_gc_prunes_dead_co0/p1/.git
.temp/TASK-260819-2j7v0x/xdist-ordinary-basetemp/popen-gw2/test_runtime_gc_prunes_dead_co0/skills/skill-tool/.git
.temp/TASK-260819-2j7v0x/xdist-ordinary-basetemp/popen-gw2/test_snapshot_cache_gc_removes0/p1/.git
.temp/TASK-260819-2j7v0x/xdist-ordinary-basetemp/popen-gw2/test_snapshot_cache_gc_removes0/skills/skill-tool/.git
.temp/TASK-260819-2j7v0x/xdist-ordinary-basetemp/popen-gw2/test_status_reports_content_dr0/project/.git
.temp/TASK-260819-2j7v0x/xdist-ordinary-basetemp/popen-gw2/test_status_reports_content_dr0/skills/skill-a/.git
.temp/TASK-260819-2j7v0x/xdist-ordinary-basetemp/popen-gw2/test_status_reports_missing_an0/project/.git
.temp/TASK-260819-2j7v0x/xdist-ordinary-basetemp/popen-gw2/test_status_reports_missing_an0/skills/skill-a/.git
.temp/TASK-260819-2j7v0x/xdist-ordinary-basetemp/popen-gw2/test_successful_install_runs_s0/project/.git
.temp/TASK-260819-2j7v0x/xdist-ordinary-basetemp/popen-gw2/test_successful_install_runs_s0/skills/skill-a/.git
.temp/TASK-260819-2j7v0x/xdist-ordinary-basetemp/popen-gw2/test_unreferenced_corrupt_prot0/project/.git
.temp/TASK-260819-2j7v0x/xdist-ordinary-basetemp/popen-gw2/test_unreferenced_corrupt_prot0/skills/build-skill/.git
.temp/TASK-260819-2j7v0x/xdist-ordinary-basetemp/popen-gw2/test_valid_journal_target_cann0/project/.git
.temp/TASK-260819-2j7v0x/xdist-ordinary-basetemp/popen-gw2/test_valid_journal_target_cann0/skills/build-skill/.git
.temp/TASK-260819-2j7v0x/xdist-ordinary-basetemp/popen-gw3/test_adversarial_graph_cannot_0/fixture/work/.git
.temp/TASK-260819-2j7v0x/xdist-ordinary-basetemp/popen-gw3/test_adversarial_graph_cannot_1/fixture/work/.git
.temp/TASK-260819-2j7v0x/xdist-ordinary-basetemp/popen-gw3/test_adversarial_graph_cannot_2/fixture/work/.git
.temp/TASK-260819-2j7v0x/xdist-ordinary-basetemp/popen-gw3/test_adversarial_graph_cannot_3/fixture/work/.git
.temp/TASK-260819-2j7v0x/xdist-ordinary-basetemp/popen-gw3/test_adversarial_graph_cannot_4/fixture/work/.git
.temp/TASK-260819-2j7v0x/xdist-ordinary-basetemp/popen-gw3/test_adversarial_graph_cannot_5/fixture/work/.git
.temp/TASK-260819-2j7v0x/xdist-ordinary-basetemp/popen-gw3/test_agent_only_selection_dele0/fixture/work/.git
.temp/TASK-260819-2j7v0x/xdist-ordinary-basetemp/popen-gw3/test_all_requires_every_target0/project/.git
.temp/TASK-260819-2j7v0x/xdist-ordinary-basetemp/popen-gw3/test_all_requires_every_target0/skills/skill-sheets/.git
.temp/TASK-260819-2j7v0x/xdist-ordinary-basetemp/popen-gw3/test_all_satisfied_across_agen0/project/.git
.temp/TASK-260819-2j7v0x/xdist-ordinary-basetemp/popen-gw3/test_all_satisfied_across_agen0/skills/skill-sheets/.git
.temp/TASK-260819-2j7v0x/xdist-ordinary-basetemp/popen-gw3/test_any_fails_with_hint_when_0/project/.git
.temp/TASK-260819-2j7v0x/xdist-ordinary-basetemp/popen-gw3/test_any_fails_with_hint_when_0/skills/skill-sheets/.git
.temp/TASK-260819-2j7v0x/xdist-ordinary-basetemp/popen-gw3/test_any_satisfied_through_pro0/project/.git
.temp/TASK-260819-2j7v0x/xdist-ordinary-basetemp/popen-gw3/test_any_satisfied_through_pro0/skills/skill-sheets/.git
.temp/TASK-260819-2j7v0x/xdist-ordinary-basetemp/popen-gw3/test_any_satisfied_through_pro1/project/.git
.temp/TASK-260819-2j7v0x/xdist-ordinary-basetemp/popen-gw3/test_any_satisfied_through_pro1/skills/skill-sheets/.git
.temp/TASK-260819-2j7v0x/xdist-ordinary-basetemp/popen-gw3/test_any_satisfied_through_pro2/project/.git
.temp/TASK-260819-2j7v0x/xdist-ordinary-basetemp/popen-gw3/test_any_satisfied_through_pro2/skills/skill-sheets/.git
.temp/TASK-260819-2j7v0x/xdist-ordinary-basetemp/popen-gw3/test_any_satisfied_through_pro3/project/.git
.temp/TASK-260819-2j7v0x/xdist-ordinary-basetemp/popen-gw3/test_any_satisfied_through_pro3/skills/skill-sheets/.git
.temp/TASK-260819-2j7v0x/xdist-ordinary-basetemp/popen-gw3/test_any_satisfied_through_use0/project/.git
.temp/TASK-260819-2j7v0x/xdist-ordinary-basetemp/popen-gw3/test_any_satisfied_through_use0/skills/skill-sheets/.git
.temp/TASK-260819-2j7v0x/xdist-ordinary-basetemp/popen-gw3/test_any_satisfied_through_win0/project/.git
.temp/TASK-260819-2j7v0x/xdist-ordinary-basetemp/popen-gw3/test_any_satisfied_through_win0/skills/skill-sheets/.git
.temp/TASK-260819-2j7v0x/xdist-ordinary-basetemp/popen-gw3/test_attest_detects_post_insta0/project/.git
.temp/TASK-260819-2j7v0x/xdist-ordinary-basetemp/popen-gw3/test_attest_detects_post_insta0/skills/skill-tracker/.git
.temp/TASK-260819-2j7v0x/xdist-ordinary-basetemp/popen-gw3/test_audited_skill_records_att0/project/.git
.temp/TASK-260819-2j7v0x/xdist-ordinary-basetemp/popen-gw3/test_audited_skill_records_att0/skills/skill-tracker/.git
.temp/TASK-260819-2j7v0x/xdist-ordinary-basetemp/popen-gw3/test_claude_disabled_mcpjson_s0/project/.git
.temp/TASK-260819-2j7v0x/xdist-ordinary-basetemp/popen-gw3/test_claude_disabled_mcpjson_s0/skills/skill-sheets/.git
.temp/TASK-260819-2j7v0x/xdist-ordinary-basetemp/popen-gw3/test_clean_environment_carries0/fixture/work/.git
.temp/TASK-260819-2j7v0x/xdist-ordinary-basetemp/popen-gw3/test_credential_free_ssh_fails0/fixture/work/.git
.temp/TASK-260819-2j7v0x/xdist-ordinary-basetemp/popen-gw3/test_credential_free_ssh_fails1/fixture/work/.git
.temp/TASK-260819-2j7v0x/xdist-ordinary-basetemp/popen-gw3/test_credential_free_ssh_fails2/fixture/work/.git
.temp/TASK-260819-2j7v0x/xdist-ordinary-basetemp/popen-gw3/test_generated_wrapper_refuses0/fixture/work/.git
.temp/TASK-260819-2j7v0x/xdist-ordinary-basetemp/popen-gw3/test_git_branch_substitution_r0/.cocoaskills/dev/provider/.git
.temp/TASK-260819-2j7v0x/xdist-ordinary-basetemp/popen-gw3/test_git_branch_substitution_r0/fork-provider/.git
.temp/TASK-260819-2j7v0x/xdist-ordinary-basetemp/popen-gw3/test_git_branch_substitution_r0/project/.git
.temp/TASK-260819-2j7v0x/xdist-ordinary-basetemp/popen-gw3/test_git_branch_substitution_r0/skills/consumer/.git
.temp/TASK-260819-2j7v0x/xdist-ordinary-basetemp/popen-gw3/test_git_branch_substitution_r0/skills/provider/.git
.temp/TASK-260819-2j7v0x/xdist-ordinary-basetemp/popen-gw3/test_global_boundary_reports_t0/project/.git
.temp/TASK-260819-2j7v0x/xdist-ordinary-basetemp/popen-gw3/test_global_boundary_reports_t0/skills/compiled/.git
.temp/TASK-260819-2j7v0x/xdist-ordinary-basetemp/popen-gw3/test_global_build_or_publicati0/project/.git
.temp/TASK-260819-2j7v0x/xdist-ordinary-basetemp/popen-gw3/test_global_build_or_publicati0/skills/compiled/.git
.temp/TASK-260819-2j7v0x/xdist-ordinary-basetemp/popen-gw3/test_global_build_or_publicati1/project/.git
.temp/TASK-260819-2j7v0x/xdist-ordinary-basetemp/popen-gw3/test_global_build_or_publicati1/skills/compiled/.git
.temp/TASK-260819-2j7v0x/xdist-ordinary-basetemp/popen-gw3/test_global_builds_publish_mar0/project/.git
.temp/TASK-260819-2j7v0x/xdist-ordinary-basetemp/popen-gw3/test_global_builds_publish_mar0/skills/consumer/.git
.temp/TASK-260819-2j7v0x/xdist-ordinary-basetemp/popen-gw3/test_global_builds_publish_mar0/skills/provider/.git
.temp/TASK-260819-2j7v0x/xdist-ordinary-basetemp/popen-gw3/test_global_dry_run_never_cons0/project/.git
.temp/TASK-260819-2j7v0x/xdist-ordinary-basetemp/popen-gw3/test_global_dry_run_never_cons0/skills/scripted/.git
.temp/TASK-260819-2j7v0x/xdist-ordinary-basetemp/popen-gw3/test_global_external_build_use0/external-tool/.git
.temp/TASK-260819-2j7v0x/xdist-ordinary-basetemp/popen-gw3/test_global_external_build_use0/project/.git
.temp/TASK-260819-2j7v0x/xdist-ordinary-basetemp/popen-gw3/test_global_external_build_use0/skills/external-skill/.git
.temp/TASK-260819-2j7v0x/xdist-ordinary-basetemp/popen-gw3/test_global_target_failure_rev0/project/.git
.temp/TASK-260819-2j7v0x/xdist-ordinary-basetemp/popen-gw3/test_global_target_failure_rev0/skills/scripted/.git
.temp/TASK-260819-2j7v0x/xdist-ordinary-basetemp/popen-gw3/test_global_target_failure_rev1/project/.git
.temp/TASK-260819-2j7v0x/xdist-ordinary-basetemp/popen-gw3/test_global_target_failure_rev1/skills/scripted/.git
.temp/TASK-260819-2j7v0x/xdist-ordinary-basetemp/popen-gw3/test_global_target_failure_rev2/project/.git
.temp/TASK-260819-2j7v0x/xdist-ordinary-basetemp/popen-gw3/test_global_target_failure_rev2/skills/scripted/.git
.temp/TASK-260819-2j7v0x/xdist-ordinary-basetemp/popen-gw3/test_global_target_failure_rev3/project/.git
.temp/TASK-260819-2j7v0x/xdist-ordinary-basetemp/popen-gw3/test_global_target_failure_rev3/skills/scripted/.git
.temp/TASK-260819-2j7v0x/xdist-ordinary-basetemp/popen-gw3/test_global_target_failure_rev4/project/.git
.temp/TASK-260819-2j7v0x/xdist-ordinary-basetemp/popen-gw3/test_global_target_failure_rev4/skills/scripted/.git
.temp/TASK-260819-2j7v0x/xdist-ordinary-basetemp/popen-gw3/test_global_target_failure_rev5/project/.git
.temp/TASK-260819-2j7v0x/xdist-ordinary-basetemp/popen-gw3/test_global_target_failure_rev5/skills/scripted/.git
.temp/TASK-260819-2j7v0x/xdist-ordinary-basetemp/popen-gw3/test_global_target_failure_rev6/project/.git
.temp/TASK-260819-2j7v0x/xdist-ordinary-basetemp/popen-gw3/test_global_target_failure_rev6/skills/scripted/.git
.temp/TASK-260819-2j7v0x/xdist-ordinary-basetemp/popen-gw3/test_hybrid_cli_add_list_remov0/project/.git
.temp/TASK-260819-2j7v0x/xdist-ordinary-basetemp/popen-gw3/test_hybrid_skill_activates_fo0/project/.git
.temp/TASK-260819-2j7v0x/xdist-ordinary-basetemp/popen-gw3/test_hybrid_skill_activates_fo0/skills/skill-conventions/.git
.temp/TASK-260819-2j7v0x/xdist-ordinary-basetemp/popen-gw3/test_hybrid_skill_dependencies0/project/.git
.temp/TASK-260819-2j7v0x/xdist-ordinary-basetemp/popen-gw3/test_hybrid_skill_dependencies0/skills/skill-conventions/.git
.temp/TASK-260819-2j7v0x/xdist-ordinary-basetemp/popen-gw3/test_hybrid_skill_dependencies0/skills/skill-provider/.git
.temp/TASK-260819-2j7v0x/xdist-ordinary-basetemp/popen-gw3/test_hybrid_skill_invisible_fo0/project-a/.git
.temp/TASK-260819-2j7v0x/xdist-ordinary-basetemp/popen-gw3/test_hybrid_skill_invisible_fo0/project-b/.git
.temp/TASK-260819-2j7v0x/xdist-ordinary-basetemp/popen-gw3/test_hybrid_skill_invisible_fo0/skills/skill-conventions/.git
.temp/TASK-260819-2j7v0x/xdist-ordinary-basetemp/popen-gw3/test_hybrid_target_matches_ali0/project/.git
.temp/TASK-260819-2j7v0x/xdist-ordinary-basetemp/popen-gw3/test_hybrid_target_matches_ali0/skills/skill-conventions/.git
.temp/TASK-260819-2j7v0x/xdist-ordinary-basetemp/popen-gw3/test_init_ignores_the_dev_mani0/fresh/.git
.temp/TASK-260819-2j7v0x/xdist-ordinary-basetemp/popen-gw3/test_known_hosts_are_required_0/fixture/work/.git
.temp/TASK-260819-2j7v0x/xdist-ordinary-basetemp/popen-gw3/test_local_admission_cleanup_f0/fixture/loose/work/.git
.temp/TASK-260819-2j7v0x/xdist-ordinary-basetemp/popen-gw3/test_local_admission_cleanup_f0/fixture/packed/.git
.temp/TASK-260819-2j7v0x/xdist-ordinary-basetemp/popen-gw3/test_local_admission_cleanup_f1/fixture/loose/work/.git
.temp/TASK-260819-2j7v0x/xdist-ordinary-basetemp/popen-gw3/test_local_admission_cleanup_f1/fixture/packed/.git
.temp/TASK-260819-2j7v0x/xdist-ordinary-basetemp/popen-gw3/test_local_admission_reads_lar0/fixture/work/.git
.temp/TASK-260819-2j7v0x/xdist-ordinary-basetemp/popen-gw3/test_local_admission_rejects_a0/fixture/work/.git
.temp/TASK-260819-2j7v0x/xdist-ordinary-basetemp/popen-gw3/test_local_admission_rejects_a1/fixture/work/.git
.temp/TASK-260819-2j7v0x/xdist-ordinary-basetemp/popen-gw3/test_local_admission_rejects_a2/fixture/work/.git
.temp/TASK-260819-2j7v0x/xdist-ordinary-basetemp/popen-gw3/test_local_admission_rejects_a3/fixture/work/.git
.temp/TASK-260819-2j7v0x/xdist-ordinary-basetemp/popen-gw3/test_local_admission_retries_a0/fixture/loose/work/.git
.temp/TASK-260819-2j7v0x/xdist-ordinary-basetemp/popen-gw3/test_local_admission_retries_a0/fixture/packed/.git
.temp/TASK-260819-2j7v0x/xdist-ordinary-basetemp/popen-gw3/test_local_config_and_refs_sha0/reject-alternate-object-store/.git
.temp/TASK-260819-2j7v0x/xdist-ordinary-basetemp/popen-gw3/test_local_config_and_refs_sha0/reject-config-include/.git
.temp/TASK-260819-2j7v0x/xdist-ordinary-basetemp/popen-gw3/test_local_config_and_refs_sha0/reject-gitfile/.git
.temp/TASK-260819-2j7v0x/xdist-ordinary-basetemp/popen-gw3/test_local_config_and_refs_sha0/reject-grafts/.git
.temp/TASK-260819-2j7v0x/xdist-ordinary-basetemp/popen-gw3/test_local_config_and_refs_sha0/reject-link-or-special-administration-file/.git
.temp/TASK-260819-2j7v0x/xdist-ordinary-basetemp/popen-gw3/test_local_config_and_refs_sha0/reject-linked-worktree/.git
.temp/TASK-260819-2j7v0x/xdist-ordinary-basetemp/popen-gw3/test_local_config_and_refs_sha0/reject-partial-clone-config/.git
.temp/TASK-260819-2j7v0x/xdist-ordinary-basetemp/popen-gw3/test_local_config_and_refs_sha0/reject-promisor-sidecar/.git
.temp/TASK-260819-2j7v0x/xdist-ordinary-basetemp/popen-gw3/test_local_config_and_refs_sha0/reject-reftable/.git
.temp/TASK-260819-2j7v0x/xdist-ordinary-basetemp/popen-gw3/test_local_config_and_refs_sha0/reject-replace-ref/.git
.temp/TASK-260819-2j7v0x/xdist-ordinary-basetemp/popen-gw3/test_local_config_and_refs_sha0/source-credential-helper-is-inert/.git
.temp/TASK-260819-2j7v0x/xdist-ordinary-basetemp/popen-gw3/test_local_config_and_refs_sha0/source-filter-config-is-inert/.git
.temp/TASK-260819-2j7v0x/xdist-ordinary-basetemp/popen-gw3/test_local_config_and_refs_sha0/valid-sha1-files-ref/.git
.temp/TASK-260819-2j7v0x/xdist-ordinary-basetemp/popen-gw3/test_local_config_and_refs_sha0/valid-sha256-detached-head/.git
.temp/TASK-260819-2j7v0x/xdist-ordinary-basetemp/popen-gw3/test_local_gitfile_bare_link_a0/fixture/work/.git
.temp/TASK-260819-2j7v0x/xdist-ordinary-basetemp/popen-gw3/test_local_source_race_fails_c0/fixture/work/.git
.temp/TASK-260819-2j7v0x/xdist-ordinary-basetemp/popen-gw3/test_malformed_agent_config_co0/project/.git
.temp/TASK-260819-2j7v0x/xdist-ordinary-basetemp/popen-gw3/test_malformed_agent_config_co0/skills/skill-sheets/.git
.temp/TASK-260819-2j7v0x/xdist-ordinary-basetemp/popen-gw3/test_malformed_dev_manifest_fa0/project/.git
.temp/TASK-260819-2j7v0x/xdist-ordinary-basetemp/popen-gw3/test_malformed_dev_manifest_fa0/skills/consumer/.git
.temp/TASK-260819-2j7v0x/xdist-ordinary-basetemp/popen-gw3/test_malformed_dev_manifest_fa0/skills/provider/.git
.temp/TASK-260819-2j7v0x/xdist-ordinary-basetemp/popen-gw3/test_marker_refreshes_when_con0/project/.git
.temp/TASK-260819-2j7v0x/xdist-ordinary-basetemp/popen-gw3/test_marker_refreshes_when_con0/skills/skill-sheets/.git
.temp/TASK-260819-2j7v0x/xdist-ordinary-basetemp/popen-gw3/test_materialization_writes_on0/fixture/work/.git
.temp/TASK-260819-2j7v0x/xdist-ordinary-basetemp/popen-gw3/test_network_and_local_raw_sna0/fixture/work/.git
.temp/TASK-260819-2j7v0x/xdist-ordinary-basetemp/popen-gw3/test_network_and_local_raw_sna1/fixture/work/.git
.temp/TASK-260819-2j7v0x/xdist-ordinary-basetemp/popen-gw3/test_opencode_disabled_server_0/project/.git
.temp/TASK-260819-2j7v0x/xdist-ordinary-basetemp/popen-gw3/test_opencode_disabled_server_0/skills/skill-sheets/.git
.temp/TASK-260819-2j7v0x/xdist-ordinary-basetemp/popen-gw3/test_operator_agent_pins_the_s0/fixture/work/.git
.temp/TASK-260819-2j7v0x/xdist-ordinary-basetemp/popen-gw3/test_operator_identity_reaches0/fixture/work/.git
.temp/TASK-260819-2j7v0x/xdist-ordinary-basetemp/popen-gw3/test_packed_local_admission_le0/fixture/loose/work/.git
.temp/TASK-260819-2j7v0x/xdist-ordinary-basetemp/popen-gw3/test_packed_local_admission_le0/fixture/packed/.git
.temp/TASK-260819-2j7v0x/xdist-ordinary-basetemp/popen-gw3/test_packed_local_admission_le1/fixture/loose/work/.git
.temp/TASK-260819-2j7v0x/xdist-ordinary-basetemp/popen-gw3/test_packed_local_admission_le1/fixture/packed/.git
.temp/TASK-260819-2j7v0x/xdist-ordinary-basetemp/popen-gw3/test_path_substitution_reads_t0/dev-provider/.git
.temp/TASK-260819-2j7v0x/xdist-ordinary-basetemp/popen-gw3/test_path_substitution_reads_t0/project/.git
.temp/TASK-260819-2j7v0x/xdist-ordinary-basetemp/popen-gw3/test_path_substitution_reads_t0/skills/consumer/.git
.temp/TASK-260819-2j7v0x/xdist-ordinary-basetemp/popen-gw3/test_path_substitution_reads_t0/skills/provider/.git
.temp/TASK-260819-2j7v0x/xdist-ordinary-basetemp/popen-gw3/test_project_declaration_shado0/project/.git
.temp/TASK-260819-2j7v0x/xdist-ordinary-basetemp/popen-gw3/test_project_declaration_shado0/skills/skill-conventions/.git
.temp/TASK-260819-2j7v0x/xdist-ordinary-basetemp/popen-gw3/test_project_external_build_in0/external-tool/.git
.temp/TASK-260819-2j7v0x/xdist-ordinary-basetemp/popen-gw3/test_project_external_build_in0/project/.git
.temp/TASK-260819-2j7v0x/xdist-ordinary-basetemp/popen-gw3/test_project_external_build_in0/skills/external-skill/.git
.temp/TASK-260819-2j7v0x/xdist-ordinary-basetemp/popen-gw3/test_project_only_declaration_0/project/.git
.temp/TASK-260819-2j7v0x/xdist-ordinary-basetemp/popen-gw3/test_project_only_declaration_0/skills/skill-sheets/.git
.temp/TASK-260819-2j7v0x/xdist-ordinary-basetemp/popen-gw3/test_removed_hybrid_target_cle0/project/.git
.temp/TASK-260819-2j7v0x/xdist-ordinary-basetemp/popen-gw3/test_removed_hybrid_target_cle0/skills/skill-conventions/.git
.temp/TASK-260819-2j7v0x/xdist-ordinary-basetemp/popen-gw3/test_resolvable_stdio_command_0/project/.git
.temp/TASK-260819-2j7v0x/xdist-ordinary-basetemp/popen-gw3/test_resolvable_stdio_command_0/skills/skill-sheets/.git
.temp/TASK-260819-2j7v0x/xdist-ordinary-basetemp/popen-gw3/test_revoked_skill_blocks_inst0/project/.git
.temp/TASK-260819-2j7v0x/xdist-ordinary-basetemp/popen-gw3/test_revoked_skill_blocks_inst0/skills/skill-tracker/.git
.temp/TASK-260819-2j7v0x/xdist-ordinary-basetemp/popen-gw3/test_source_controlled_filters0/fixture/work/.git
.temp/TASK-260819-2j7v0x/xdist-ordinary-basetemp/popen-gw3/test_ssh_external_build_withou0/external-tool/.git
.temp/TASK-260819-2j7v0x/xdist-ordinary-basetemp/popen-gw3/test_ssh_external_build_withou0/project/.git
.temp/TASK-260819-2j7v0x/xdist-ordinary-basetemp/popen-gw3/test_ssh_external_build_withou0/skills/external-skill/.git
.temp/TASK-260819-2j7v0x/xdist-ordinary-basetemp/popen-gw3/test_status_prints_active_subs0/project/.git
.temp/TASK-260819-2j7v0x/xdist-ordinary-basetemp/popen-gw3/test_status_prints_active_subs0/skills/consumer/.git
.temp/TASK-260819-2j7v0x/xdist-ordinary-basetemp/popen-gw3/test_status_prints_active_subs0/skills/provider/.git
.temp/TASK-260819-2j7v0x/xdist-ordinary-basetemp/popen-gw3/test_stdio_command_missing_fro0/project/.git
.temp/TASK-260819-2j7v0x/xdist-ordinary-basetemp/popen-gw3/test_stdio_command_missing_fro0/skills/skill-sheets/.git
.temp/TASK-260819-2j7v0x/xdist-ordinary-basetemp/popen-gw3/test_strict_audit_refuses_subs0/project/.git
.temp/TASK-260819-2j7v0x/xdist-ordinary-basetemp/popen-gw3/test_strict_audit_refuses_subs0/skills/consumer/.git
.temp/TASK-260819-2j7v0x/xdist-ordinary-basetemp/popen-gw3/test_strict_audit_refuses_subs0/skills/provider/.git
.temp/TASK-260819-2j7v0x/xdist-ordinary-basetemp/popen-gw3/test_strict_policy_fails_unkno0/project/.git
.temp/TASK-260819-2j7v0x/xdist-ordinary-basetemp/popen-gw3/test_strict_policy_fails_unkno0/skills/skill-tracker/.git
.temp/TASK-260819-2j7v0x/xdist-ordinary-basetemp/popen-gw3/test_substitution_manifest_mus0/project/.git
.temp/TASK-260819-2j7v0x/xdist-ordinary-basetemp/popen-gw3/test_substitution_manifest_mus0/skills/consumer/.git
.temp/TASK-260819-2j7v0x/xdist-ordinary-basetemp/popen-gw3/test_substitution_manifest_mus0/skills/provider/.git
.temp/TASK-260819-2j7v0x/xdist-ordinary-basetemp/popen-gw3/test_tagged_acquisition_fetche0/fixture/work/.git
.temp/TASK-260819-2j7v0x/xdist-ordinary-basetemp/popen-gw3/test_tagged_acquisition_fetche1/fixture/work/.git
.temp/TASK-260819-2j7v0x/xdist-ordinary-basetemp/popen-gw3/test_user_level_declaration_em0/project/.git
.temp/TASK-260819-2j7v0x/xdist-ordinary-basetemp/popen-gw3/test_user_level_declaration_em0/skills/skill-sheets/.git
.temp/TASK-260822-1jns5p/pytest/popen-gw0/test_cli_add_and_remove_edit_p0/project/.git
.temp/TASK-260822-1jns5p/pytest/popen-gw0/test_cli_add_rejects_invalid_n0/project/.git
.temp/TASK-260822-1jns5p/pytest/popen-gw0/test_cli_add_via_project_alias0/project/.git
.temp/TASK-260822-1jns5p/pytest/popen-gw0/test_cli_bare_install_uses_cur0/project/.git
.temp/TASK-260822-1jns5p/pytest/popen-gw0/test_cli_bare_install_uses_cur0/skills/skill-a/.git
.temp/TASK-260822-1jns5p/pytest/popen-gw0/test_cli_bare_install_without_0/project/.git
.temp/TASK-260822-1jns5p/pytest/popen-gw0/test_cli_bare_install_without_0/skills/unused/.git
.temp/TASK-260822-1jns5p/pytest/popen-gw0/test_cli_bare_status_uses_curr0/project/.git
.temp/TASK-260822-1jns5p/pytest/popen-gw0/test_cli_bare_upgrade_uses_cur0/project/.git
.temp/TASK-260822-1jns5p/pytest/popen-gw0/test_cli_bare_upgrade_uses_cur0/skills/skill-a/.git
.temp/TASK-260822-1jns5p/pytest/popen-gw0/test_cli_check_and_json_fail_f0/project/.git
.temp/TASK-260822-1jns5p/pytest/popen-gw0/test_cli_check_and_json_fail_f0/skills/build-skill/.git
.temp/TASK-260822-1jns5p/pytest/popen-gw0/test_cli_fix_gitignore_emits_d0/project/.git
.temp/TASK-260822-1jns5p/pytest/popen-gw0/test_cli_fix_gitignore_emits_d0/skills/skill-a/.git
.temp/TASK-260822-1jns5p/pytest/popen-gw0/test_cli_gc_command_reports_su0/p1/.git
.temp/TASK-260822-1jns5p/pytest/popen-gw0/test_cli_init_creates_skillfil0/project/.git
.temp/TASK-260822-1jns5p/pytest/popen-gw0/test_cli_init_is_idempotent_an0/project/.git
.temp/TASK-260822-1jns5p/pytest/popen-gw0/test_cli_init_non_git_then_git0/skills/unused/.git
.temp/TASK-260822-1jns5p/pytest/popen-gw0/test_cli_init_rejects_nested_p0/project/.git
.temp/TASK-260822-1jns5p/pytest/popen-gw0/test_cli_install_all_uses_regi0/one/.git
.temp/TASK-260822-1jns5p/pytest/popen-gw0/test_cli_install_all_uses_regi0/skills/skill-a/.git
.temp/TASK-260822-1jns5p/pytest/popen-gw0/test_cli_install_all_uses_regi0/two/.git
.temp/TASK-260822-1jns5p/pytest/popen-gw0/test_cli_install_dot_does_not_0/project/.git
.temp/TASK-260822-1jns5p/pytest/popen-gw0/test_cli_install_dot_does_not_0/skills/skill-a/.git
.temp/TASK-260822-1jns5p/pytest/popen-gw0/test_cli_install_dot_dry_run_d0/project/.git
.temp/TASK-260822-1jns5p/pytest/popen-gw0/test_cli_install_dot_dry_run_d0/skills/skill-a/.git
.temp/TASK-260822-1jns5p/pytest/popen-gw0/test_cli_install_dot_uses_curr0/project/.git
.temp/TASK-260822-1jns5p/pytest/popen-gw0/test_cli_install_dot_uses_curr0/skills/skill-a/.git
.temp/TASK-260822-1jns5p/pytest/popen-gw0/test_cli_install_dry_run_does_0/project/.git
.temp/TASK-260822-1jns5p/pytest/popen-gw0/test_cli_install_explicit_targ0/project/.git
.temp/TASK-260822-1jns5p/pytest/popen-gw0/test_cli_install_tilde_path_us0/home/project/.git
.temp/TASK-260822-1jns5p/pytest/popen-gw0/test_cli_install_tilde_path_us0/skills/skill-a/.git
.temp/TASK-260822-1jns5p/pytest/popen-gw0/test_cli_list_paths_shows_alia0/project/.git
.temp/TASK-260822-1jns5p/pytest/popen-gw0/test_cli_lock_contention_retur0/project/.git
.temp/TASK-260822-1jns5p/pytest/popen-gw0/test_cli_lock_contention_retur0/skills/skill-a/.git
.temp/TASK-260822-1jns5p/pytest/popen-gw0/test_cli_project_add_creates_s0/project/.git
.temp/TASK-260822-1jns5p/pytest/popen-gw0/test_cli_project_resolve_confi0/project/.git
.temp/TASK-260822-1jns5p/pytest/popen-gw0/test_cli_project_resolve_repor0/project/.git
.temp/TASK-260822-1jns5p/pytest/popen-gw0/test_cli_status_all_reports_re0/one/.git
.temp/TASK-260822-1jns5p/pytest/popen-gw0/test_cli_status_all_reports_re0/two/.git
.temp/TASK-260822-1jns5p/pytest/popen-gw0/test_cli_status_check_exit_cod0/project/.git
.temp/TASK-260822-1jns5p/pytest/popen-gw0/test_cli_status_check_exit_cod0/skills/skill-a/.git
.temp/TASK-260822-1jns5p/pytest/popen-gw0/test_cli_status_dot_uses_curre0/project/.git
.temp/TASK-260822-1jns5p/pytest/popen-gw0/test_cli_status_dot_uses_curre0/skills/skill-a/.git
.temp/TASK-260822-1jns5p/pytest/popen-gw0/test_cli_status_error_label_in0/project/.git
.temp/TASK-260822-1jns5p/pytest/popen-gw0/test_cli_status_json_is_machin0/project/.git
.temp/TASK-260822-1jns5p/pytest/popen-gw0/test_cli_status_json_is_machin0/skills/skill-a/.git
.temp/TASK-260822-1jns5p/pytest/popen-gw0/test_cli_update_reports_missin0/project/.git
.temp/TASK-260822-1jns5p/pytest/popen-gw0/test_cli_update_reports_missin0/skills/skill-a/.git
.temp/TASK-260822-1jns5p/pytest/popen-gw0/test_cli_upgrade_dry_run_does_0/project/.git
.temp/TASK-260822-1jns5p/pytest/popen-gw0/test_cli_upgrade_fetches_only_0/project/.git
.temp/TASK-260822-1jns5p/pytest/popen-gw0/test_cli_upgrade_fetches_only_0/skills/skill-selected/.git
.temp/TASK-260822-1jns5p/pytest/popen-gw0/test_cli_upgrade_fetches_only_0/skills/skill-unrelated/.git
.temp/TASK-260822-1jns5p/pytest/popen-gw0/test_cloud_command_backend_rec0/project/.git
.temp/TASK-260822-1jns5p/pytest/popen-gw0/test_cloud_command_backend_rec0/skills/skill-a/.git
.temp/TASK-260822-1jns5p/pytest/popen-gw0/test_codex_backend_constructs_0/project/.git
.temp/TASK-260822-1jns5p/pytest/popen-gw0/test_codex_backend_constructs_0/skills/skill-a/.git
.temp/TASK-260822-1jns5p/pytest/popen-gw0/test_command_backend_failure_r0/project/.git
.temp/TASK-260822-1jns5p/pytest/popen-gw0/test_command_backend_failure_r0/skills/skill-a/.git
.temp/TASK-260822-1jns5p/pytest/popen-gw0/test_command_backend_receives_0/project/.git
.temp/TASK-260822-1jns5p/pytest/popen-gw0/test_command_backend_receives_0/skills/skill-a/.git
.temp/TASK-260822-1jns5p/pytest/popen-gw0/test_command_backend_timeout_w0/project/.git
.temp/TASK-260822-1jns5p/pytest/popen-gw0/test_command_backend_timeout_w0/skills/skill-a/.git
.temp/TASK-260822-1jns5p/pytest/popen-gw0/test_conflicting_commits_for_o0/project/.git
.temp/TASK-260822-1jns5p/pytest/popen-gw0/test_conflicting_commits_for_o0/skills/consumer-a/.git
.temp/TASK-260822-1jns5p/pytest/popen-gw0/test_conflicting_commits_for_o0/skills/consumer-b/.git
.temp/TASK-260822-1jns5p/pytest/popen-gw0/test_conflicting_commits_for_o0/skills/provider/.git
.temp/TASK-260822-1jns5p/pytest/popen-gw0/test_conflicting_source_identi0/project/.git
.temp/TASK-260822-1jns5p/pytest/popen-gw0/test_conflicting_source_identi0/skills/consumer-a/.git
.temp/TASK-260822-1jns5p/pytest/popen-gw0/test_conflicting_source_identi0/skills/consumer-b/.git
.temp/TASK-260822-1jns5p/pytest/popen-gw0/test_conflicting_source_identi0/skills/provider/.git
.temp/TASK-260822-1jns5p/pytest/popen-gw0/test_context_leak_and_raw_snap0/project/.git
.temp/TASK-260822-1jns5p/pytest/popen-gw0/test_context_leak_and_raw_snap0/skills/build-skill/.git
.temp/TASK-260822-1jns5p/pytest/popen-gw0/test_corrupt_artifact_is_rebui0/project/.git
.temp/TASK-260822-1jns5p/pytest/popen-gw0/test_corrupt_artifact_is_rebui0/skills/build-skill/.git
.temp/TASK-260822-1jns5p/pytest/popen-gw0/test_current_toolchain_and_nat0/project/.git
.temp/TASK-260822-1jns5p/pytest/popen-gw0/test_current_toolchain_and_nat0/skills/build-skill/.git
.temp/TASK-260822-1jns5p/pytest/popen-gw0/test_current_toolchain_and_nat1/project/.git
.temp/TASK-260822-1jns5p/pytest/popen-gw0/test_current_toolchain_and_nat1/skills/build-skill/.git
.temp/TASK-260822-1jns5p/pytest/popen-gw0/test_dependency_cycle_fails0/project/.git
.temp/TASK-260822-1jns5p/pytest/popen-gw0/test_dependency_cycle_fails0/skills/skill-a/.git
.temp/TASK-260822-1jns5p/pytest/popen-gw0/test_dependency_cycle_fails0/skills/skill-b/.git
.temp/TASK-260822-1jns5p/pytest/popen-gw0/test_direct_and_transitive_dec0/project/.git
.temp/TASK-260822-1jns5p/pytest/popen-gw0/test_direct_and_transitive_dec0/skills/consumer/.git
.temp/TASK-260822-1jns5p/pytest/popen-gw0/test_direct_and_transitive_dec0/skills/provider/.git
.temp/TASK-260822-1jns5p/pytest/popen-gw0/test_disallowed_source_is_neve0/project/.git
.temp/TASK-260822-1jns5p/pytest/popen-gw0/test_disallowed_source_is_neve0/skills/consumer/.git
.temp/TASK-260822-1jns5p/pytest/popen-gw0/test_fix_gitignore_appends_mis0/project/.git
.temp/TASK-260822-1jns5p/pytest/popen-gw0/test_gc_sweeps_orphan_tmp_dirs0/p1/.git
.temp/TASK-260822-1jns5p/pytest/popen-gw0/test_gc_sweeps_orphan_tmp_dirs0/skills/skill-tool/.git
.temp/TASK-260822-1jns5p/pytest/popen-gw0/test_gitignore_gate_blocks_mis0/project/.git
.temp/TASK-260822-1jns5p/pytest/popen-gw0/test_global_and_hybrid_build_s0/project/.git
.temp/TASK-260822-1jns5p/pytest/popen-gw0/test_global_and_hybrid_build_s0/skills/global-build/.git
.temp/TASK-260822-1jns5p/pytest/popen-gw0/test_global_and_hybrid_build_s0/skills/hybrid-build/.git
.temp/TASK-260822-1jns5p/pytest/popen-gw0/test_legacy_and_reserved_execu0/project/.git
.temp/TASK-260822-1jns5p/pytest/popen-gw0/test_legacy_and_reserved_execu0/skills/build-skill/.git
.temp/TASK-260822-1jns5p/pytest/popen-gw0/test_legacy_and_reserved_execu1/project/.git
.temp/TASK-260822-1jns5p/pytest/popen-gw0/test_legacy_and_reserved_execu1/skills/build-skill/.git
.temp/TASK-260822-1jns5p/pytest/popen-gw0/test_legacy_command_dependency0/project/.git
.temp/TASK-260822-1jns5p/pytest/popen-gw0/test_legacy_command_dependency0/skills/consumer/.git
.temp/TASK-260822-1jns5p/pytest/popen-gw0/test_legacy_command_dependency0/skills/provider/.git
.temp/TASK-260822-1jns5p/pytest/popen-gw0/test_local_sources_pass_the_al0/elsewhere/provider/.git
.temp/TASK-260822-1jns5p/pytest/popen-gw0/test_local_sources_pass_the_al0/project/.git
.temp/TASK-260822-1jns5p/pytest/popen-gw0/test_local_sources_pass_the_al0/skills/consumer/.git
.temp/TASK-260822-1jns5p/pytest/popen-gw0/test_local_sources_pass_the_al0/skills/provider/.git
.temp/TASK-260822-1jns5p/pytest/popen-gw0/test_managed_shim_and_capabili0/project/.git
.temp/TASK-260822-1jns5p/pytest/popen-gw0/test_managed_shim_and_capabili0/skills/build-skill/.git
.temp/TASK-260822-1jns5p/pytest/popen-gw0/test_marker_build_boundary_and0/project/.git
.temp/TASK-260822-1jns5p/pytest/popen-gw0/test_marker_build_boundary_and0/skills/build-skill/.git
.temp/TASK-260822-1jns5p/pytest/popen-gw0/test_marker_build_boundary_and1/project/.git
.temp/TASK-260822-1jns5p/pytest/popen-gw0/test_marker_build_boundary_and1/skills/build-skill/.git
.temp/TASK-260822-1jns5p/pytest/popen-gw0/test_marker_receipt_and_artifa0/project/.git
.temp/TASK-260822-1jns5p/pytest/popen-gw0/test_marker_receipt_and_artifa0/skills/build-skill/.git
.temp/TASK-260822-1jns5p/pytest/popen-gw0/test_marker_receipt_and_artifa1/project/.git
.temp/TASK-260822-1jns5p/pytest/popen-gw0/test_marker_receipt_and_artifa1/skills/build-skill/.git
.temp/TASK-260822-1jns5p/pytest/popen-gw0/test_marker_receipt_and_artifa2/project/.git
.temp/TASK-260822-1jns5p/pytest/popen-gw0/test_marker_receipt_and_artifa2/skills/build-skill/.git
.temp/TASK-260822-1jns5p/pytest/popen-gw0/test_marker_v1_remains_current0/project/.git
.temp/TASK-260822-1jns5p/pytest/popen-gw0/test_marker_v1_remains_current0/skills/legacy-skill/.git
.temp/TASK-260822-1jns5p/pytest/popen-gw0/test_marker_v1_remains_current1/project/.git
.temp/TASK-260822-1jns5p/pytest/popen-gw0/test_marker_v1_remains_current1/skills/legacy-skill/.git
.temp/TASK-260822-1jns5p/pytest/popen-gw0/test_marker_v1_remains_current2/project/.git
.temp/TASK-260822-1jns5p/pytest/popen-gw0/test_marker_v1_remains_current2/skills/legacy-skill/.git
.temp/TASK-260822-1jns5p/pytest/popen-gw0/test_marker_v1_remains_current3/project/.git
.temp/TASK-260822-1jns5p/pytest/popen-gw0/test_marker_v1_remains_current3/skills/legacy-skill/.git
.temp/TASK-260822-1jns5p/pytest/popen-gw0/test_marker_v1_remains_current4/project/.git
.temp/TASK-260822-1jns5p/pytest/popen-gw0/test_marker_v1_remains_current4/skills/legacy-skill/.git
.temp/TASK-260822-1jns5p/pytest/popen-gw0/test_missing_raw_snapshot_is_n0/project/.git
.temp/TASK-260822-1jns5p/pytest/popen-gw0/test_missing_raw_snapshot_is_n0/skills/build-skill/.git
.temp/TASK-260822-1jns5p/pytest/popen-gw0/test_missing_untrusted_and_uns0/project/.git
.temp/TASK-260822-1jns5p/pytest/popen-gw0/test_missing_untrusted_and_uns0/skills/build-skill/.git
.temp/TASK-260822-1jns5p/pytest/popen-gw0/test_native_backend_reports_fr0/project/.git
.temp/TASK-260822-1jns5p/pytest/popen-gw0/test_native_backend_reports_fr0/skills/build-skill/.git
.temp/TASK-260822-1jns5p/pytest/popen-gw0/test_noncanonical_protected_re0/project/.git
.temp/TASK-260822-1jns5p/pytest/popen-gw0/test_noncanonical_protected_re0/skills/build-skill/.git
.temp/TASK-260822-1jns5p/pytest/popen-gw0/test_oversize_request_skips_ba0/project/.git
.temp/TASK-260822-1jns5p/pytest/popen-gw0/test_oversize_request_skips_ba0/skills/skill-a/.git
.temp/TASK-260822-1jns5p/pytest/popen-gw0/test_project_build_status_reva0/project/.git
.temp/TASK-260822-1jns5p/pytest/popen-gw0/test_project_build_status_reva0/skills/build-skill/.git
.temp/TASK-260822-1jns5p/pytest/popen-gw0/test_requirement_command_missi0/project/.git
.temp/TASK-260822-1jns5p/pytest/popen-gw0/test_requirement_command_missi0/skills/consumer/.git
.temp/TASK-260822-1jns5p/pytest/popen-gw0/test_requirement_command_missi0/skills/provider/.git
.temp/TASK-260822-1jns5p/pytest/popen-gw0/test_runtime_build_root_exposu0/project/.git
.temp/TASK-260822-1jns5p/pytest/popen-gw0/test_runtime_build_root_exposu0/skills/build-skill/.git
.temp/TASK-260822-1jns5p/pytest/popen-gw0/test_runtime_gc_keeps_referenc0/p1/.git
.temp/TASK-260822-1jns5p/pytest/popen-gw0/test_runtime_gc_keeps_referenc0/p2/.git
.temp/TASK-260822-1jns5p/pytest/popen-gw0/test_runtime_gc_keeps_referenc0/skills/skill-tool/.git
.temp/TASK-260822-1jns5p/pytest/popen-gw0/test_runtime_gc_keeps_runtime_0/p1/.git
.temp/TASK-260822-1jns5p/pytest/popen-gw0/test_runtime_gc_keeps_runtime_0/p2/.git
.temp/TASK-260822-1jns5p/pytest/popen-gw0/test_runtime_gc_keeps_runtime_0/skills/skill-tool/.git
.temp/TASK-260822-1jns5p/pytest/popen-gw0/test_runtime_gc_prunes_consume0/p1/.git
.temp/TASK-260822-1jns5p/pytest/popen-gw0/test_runtime_gc_prunes_consume0/p2/.git
.temp/TASK-260822-1jns5p/pytest/popen-gw0/test_runtime_gc_prunes_consume0/skills/skill-tool/.git
.temp/TASK-260822-1jns5p/pytest/popen-gw0/test_runtime_gc_prunes_dead_co0/p1/.git
.temp/TASK-260822-1jns5p/pytest/popen-gw0/test_runtime_gc_prunes_dead_co0/skills/skill-tool/.git
.temp/TASK-260822-1jns5p/pytest/popen-gw0/test_snapshot_cache_gc_removes0/p1/.git
.temp/TASK-260822-1jns5p/pytest/popen-gw0/test_snapshot_cache_gc_removes0/skills/skill-tool/.git
.temp/TASK-260822-1jns5p/pytest/popen-gw0/test_status_reports_content_dr0/project/.git
.temp/TASK-260822-1jns5p/pytest/popen-gw0/test_status_reports_content_dr0/skills/skill-a/.git
.temp/TASK-260822-1jns5p/pytest/popen-gw0/test_status_reports_missing_an0/project/.git
.temp/TASK-260822-1jns5p/pytest/popen-gw0/test_status_reports_missing_an0/skills/skill-a/.git
.temp/TASK-260822-1jns5p/pytest/popen-gw0/test_successful_install_runs_s0/project/.git
.temp/TASK-260822-1jns5p/pytest/popen-gw0/test_successful_install_runs_s0/skills/skill-a/.git
.temp/TASK-260822-1jns5p/pytest/popen-gw0/test_transitive_requirement_in0/project/.git
.temp/TASK-260822-1jns5p/pytest/popen-gw0/test_transitive_requirement_in0/skills/consumer/.git
.temp/TASK-260822-1jns5p/pytest/popen-gw0/test_transitive_requirement_in0/skills/provider/.git
.temp/TASK-260822-1jns5p/pytest/popen-gw0/test_transitive_source_is_clon0/elsewhere/provider/.git
.temp/TASK-260822-1jns5p/pytest/popen-gw0/test_transitive_source_is_clon0/project/.git
.temp/TASK-260822-1jns5p/pytest/popen-gw0/test_transitive_source_is_clon0/skills/consumer/.git
.temp/TASK-260822-1jns5p/pytest/popen-gw0/test_transitive_source_is_clon0/skills/provider/.git
.temp/TASK-260822-1jns5p/pytest/popen-gw0/test_two_refs_resolving_to_one0/project/.git
.temp/TASK-260822-1jns5p/pytest/popen-gw0/test_two_refs_resolving_to_one0/skills/consumer-a/.git
.temp/TASK-260822-1jns5p/pytest/popen-gw0/test_two_refs_resolving_to_one0/skills/consumer-b/.git
.temp/TASK-260822-1jns5p/pytest/popen-gw0/test_two_refs_resolving_to_one0/skills/provider/.git
.temp/TASK-260822-1jns5p/pytest/popen-gw0/test_unknown_agent_names_warn0/project/.git
.temp/TASK-260822-1jns5p/pytest/popen-gw0/test_upgrade_fetches_transitiv0/project/.git
.temp/TASK-260822-1jns5p/pytest/popen-gw0/test_upgrade_fetches_transitiv0/skills/consumer/.git
.temp/TASK-260822-1jns5p/pytest/popen-gw0/test_upgrade_fetches_transitiv0/skills/provider/.git
.temp/TASK-260822-1jns5p/pytest/popen-gw0/test_upgrade_fetches_transitiv0/skills/unrelated/.git
.temp/TASK-260822-1jns5p/pytest/popen-gw1/test_active_command_collision_0/project/.git
.temp/TASK-260822-1jns5p/pytest/popen-gw1/test_active_command_collision_0/skills/consumer/.git
.temp/TASK-260822-1jns5p/pytest/popen-gw1/test_active_command_collision_0/skills/provider-one/.git
.temp/TASK-260822-1jns5p/pytest/popen-gw1/test_active_command_collision_0/skills/provider-two/.git
.temp/TASK-260822-1jns5p/pytest/popen-gw1/test_agents_change_updates_mar0/project/.git
.temp/TASK-260822-1jns5p/pytest/popen-gw1/test_agents_change_updates_mar0/skills/skill-a/.git
.temp/TASK-260822-1jns5p/pytest/popen-gw1/test_audit_advisory_warns_but_0/project/.git
.temp/TASK-260822-1jns5p/pytest/popen-gw1/test_audit_advisory_warns_but_0/skills/skill-a/.git
.temp/TASK-260822-1jns5p/pytest/popen-gw1/test_audit_backend_failure_blo0/project/.git
.temp/TASK-260822-1jns5p/pytest/popen-gw1/test_audit_backend_failure_blo0/skills/skill-a/.git
.temp/TASK-260822-1jns5p/pytest/popen-gw1/test_audit_backend_failure_war0/project/.git
.temp/TASK-260822-1jns5p/pytest/popen-gw1/test_audit_backend_failure_war0/skills/skill-a/.git
.temp/TASK-260822-1jns5p/pytest/popen-gw1/test_audit_canary_failure_bloc0/project/.git
.temp/TASK-260822-1jns5p/pytest/popen-gw1/test_audit_canary_failure_bloc0/skills/skill-a/.git
.temp/TASK-260822-1jns5p/pytest/popen-gw1/test_audit_dry_run_does_not_wr0/project/.git
.temp/TASK-260822-1jns5p/pytest/popen-gw1/test_audit_dry_run_does_not_wr0/skills/skill-a/.git
.temp/TASK-260822-1jns5p/pytest/popen-gw1/test_audit_revocation_blocks_i0/project/.git
.temp/TASK-260822-1jns5p/pytest/popen-gw1/test_audit_revocation_blocks_i0/skills/skill-a/.git
.temp/TASK-260822-1jns5p/pytest/popen-gw1/test_audit_strict_blocks_befor0/project/.git
.temp/TASK-260822-1jns5p/pytest/popen-gw1/test_audit_strict_blocks_befor0/skills/skill-a/.git
.temp/TASK-260822-1jns5p/pytest/popen-gw1/test_audit_strict_requires_pin0/project/.git
.temp/TASK-260822-1jns5p/pytest/popen-gw1/test_audit_strict_requires_pin0/skills/skill-a/.git
.temp/TASK-260822-1jns5p/pytest/popen-gw1/test_broken_dependency_manifes0/project/.git
.temp/TASK-260822-1jns5p/pytest/popen-gw1/test_broken_dependency_manifes0/skills/consumer/.git
.temp/TASK-260822-1jns5p/pytest/popen-gw1/test_broken_dependency_manifes0/skills/provider/.git
.temp/TASK-260822-1jns5p/pytest/popen-gw1/test_build_planning_runs_only_0/project/.git
.temp/TASK-260822-1jns5p/pytest/popen-gw1/test_build_planning_runs_only_0/skills/skill-build/.git
.temp/TASK-260822-1jns5p/pytest/popen-gw1/test_cleanup_removes_undeclare0/project/.git
.temp/TASK-260822-1jns5p/pytest/popen-gw1/test_cleanup_removes_undeclare0/skills/skill-tool/.git
.temp/TASK-260822-1jns5p/pytest/popen-gw1/test_command_collision_fails0/project/.git
.temp/TASK-260822-1jns5p/pytest/popen-gw1/test_command_collision_fails0/skills/skill-one/.git
.temp/TASK-260822-1jns5p/pytest/popen-gw1/test_command_collision_fails0/skills/skill-two/.git
.temp/TASK-260822-1jns5p/pytest/popen-gw1/test_compiled_dry_run_preserve0/project/.git
.temp/TASK-260822-1jns5p/pytest/popen-gw1/test_compiled_dry_run_preserve0/skills/skill-build/.git
.temp/TASK-260822-1jns5p/pytest/popen-gw1/test_context_requirement_insta0/project/.git
.temp/TASK-260822-1jns5p/pytest/popen-gw1/test_context_requirement_insta0/skills/consumer/.git
.temp/TASK-260822-1jns5p/pytest/popen-gw1/test_context_requirement_insta0/skills/provider/.git
.temp/TASK-260822-1jns5p/pytest/popen-gw1/test_dry_run_clones_git_url_on0/project/.git
.temp/TASK-260822-1jns5p/pytest/popen-gw1/test_dry_run_clones_git_url_on0/remotes/skill-a/.git
.temp/TASK-260822-1jns5p/pytest/popen-gw1/test_dry_run_does_not_modify_p0/project/.git
.temp/TASK-260822-1jns5p/pytest/popen-gw1/test_dry_run_does_not_modify_p0/skills/skill-a/.git
.temp/TASK-260822-1jns5p/pytest/popen-gw1/test_effective_surface_is_the_0/project/.git
.temp/TASK-260822-1jns5p/pytest/popen-gw1/test_effective_surface_is_the_0/skills/consumer-a/.git
.temp/TASK-260822-1jns5p/pytest/popen-gw1/test_effective_surface_is_the_0/skills/consumer-b/.git
.temp/TASK-260822-1jns5p/pytest/popen-gw1/test_effective_surface_is_the_0/skills/provider/.git
.temp/TASK-260822-1jns5p/pytest/popen-gw1/test_failed_update_preserves_p0/project/.git
.temp/TASK-260822-1jns5p/pytest/popen-gw1/test_failed_update_preserves_p0/skills/skill-a/.git
.temp/TASK-260822-1jns5p/pytest/popen-gw1/test_full_requirement_is_the_d0/project/.git
.temp/TASK-260822-1jns5p/pytest/popen-gw1/test_full_requirement_is_the_d0/skills/consumer/.git
.temp/TASK-260822-1jns5p/pytest/popen-gw1/test_full_requirement_is_the_d0/skills/provider/.git
.temp/TASK-260822-1jns5p/pytest/popen-gw1/test_gitignore_fix_allows_inst0/project/.git
.temp/TASK-260822-1jns5p/pytest/popen-gw1/test_gitignore_fix_allows_inst0/skills/skill-a/.git
.temp/TASK-260822-1jns5p/pytest/popen-gw1/test_gitignore_gate_skips_proj0/project/.git
.temp/TASK-260822-1jns5p/pytest/popen-gw1/test_gitignore_gate_skips_proj0/skills/skill-a/.git
.temp/TASK-260822-1jns5p/pytest/popen-gw1/test_gitmodules_rejected0/project/.git
.temp/TASK-260822-1jns5p/pytest/popen-gw1/test_gitmodules_rejected0/skills/skill-a/.git
.temp/TASK-260822-1jns5p/pytest/popen-gw1/test_global_install_only_accep0/project/.git
.temp/TASK-260822-1jns5p/pytest/popen-gw1/test_global_install_only_accep0/skills/skill-a/.git
.temp/TASK-260822-1jns5p/pytest/popen-gw1/test_global_install_only_accep0/skills/skill-b/.git
.temp/TASK-260822-1jns5p/pytest/popen-gw1/test_global_install_only_accep0/skills/skill-c/.git
.temp/TASK-260822-1jns5p/pytest/popen-gw1/test_global_install_only_insta0/project/.git
.temp/TASK-260822-1jns5p/pytest/popen-gw1/test_global_install_only_insta0/skills/skill-consumer/.git
.temp/TASK-260822-1jns5p/pytest/popen-gw1/test_global_install_only_insta0/skills/skill-provider/.git
.temp/TASK-260822-1jns5p/pytest/popen-gw1/test_global_install_only_insta0/skills/skill-unrelated/.git
.temp/TASK-260822-1jns5p/pytest/popen-gw1/test_global_install_only_never0/project/.git
.temp/TASK-260822-1jns5p/pytest/popen-gw1/test_global_install_only_never0/skills/skill-wanted/.git
.temp/TASK-260822-1jns5p/pytest/popen-gw1/test_global_install_only_prese0/project/.git
.temp/TASK-260822-1jns5p/pytest/popen-gw1/test_global_install_only_prese0/skills/skill-kept/.git
.temp/TASK-260822-1jns5p/pytest/popen-gw1/test_global_install_only_prese0/skills/skill-target/.git
.temp/TASK-260822-1jns5p/pytest/popen-gw1/test_global_install_only_rejec0/project/.git
.temp/TASK-260822-1jns5p/pytest/popen-gw1/test_global_install_only_rejec0/skills/skill-kept/.git
.temp/TASK-260822-1jns5p/pytest/popen-gw1/test_global_install_only_rejec0/skills/skill-target/.git
.temp/TASK-260822-1jns5p/pytest/popen-gw1/test_global_install_only_rejec1/project/.git
.temp/TASK-260822-1jns5p/pytest/popen-gw1/test_global_install_only_rejec1/skills/skill-a/.git
.temp/TASK-260822-1jns5p/pytest/popen-gw1/test_global_install_only_warns0/project/.git
.temp/TASK-260822-1jns5p/pytest/popen-gw1/test_global_install_only_warns0/skills/skill-consumer/.git
.temp/TASK-260822-1jns5p/pytest/popen-gw1/test_global_install_only_warns0/skills/skill-provider/.git
.temp/TASK-260822-1jns5p/pytest/popen-gw1/test_global_install_without_on0/project/.git
.temp/TASK-260822-1jns5p/pytest/popen-gw1/test_global_install_without_on0/skills/skill-a/.git
.temp/TASK-260822-1jns5p/pytest/popen-gw1/test_global_install_without_on1/project/.git
.temp/TASK-260822-1jns5p/pytest/popen-gw1/test_global_install_without_on1/skills/skill-a/.git
.temp/TASK-260822-1jns5p/pytest/popen-gw1/test_global_install_without_on1/skills/skill-b/.git
.temp/TASK-260822-1jns5p/pytest/popen-gw1/test_global_update_only_fetche0/project/.git
.temp/TASK-260822-1jns5p/pytest/popen-gw1/test_global_update_only_fetche0/skills/skill-a/.git
.temp/TASK-260822-1jns5p/pytest/popen-gw1/test_global_update_only_fetche0/skills/skill-b/.git
.temp/TASK-260822-1jns5p/pytest/popen-gw1/test_global_upgrade_only_fetch0/project/.git
.temp/TASK-260822-1jns5p/pytest/popen-gw1/test_global_upgrade_only_fetch0/skills/skill-a/.git
.temp/TASK-260822-1jns5p/pytest/popen-gw1/test_global_upgrade_only_fetch0/skills/skill-b/.git
.temp/TASK-260822-1jns5p/pytest/popen-gw1/test_global_upgrade_only_fetch0/skills/skill-c/.git
.temp/TASK-260822-1jns5p/pytest/popen-gw1/test_global_upgrade_without_on0/project/.git
.temp/TASK-260822-1jns5p/pytest/popen-gw1/test_global_upgrade_without_on0/skills/skill-a/.git
.temp/TASK-260822-1jns5p/pytest/popen-gw1/test_global_upgrade_without_on0/skills/skill-b/.git
.temp/TASK-260822-1jns5p/pytest/popen-gw1/test_inactive_exports_never_co0/project/.git
.temp/TASK-260822-1jns5p/pytest/popen-gw1/test_inactive_exports_never_co0/skills/consumer/.git
.temp/TASK-260822-1jns5p/pytest/popen-gw1/test_inactive_exports_never_co0/skills/provider-one/.git
.temp/TASK-260822-1jns5p/pytest/popen-gw1/test_inactive_exports_never_co0/skills/provider-two/.git
.temp/TASK-260822-1jns5p/pytest/popen-gw1/test_install_clone_failure_pro0/project/.git
.temp/TASK-260822-1jns5p/pytest/popen-gw1/test_install_clones_missing_sk0/project/.git
.temp/TASK-260822-1jns5p/pytest/popen-gw1/test_install_clones_missing_sk0/remotes/skill-a/.git
.temp/TASK-260822-1jns5p/pytest/popen-gw1/test_install_clones_missing_sk0/skills/skill-a/.git
.temp/TASK-260822-1jns5p/pytest/popen-gw1/test_install_declared_script_t0/project/.git
.temp/TASK-260822-1jns5p/pytest/popen-gw1/test_install_declared_script_t0/skills/skill-tool/.git
.temp/TASK-260822-1jns5p/pytest/popen-gw1/test_install_is_idempotent_for0/project/.git
.temp/TASK-260822-1jns5p/pytest/popen-gw1/test_install_is_idempotent_for0/skills/skill-a/.git
.temp/TASK-260822-1jns5p/pytest/popen-gw1/test_install_uses_existing_loc0/project/.git
.temp/TASK-260822-1jns5p/pytest/popen-gw1/test_install_uses_existing_loc0/skills/skill-a/.git
.temp/TASK-260822-1jns5p/pytest/popen-gw1/test_install_writes_marker_sch0/project/.git
.temp/TASK-260822-1jns5p/pytest/popen-gw1/test_install_writes_marker_sch0/skills/skill-docs/.git
.temp/TASK-260822-1jns5p/pytest/popen-gw1/test_local_path_exists_but_not0/project/.git
.temp/TASK-260822-1jns5p/pytest/popen-gw1/test_locale_fallback_warning_s0/project/.git
.temp/TASK-260822-1jns5p/pytest/popen-gw1/test_locale_fallback_warning_s0/skills/skill-a/.git
.temp/TASK-260822-1jns5p/pytest/popen-gw1/test_marker_schema_mismatch_is0/project/.git
.temp/TASK-260822-1jns5p/pytest/popen-gw1/test_marker_schema_mismatch_is0/skills/skill-a/.git
.temp/TASK-260822-1jns5p/pytest/popen-gw1/test_materialization_staging_i0/project/.git
.temp/TASK-260822-1jns5p/pytest/popen-gw1/test_materialization_staging_i0/skills/skill-a/.git
.temp/TASK-260822-1jns5p/pytest/popen-gw1/test_missing_skill_command_dep0/project/.git
.temp/TASK-260822-1jns5p/pytest/popen-gw1/test_missing_skill_command_dep0/skills/skill-docs-memory/.git
.temp/TASK-260822-1jns5p/pytest/popen-gw1/test_missing_skill_md_error_ma0/project/.git
.temp/TASK-260822-1jns5p/pytest/popen-gw1/test_missing_skill_md_error_ma0/skills/skill-a/.git
.temp/TASK-260822-1jns5p/pytest/popen-gw1/test_missing_skill_without_git0/project/.git
.temp/TASK-260822-1jns5p/pytest/popen-gw1/test_missing_skillfile_warns_a0/project/.git
.temp/TASK-260822-1jns5p/pytest/popen-gw1/test_missing_system_command_bl0/project/.git
.temp/TASK-260822-1jns5p/pytest/popen-gw1/test_missing_system_command_bl0/skills/skill-system/.git
.temp/TASK-260822-1jns5p/pytest/popen-gw1/test_moved_tag_warns_by_defaul0/project/.git
.temp/TASK-260822-1jns5p/pytest/popen-gw1/test_moved_tag_warns_by_defaul0/skills/skill-a/.git
.temp/TASK-260822-1jns5p/pytest/popen-gw1/test_post_commit_gc_lock_conte0/project/.git
.temp/TASK-260822-1jns5p/pytest/popen-gw1/test_post_commit_gc_lock_conte0/skills/skill-a/.git
.temp/TASK-260822-1jns5p/pytest/popen-gw1/test_post_commit_gc_runs_only_0/project/.git
.temp/TASK-260822-1jns5p/pytest/popen-gw1/test_post_commit_gc_runs_only_0/skills/skill-a/.git
.temp/TASK-260822-1jns5p/pytest/popen-gw1/test_project_dry_run_missing_g0/project/.git
.temp/TASK-260822-1jns5p/pytest/popen-gw1/test_project_dry_run_missing_g0/skills/skill-build/.git
.temp/TASK-260822-1jns5p/pytest/popen-gw1/test_project_dry_run_missing_g0/skills/skill-plain/.git
.temp/TASK-260822-1jns5p/pytest/popen-gw1/test_project_dry_run_reports_r0/project/.git
.temp/TASK-260822-1jns5p/pytest/popen-gw1/test_project_dry_run_retries_t0/project/.git
.temp/TASK-260822-1jns5p/pytest/popen-gw1/test_real_install_requires_bui0/project/.git
.temp/TASK-260822-1jns5p/pytest/popen-gw1/test_real_install_requires_bui0/skills/skill-build/.git
.temp/TASK-260822-1jns5p/pytest/popen-gw1/test_removed_requirement_clean0/project/.git
.temp/TASK-260822-1jns5p/pytest/popen-gw1/test_removed_requirement_clean0/skills/consumer/.git
.temp/TASK-260822-1jns5p/pytest/popen-gw1/test_removed_requirement_clean0/skills/provider/.git
.temp/TASK-260822-1jns5p/pytest/popen-gw1/test_resolve_current_worktree_0/project/.git
.temp/TASK-260822-1jns5p/pytest/popen-gw1/test_resolve_feature_branch_wi0/project/.git
.temp/TASK-260822-1jns5p/pytest/popen-gw1/test_resolve_shared_checkout_u0/project/.git
.temp/TASK-260822-1jns5p/pytest/popen-gw1/test_resolve_uses_configurable0/project/.git
.temp/TASK-260822-1jns5p/pytest/popen-gw1/test_runtime_requirement_insta0/project/.git
.temp/TASK-260822-1jns5p/pytest/popen-gw1/test_runtime_requirement_insta0/skills/consumer/.git
.temp/TASK-260822-1jns5p/pytest/popen-gw1/test_runtime_requirement_insta0/skills/provider/.git
.temp/TASK-260822-1jns5p/pytest/popen-gw1/test_runtime_requirement_witho0/project/.git
.temp/TASK-260822-1jns5p/pytest/popen-gw1/test_runtime_requirement_witho0/skills/consumer/.git
.temp/TASK-260822-1jns5p/pytest/popen-gw1/test_runtime_requirement_witho0/skills/provider/.git
.temp/TASK-260822-1jns5p/pytest/popen-gw1/test_runtime_root_preserves_ex0/project/.git
.temp/TASK-260822-1jns5p/pytest/popen-gw1/test_runtime_root_preserves_ex0/skills/skill-tool/.git
.temp/TASK-260822-1jns5p/pytest/popen-gw1/test_runtime_shim_captures_dec0/project/.git
.temp/TASK-260822-1jns5p/pytest/popen-gw1/test_runtime_shim_captures_dec0/skills/skill-system/.git
.temp/TASK-260822-1jns5p/pytest/popen-gw1/test_runtime_shim_resolves_pro0/project/.git
.temp/TASK-260822-1jns5p/pytest/popen-gw1/test_runtime_shim_resolves_pro0/skills/skill-consumer/.git
.temp/TASK-260822-1jns5p/pytest/popen-gw1/test_runtime_shim_resolves_pro0/skills/skill-provider/.git
.temp/TASK-260822-1jns5p/pytest/popen-gw1/test_schema_v2_copies_runtime_0/project/.git
.temp/TASK-260822-1jns5p/pytest/popen-gw1/test_schema_v2_copies_runtime_0/skills/skill-tool/.git
.temp/TASK-260822-1jns5p/pytest/popen-gw1/test_schema_v6_build_root_stay0/project/.git
.temp/TASK-260822-1jns5p/pytest/popen-gw1/test_schema_v6_build_root_stay0/skills/skill-build/.git
.temp/TASK-260822-1jns5p/pytest/popen-gw1/test_schema_v6_stale_build_roo0/project/.git
.temp/TASK-260822-1jns5p/pytest/popen-gw1/test_schema_v6_stale_build_roo0/skills/skill-build/.git
.temp/TASK-260822-1jns5p/pytest/popen-gw1/test_schema_v6_stale_build_roo1/project/.git
.temp/TASK-260822-1jns5p/pytest/popen-gw1/test_schema_v6_stale_build_roo1/skills/skill-build/.git
.temp/TASK-260822-1jns5p/pytest/popen-gw1/test_schema_v6_stale_build_roo2/project/.git
.temp/TASK-260822-1jns5p/pytest/popen-gw1/test_schema_v6_stale_build_roo2/skills/skill-build/.git
.temp/TASK-260822-1jns5p/pytest/popen-gw1/test_skill_command_dependency_0/project/.git
.temp/TASK-260822-1jns5p/pytest/popen-gw1/test_skill_command_dependency_0/skills/skill-docs-memory/.git
.temp/TASK-260822-1jns5p/pytest/popen-gw1/test_skill_command_dependency_0/skills/skill-docs/.git
.temp/TASK-260822-1jns5p/pytest/popen-gw1/test_skill_command_dependency_1/project/.git
.temp/TASK-260822-1jns5p/pytest/popen-gw1/test_skill_command_dependency_1/skills/skill-docs-memory/.git
.temp/TASK-260822-1jns5p/pytest/popen-gw1/test_skill_command_dependency_1/skills/skill-docs/.git
.temp/TASK-260822-1jns5p/pytest/popen-gw1/test_skill_command_dependency_2/project/.git
.temp/TASK-260822-1jns5p/pytest/popen-gw1/test_skill_command_dependency_2/skills/skill-docs-memory/.git
.temp/TASK-260822-1jns5p/pytest/popen-gw1/test_skill_command_dependency_2/skills/skill-docs/.git
.temp/TASK-260822-1jns5p/pytest/popen-gw1/test_snapshot_cache_reused_for0/project-one/.git
.temp/TASK-260822-1jns5p/pytest/popen-gw1/test_snapshot_cache_reused_for0/project-two/.git
.temp/TASK-260822-1jns5p/pytest/popen-gw1/test_snapshot_cache_reused_for0/skills/skill-a/.git
.temp/TASK-260822-1jns5p/pytest/popen-gw1/test_system_command_missing_fa0/project/.git
.temp/TASK-260822-1jns5p/pytest/popen-gw1/test_system_command_missing_fa0/skills/skill-system/.git
.temp/TASK-260822-1jns5p/pytest/popen-gw1/test_system_dependencies_do_no0/project/.git
.temp/TASK-260822-1jns5p/pytest/popen-gw1/test_system_dependencies_do_no0/skills/skill-one/.git
.temp/TASK-260822-1jns5p/pytest/popen-gw1/test_system_dependencies_do_no0/skills/skill-two/.git
.temp/TASK-260822-1jns5p/pytest/popen-gw1/test_system_dependency_declare0/project/.git
.temp/TASK-260822-1jns5p/pytest/popen-gw1/test_system_dependency_declare0/skills/skill-system/.git
.temp/TASK-260822-1jns5p/pytest/popen-gw1/test_transaction_recovery_wait0/project/.git
.temp/TASK-260822-1jns5p/pytest/popen-gw1/test_transaction_recovery_wait0/skills/compiled/.git
.temp/TASK-260822-1jns5p/pytest/popen-gw2/test_active_journal_with_no_re0/project/.git
.temp/TASK-260822-1jns5p/pytest/popen-gw2/test_active_journal_with_no_re0/skills/build-skill/.git
.temp/TASK-260822-1jns5p/pytest/popen-gw2/test_active_transaction_journa0/project/.git
.temp/TASK-260822-1jns5p/pytest/popen-gw2/test_active_transaction_journa0/skills/build-skill/.git
.temp/TASK-260822-1jns5p/pytest/popen-gw2/test_audit_cache_hit_skips_sta0/project/.git
.temp/TASK-260822-1jns5p/pytest/popen-gw2/test_audit_cache_hit_skips_sta0/skills/skill-a/.git
.temp/TASK-260822-1jns5p/pytest/popen-gw2/test_audit_cache_ignores_malfo0/project/.git
.temp/TASK-260822-1jns5p/pytest/popen-gw2/test_audit_cache_ignores_malfo0/skills/skill-a/.git
.temp/TASK-260822-1jns5p/pytest/popen-gw2/test_audit_cache_recomputes_de0/project/.git
.temp/TASK-260822-1jns5p/pytest/popen-gw2/test_audit_cache_recomputes_de0/skills/skill-a/.git
.temp/TASK-260822-1jns5p/pytest/popen-gw2/test_audit_cache_rejects_unkno0/project/.git
.temp/TASK-260822-1jns5p/pytest/popen-gw2/test_audit_cache_rejects_unkno0/skills/skill-a/.git
.temp/TASK-260822-1jns5p/pytest/popen-gw2/test_audit_static_canary_failu0/project/.git
.temp/TASK-260822-1jns5p/pytest/popen-gw2/test_audit_static_canary_failu0/skills/skill-a/.git
.temp/TASK-260822-1jns5p/pytest/popen-gw2/test_audit_static_canary_runs_0/project/.git
.temp/TASK-260822-1jns5p/pytest/popen-gw2/test_audit_static_canary_runs_0/skills/skill-a/.git
.temp/TASK-260822-1jns5p/pytest/popen-gw2/test_audit_static_canary_runs_0/skills/skill-b/.git
.temp/TASK-260822-1jns5p/pytest/popen-gw2/test_branch_without_remote_is_0/skills/skill-a/.git
.temp/TASK-260822-1jns5p/pytest/popen-gw2/test_build_failure_preserves_e0/project/.git
.temp/TASK-260822-1jns5p/pytest/popen-gw2/test_build_failure_preserves_e0/skills/compiled/.git
.temp/TASK-260822-1jns5p/pytest/popen-gw2/test_build_gc_marks_project_ma0/project/.git
.temp/TASK-260822-1jns5p/pytest/popen-gw2/test_build_gc_marks_project_ma0/skills/build-skill/.git
.temp/TASK-260822-1jns5p/pytest/popen-gw2/test_build_gc_marks_project_ma0/young-skills/build-skill/.git
.temp/TASK-260822-1jns5p/pytest/popen-gw2/test_build_gc_marks_project_ma0/young/project/.git
.temp/TASK-260822-1jns5p/pytest/popen-gw2/test_build_gc_marks_valid_glob0/project/.git
.temp/TASK-260822-1jns5p/pytest/popen-gw2/test_build_gc_marks_valid_glob0/skills/build-skill/.git
.temp/TASK-260822-1jns5p/pytest/popen-gw2/test_build_gc_marks_valid_glob1/project/.git
.temp/TASK-260822-1jns5p/pytest/popen-gw2/test_build_gc_marks_valid_glob1/skills/build-skill/.git
.temp/TASK-260822-1jns5p/pytest/popen-gw2/test_cli_audit_all_includes_re0/project/.git
.temp/TASK-260822-1jns5p/pytest/popen-gw2/test_cli_audit_all_includes_re0/skills/skill-a/.git
.temp/TASK-260822-1jns5p/pytest/popen-gw2/test_cli_audit_all_includes_re0/skills/skill-b/.git
.temp/TASK-260822-1jns5p/pytest/popen-gw2/test_cli_audit_allow_does_not_0/project/.git
.temp/TASK-260822-1jns5p/pytest/popen-gw2/test_cli_audit_allow_does_not_0/skills/skill-a/.git
.temp/TASK-260822-1jns5p/pytest/popen-gw2/test_cli_audit_allow_pins_sche0/project/.git
.temp/TASK-260822-1jns5p/pytest/popen-gw2/test_cli_audit_allow_pins_sche0/skills/skill-a/.git
.temp/TASK-260822-1jns5p/pytest/popen-gw2/test_cli_audit_global_scope0/skills/skill-a/.git
.temp/TASK-260822-1jns5p/pytest/popen-gw2/test_cli_audit_json_reports_st0/project/.git
.temp/TASK-260822-1jns5p/pytest/popen-gw2/test_cli_audit_json_reports_st0/skills/skill-a/.git
.temp/TASK-260822-1jns5p/pytest/popen-gw2/test_cli_audit_redacts_url_sec0/project/.git
.temp/TASK-260822-1jns5p/pytest/popen-gw2/test_cli_audit_redacts_url_sec0/skills/skill-a/.git
.temp/TASK-260822-1jns5p/pytest/popen-gw2/test_cli_audit_revocation_bloc0/project/.git
.temp/TASK-260822-1jns5p/pytest/popen-gw2/test_cli_audit_revocation_bloc0/skills/skill-a/.git
.temp/TASK-260822-1jns5p/pytest/popen-gw2/test_cli_audit_source_revocati0/project/.git
.temp/TASK-260822-1jns5p/pytest/popen-gw2/test_cli_audit_source_revocati0/skills/skill-a/.git
.temp/TASK-260822-1jns5p/pytest/popen-gw2/test_cli_audit_strict_blocks_o0/project/.git
.temp/TASK-260822-1jns5p/pytest/popen-gw2/test_cli_audit_strict_blocks_o0/skills/skill-a/.git
.temp/TASK-260822-1jns5p/pytest/popen-gw2/test_cli_audit_strict_reports_0/project/.git
.temp/TASK-260822-1jns5p/pytest/popen-gw2/test_cli_audit_strict_reports_0/skills/skill-a/.git
.temp/TASK-260822-1jns5p/pytest/popen-gw2/test_cli_install_audit_flag_wa0/project/.git
.temp/TASK-260822-1jns5p/pytest/popen-gw2/test_cli_install_audit_flag_wa0/skills/skill-a/.git
.temp/TASK-260822-1jns5p/pytest/popen-gw2/test_cli_install_audit_strict_0/project/.git
.temp/TASK-260822-1jns5p/pytest/popen-gw2/test_cli_install_audit_strict_0/skills/skill-a/.git
.temp/TASK-260822-1jns5p/pytest/popen-gw2/test_clone_repo_clones_local_r0/cloned/.git
.temp/TASK-260822-1jns5p/pytest/popen-gw2/test_clone_repo_clones_local_r0/skills/skill-a/.git
.temp/TASK-260822-1jns5p/pytest/popen-gw2/test_commit_generation_change_0/project/.git
.temp/TASK-260822-1jns5p/pytest/popen-gw2/test_corrupt_consumer_registry0/project/.git
.temp/TASK-260822-1jns5p/pytest/popen-gw2/test_corrupt_consumer_registry0/skills/build-skill/.git
.temp/TASK-260822-1jns5p/pytest/popen-gw2/test_corrupt_journal_or_marker0/project/.git
.temp/TASK-260822-1jns5p/pytest/popen-gw2/test_corrupt_journal_or_marker0/skills/build-skill/.git
.temp/TASK-260822-1jns5p/pytest/popen-gw2/test_csk_install_prints_the_op0/project/.git
.temp/TASK-260822-1jns5p/pytest/popen-gw2/test_csk_install_prints_the_op0/skills/compiled/.git
.temp/TASK-260822-1jns5p/pytest/popen-gw2/test_full_install_then_upgrade0/project/.git
.temp/TASK-260822-1jns5p/pytest/popen-gw2/test_full_install_then_upgrade0/skills/skill-a/.git
.temp/TASK-260822-1jns5p/pytest/popen-gw2/test_global_add_remove_and_lis0/project/.git
.temp/TASK-260822-1jns5p/pytest/popen-gw2/test_global_build_planning_mer0/project/.git
.temp/TASK-260822-1jns5p/pytest/popen-gw2/test_global_build_planning_mer0/skills/consumer-a/.git
.temp/TASK-260822-1jns5p/pytest/popen-gw2/test_global_build_planning_mer0/skills/consumer-b/.git
.temp/TASK-260822-1jns5p/pytest/popen-gw2/test_global_build_planning_mer0/skills/provider/.git
.temp/TASK-260822-1jns5p/pytest/popen-gw2/test_global_build_planning_rej0/project/.git
.temp/TASK-260822-1jns5p/pytest/popen-gw2/test_global_build_planning_rej0/skills/consumer-a/.git
.temp/TASK-260822-1jns5p/pytest/popen-gw2/test_global_build_planning_rej0/skills/consumer-b/.git
.temp/TASK-260822-1jns5p/pytest/popen-gw2/test_global_build_planning_rej0/skills/provider/.git
.temp/TASK-260822-1jns5p/pytest/popen-gw2/test_global_build_planning_run0/project/.git
.temp/TASK-260822-1jns5p/pytest/popen-gw2/test_global_build_planning_run0/skills/skill-build/.git
.temp/TASK-260822-1jns5p/pytest/popen-gw2/test_global_dry_run_missing_go0/project/.git
.temp/TASK-260822-1jns5p/pytest/popen-gw2/test_global_dry_run_missing_go0/skills/skill-build/.git
.temp/TASK-260822-1jns5p/pytest/popen-gw2/test_global_dry_run_missing_go0/skills/skill-plain/.git
.temp/TASK-260822-1jns5p/pytest/popen-gw2/test_global_dry_run_requiremen0/project/.git
.temp/TASK-260822-1jns5p/pytest/popen-gw2/test_global_dry_run_requiremen0/skills/skill-a/.git
.temp/TASK-260822-1jns5p/pytest/popen-gw2/test_global_dry_run_requiremen1/project/.git
.temp/TASK-260822-1jns5p/pytest/popen-gw2/test_global_dry_run_requiremen1/skills/skill-a/.git
.temp/TASK-260822-1jns5p/pytest/popen-gw2/test_global_dry_run_retries_al0/project/.git
.temp/TASK-260822-1jns5p/pytest/popen-gw2/test_global_init_uses_config_d0/project/.git
.temp/TASK-260822-1jns5p/pytest/popen-gw2/test_global_install_audit_advi0/project/.git
.temp/TASK-260822-1jns5p/pytest/popen-gw2/test_global_install_audit_advi0/skills/skill-a/.git
.temp/TASK-260822-1jns5p/pytest/popen-gw2/test_global_install_audit_stri0/project/.git
.temp/TASK-260822-1jns5p/pytest/popen-gw2/test_global_install_audit_stri0/skills/skill-a/.git
.temp/TASK-260822-1jns5p/pytest/popen-gw2/test_global_install_cascades_s0/project/.git
.temp/TASK-260822-1jns5p/pytest/popen-gw2/test_global_install_cascades_s0/skills/skill-consumer/.git
.temp/TASK-260822-1jns5p/pytest/popen-gw2/test_global_install_cascades_s0/skills/skill-provider/.git
.temp/TASK-260822-1jns5p/pytest/popen-gw2/test_global_install_checks_ski0/project/.git
.temp/TASK-260822-1jns5p/pytest/popen-gw2/test_global_install_checks_ski0/skills/skill-docs-memory/.git
.temp/TASK-260822-1jns5p/pytest/popen-gw2/test_global_install_checks_ski0/skills/skill-docs/.git
.temp/TASK-260822-1jns5p/pytest/popen-gw2/test_global_install_diagnostic0/project/.git
.temp/TASK-260822-1jns5p/pytest/popen-gw2/test_global_install_diagnostic0/skills/skill-good/.git
.temp/TASK-260822-1jns5p/pytest/popen-gw2/test_global_install_diagnostic0/skills/skill-missing-dep/.git
.temp/TASK-260822-1jns5p/pytest/popen-gw2/test_global_install_does_not_o0/project/.git
.temp/TASK-260822-1jns5p/pytest/popen-gw2/test_global_install_does_not_o0/skills/skill-tool/.git
.temp/TASK-260822-1jns5p/pytest/popen-gw2/test_global_install_dry_run_do0/project/.git
.temp/TASK-260822-1jns5p/pytest/popen-gw2/test_global_install_dry_run_do0/remote-skills/skill-a/.git
.temp/TASK-260822-1jns5p/pytest/popen-gw2/test_global_install_is_idempot0/project/.git
.temp/TASK-260822-1jns5p/pytest/popen-gw2/test_global_install_is_idempot0/skills/skill-a/.git
.temp/TASK-260822-1jns5p/pytest/popen-gw2/test_global_install_lock_conte0/project/.git
.temp/TASK-260822-1jns5p/pytest/popen-gw2/test_global_install_preserves_0/project/.git
.temp/TASK-260822-1jns5p/pytest/popen-gw2/test_global_install_preserves_0/skills/skill-a/.git
.temp/TASK-260822-1jns5p/pytest/popen-gw2/test_global_install_publishes_0/project/.git
.temp/TASK-260822-1jns5p/pytest/popen-gw2/test_global_install_publishes_0/skills/skill-tool/.git
.temp/TASK-260822-1jns5p/pytest/popen-gw2/test_global_install_rejects_ex0/project/.git
.temp/TASK-260822-1jns5p/pytest/popen-gw2/test_global_install_rejects_ex0/skills/skill-tool/.git
.temp/TASK-260822-1jns5p/pytest/popen-gw2/test_global_install_resolution0/project/.git
.temp/TASK-260822-1jns5p/pytest/popen-gw2/test_global_install_resolution0/skills/skill-good/.git
.temp/TASK-260822-1jns5p/pytest/popen-gw2/test_global_install_respects_e0/project/.git
.temp/TASK-260822-1jns5p/pytest/popen-gw2/test_global_install_respects_e0/skills/skill-tool/.git
.temp/TASK-260822-1jns5p/pytest/popen-gw2/test_global_install_stops_befo0/project/.git
.temp/TASK-260822-1jns5p/pytest/popen-gw2/test_global_install_stops_befo0/skills/skill-bad/.git
.temp/TASK-260822-1jns5p/pytest/popen-gw2/test_global_install_stops_befo0/skills/skill-build/.git
.temp/TASK-260822-1jns5p/pytest/popen-gw2/test_global_install_warns_for_0/project/.git
.temp/TASK-260822-1jns5p/pytest/popen-gw2/test_global_install_warns_for_0/skills/skill-tool/.git
.temp/TASK-260822-1jns5p/pytest/popen-gw2/test_global_install_warns_when0/project/.git
.temp/TASK-260822-1jns5p/pytest/popen-gw2/test_global_install_warns_when0/skills/skill-tool/.git
.temp/TASK-260822-1jns5p/pytest/popen-gw2/test_global_install_writes_con0/project/.git
.temp/TASK-260822-1jns5p/pytest/popen-gw2/test_global_install_writes_con0/skills/skill-tool/.git
.temp/TASK-260822-1jns5p/pytest/popen-gw2/test_global_moved_tag_warns_by0/project/.git
.temp/TASK-260822-1jns5p/pytest/popen-gw2/test_global_moved_tag_warns_by0/skills/skill-a/.git
.temp/TASK-260822-1jns5p/pytest/popen-gw2/test_global_real_install_mater0/project/.git
.temp/TASK-260822-1jns5p/pytest/popen-gw2/test_global_real_install_mater0/skills/consumer/.git
.temp/TASK-260822-1jns5p/pytest/popen-gw2/test_global_real_install_mater0/skills/provider/.git
.temp/TASK-260822-1jns5p/pytest/popen-gw2/test_global_real_install_mater1/project/.git
.temp/TASK-260822-1jns5p/pytest/popen-gw2/test_global_real_install_mater1/skills/consumer-one/.git
.temp/TASK-260822-1jns5p/pytest/popen-gw2/test_global_real_install_mater1/skills/consumer-two/.git
.temp/TASK-260822-1jns5p/pytest/popen-gw2/test_global_real_install_mater1/skills/provider-one/.git
.temp/TASK-260822-1jns5p/pytest/popen-gw2/test_global_real_install_mater1/skills/provider-two/.git
.temp/TASK-260822-1jns5p/pytest/popen-gw2/test_global_real_install_requi0/project/.git
.temp/TASK-260822-1jns5p/pytest/popen-gw2/test_global_real_install_requi0/skills/skill-build/.git
.temp/TASK-260822-1jns5p/pytest/popen-gw2/test_global_real_install_requi0/skills/skill-plain/.git
.temp/TASK-260822-1jns5p/pytest/popen-gw2/test_global_real_install_runs_0/project/.git
.temp/TASK-260822-1jns5p/pytest/popen-gw2/test_global_real_install_runs_0/skills/skill-build/.git
.temp/TASK-260822-1jns5p/pytest/popen-gw2/test_global_status_reports_mis0/project/.git
.temp/TASK-260822-1jns5p/pytest/popen-gw2/test_global_status_reports_mis0/skills/skill-a/.git
.temp/TASK-260822-1jns5p/pytest/popen-gw2/test_global_upgrade_dry_run_do0/project/.git
.temp/TASK-260822-1jns5p/pytest/popen-gw2/test_global_upgrade_dry_run_do0/remote-skills/skill-a/.git
.temp/TASK-260822-1jns5p/pytest/popen-gw2/test_global_upgrade_fetches_re0/project/.git
.temp/TASK-260822-1jns5p/pytest/popen-gw2/test_global_upgrade_fetches_re0/skills/skill-a/.git
.temp/TASK-260822-1jns5p/pytest/popen-gw2/test_global_upgrade_fetches_re0/source-skill/.git
.temp/TASK-260822-1jns5p/pytest/popen-gw2/test_global_upgrade_fetches_tr0/project/.git
.temp/TASK-260822-1jns5p/pytest/popen-gw2/test_global_upgrade_fetches_tr0/skills/direct/.git
.temp/TASK-260822-1jns5p/pytest/popen-gw2/test_global_upgrade_fetches_tr0/skills/transitive/.git
.temp/TASK-260822-1jns5p/pytest/popen-gw2/test_global_upgrade_fetches_tr0/skills/unrelated/.git
.temp/TASK-260822-1jns5p/pytest/popen-gw2/test_global_upgrade_releases_u0/project/.git
.temp/TASK-260822-1jns5p/pytest/popen-gw2/test_hybrid_build_is_committed0/project/.git
.temp/TASK-260822-1jns5p/pytest/popen-gw2/test_hybrid_build_is_committed0/skills/hybrid-tool/.git
.temp/TASK-260822-1jns5p/pytest/popen-gw2/test_install_verbose_reports_c0/project/.git
.temp/TASK-260822-1jns5p/pytest/popen-gw2/test_install_verbose_reports_c0/skills/skill-tool/.git
.temp/TASK-260822-1jns5p/pytest/popen-gw2/test_journal_filesystem_error_0/project/.git
.temp/TASK-260822-1jns5p/pytest/popen-gw2/test_journal_filesystem_error_0/skills/build-skill/.git
.temp/TASK-260822-1jns5p/pytest/popen-gw2/test_journal_generation_change0/project/.git
.temp/TASK-260822-1jns5p/pytest/popen-gw2/test_journal_generation_change0/skills/build-skill/.git
.temp/TASK-260822-1jns5p/pytest/popen-gw2/test_marker_v1_keeps_runtime_a0/project/.git
.temp/TASK-260822-1jns5p/pytest/popen-gw2/test_marker_v1_keeps_runtime_a0/skills/legacy-runtime/.git
.temp/TASK-260822-1jns5p/pytest/popen-gw2/test_project_boundary_reports_0/project/.git
.temp/TASK-260822-1jns5p/pytest/popen-gw2/test_project_boundary_reports_0/skills/compiled/.git
.temp/TASK-260822-1jns5p/pytest/popen-gw2/test_project_command_shim_shad0/project/.git
.temp/TASK-260822-1jns5p/pytest/popen-gw2/test_project_command_shim_shad0/skills/skill-tool/.git
.temp/TASK-260822-1jns5p/pytest/popen-gw2/test_publication_failure_leave0/project/.git
.temp/TASK-260822-1jns5p/pytest/popen-gw2/test_publication_failure_leave0/skills/compiled/.git
.temp/TASK-260822-1jns5p/pytest/popen-gw2/test_real_builds_run_provider_0/project/.git
.temp/TASK-260822-1jns5p/pytest/popen-gw2/test_real_builds_run_provider_0/skills/consumer/.git
.temp/TASK-260822-1jns5p/pytest/popen-gw2/test_real_builds_run_provider_0/skills/provider/.git
.temp/TASK-260822-1jns5p/pytest/popen-gw2/test_resolve_tag_branch_and_re0/skills/skill-a/.git
.temp/TASK-260822-1jns5p/pytest/popen-gw2/test_runtime_gc_keeps_global_o0/project/.git
.temp/TASK-260822-1jns5p/pytest/popen-gw2/test_runtime_gc_keeps_global_o0/skills/skill-tool/.git
.temp/TASK-260822-1jns5p/pytest/popen-gw2/test_second_project_consumer_f0/project-one/.git
.temp/TASK-260822-1jns5p/pytest/popen-gw2/test_second_project_consumer_f0/project-two/.git
.temp/TASK-260822-1jns5p/pytest/popen-gw2/test_second_project_consumer_f0/skills/context-skill/.git
.temp/TASK-260822-1jns5p/pytest/popen-gw2/test_two_projects_share_verifi0/project-one/.git
.temp/TASK-260822-1jns5p/pytest/popen-gw2/test_two_projects_share_verifi0/project-two/.git
.temp/TASK-260822-1jns5p/pytest/popen-gw2/test_two_projects_share_verifi0/skills/compiled/.git
.temp/TASK-260822-1jns5p/pytest/popen-gw2/test_unreferenced_corrupt_prot0/project/.git
.temp/TASK-260822-1jns5p/pytest/popen-gw2/test_unreferenced_corrupt_prot0/skills/build-skill/.git
.temp/TASK-260822-1jns5p/pytest/popen-gw2/test_update_fetches_skill_clon0/project/.git
.temp/TASK-260822-1jns5p/pytest/popen-gw2/test_update_fetches_skill_clon0/skills/skill-a/.git
.temp/TASK-260822-1jns5p/pytest/popen-gw2/test_update_fetches_skill_clon0/source-skill/.git
.temp/TASK-260822-1jns5p/pytest/popen-gw2/test_upgrade_fetches_remote_br0/project/.git
.temp/TASK-260822-1jns5p/pytest/popen-gw2/test_upgrade_fetches_remote_br0/skills/skill-a/.git
.temp/TASK-260822-1jns5p/pytest/popen-gw2/test_upgrade_fetches_remote_br0/source-skill/.git
.temp/TASK-260822-1jns5p/pytest/popen-gw2/test_upgrade_without_alias_upd0/project-one/.git
.temp/TASK-260822-1jns5p/pytest/popen-gw2/test_upgrade_without_alias_upd0/project-two/.git
.temp/TASK-260822-1jns5p/pytest/popen-gw2/test_upgrade_without_alias_upd0/skills/skill-a/.git
.temp/TASK-260822-1jns5p/pytest/popen-gw2/test_upgrade_without_alias_upd0/source-skill/.git
.temp/TASK-260822-1jns5p/pytest/popen-gw2/test_valid_journal_target_cann0/project/.git
.temp/TASK-260822-1jns5p/pytest/popen-gw2/test_valid_journal_target_cann0/skills/build-skill/.git
.temp/TASK-260822-1jns5p/pytest/popen-gw3/test_adversarial_graph_cannot_0/fixture/work/.git
.temp/TASK-260822-1jns5p/pytest/popen-gw3/test_adversarial_graph_cannot_1/fixture/work/.git
.temp/TASK-260822-1jns5p/pytest/popen-gw3/test_adversarial_graph_cannot_2/fixture/work/.git
.temp/TASK-260822-1jns5p/pytest/popen-gw3/test_adversarial_graph_cannot_3/fixture/work/.git
.temp/TASK-260822-1jns5p/pytest/popen-gw3/test_adversarial_graph_cannot_4/fixture/work/.git
.temp/TASK-260822-1jns5p/pytest/popen-gw3/test_adversarial_graph_cannot_5/fixture/work/.git
.temp/TASK-260822-1jns5p/pytest/popen-gw3/test_agent_only_selection_dele0/fixture/work/.git
.temp/TASK-260822-1jns5p/pytest/popen-gw3/test_all_requires_every_target0/project/.git
.temp/TASK-260822-1jns5p/pytest/popen-gw3/test_all_requires_every_target0/skills/skill-sheets/.git
.temp/TASK-260822-1jns5p/pytest/popen-gw3/test_all_satisfied_across_agen0/project/.git
.temp/TASK-260822-1jns5p/pytest/popen-gw3/test_all_satisfied_across_agen0/skills/skill-sheets/.git
.temp/TASK-260822-1jns5p/pytest/popen-gw3/test_any_fails_with_hint_when_0/project/.git
.temp/TASK-260822-1jns5p/pytest/popen-gw3/test_any_fails_with_hint_when_0/skills/skill-sheets/.git
.temp/TASK-260822-1jns5p/pytest/popen-gw3/test_any_satisfied_through_pro0/project/.git
.temp/TASK-260822-1jns5p/pytest/popen-gw3/test_any_satisfied_through_pro0/skills/skill-sheets/.git
.temp/TASK-260822-1jns5p/pytest/popen-gw3/test_any_satisfied_through_pro1/project/.git
.temp/TASK-260822-1jns5p/pytest/popen-gw3/test_any_satisfied_through_pro1/skills/skill-sheets/.git
.temp/TASK-260822-1jns5p/pytest/popen-gw3/test_any_satisfied_through_pro2/project/.git
.temp/TASK-260822-1jns5p/pytest/popen-gw3/test_any_satisfied_through_pro2/skills/skill-sheets/.git
.temp/TASK-260822-1jns5p/pytest/popen-gw3/test_any_satisfied_through_pro3/project/.git
.temp/TASK-260822-1jns5p/pytest/popen-gw3/test_any_satisfied_through_pro3/skills/skill-sheets/.git
.temp/TASK-260822-1jns5p/pytest/popen-gw3/test_any_satisfied_through_use0/project/.git
.temp/TASK-260822-1jns5p/pytest/popen-gw3/test_any_satisfied_through_use0/skills/skill-sheets/.git
.temp/TASK-260822-1jns5p/pytest/popen-gw3/test_any_satisfied_through_win0/project/.git
.temp/TASK-260822-1jns5p/pytest/popen-gw3/test_any_satisfied_through_win0/skills/skill-sheets/.git
.temp/TASK-260822-1jns5p/pytest/popen-gw3/test_attest_detects_post_insta0/project/.git
.temp/TASK-260822-1jns5p/pytest/popen-gw3/test_attest_detects_post_insta0/skills/skill-tracker/.git
.temp/TASK-260822-1jns5p/pytest/popen-gw3/test_audited_skill_records_att0/project/.git
.temp/TASK-260822-1jns5p/pytest/popen-gw3/test_audited_skill_records_att0/skills/skill-tracker/.git
.temp/TASK-260822-1jns5p/pytest/popen-gw3/test_claude_disabled_mcpjson_s0/project/.git
.temp/TASK-260822-1jns5p/pytest/popen-gw3/test_claude_disabled_mcpjson_s0/skills/skill-sheets/.git
.temp/TASK-260822-1jns5p/pytest/popen-gw3/test_clean_environment_carries0/fixture/work/.git
.temp/TASK-260822-1jns5p/pytest/popen-gw3/test_credential_free_ssh_fails0/fixture/work/.git
.temp/TASK-260822-1jns5p/pytest/popen-gw3/test_credential_free_ssh_fails1/fixture/work/.git
.temp/TASK-260822-1jns5p/pytest/popen-gw3/test_credential_free_ssh_fails2/fixture/work/.git
.temp/TASK-260822-1jns5p/pytest/popen-gw3/test_generated_wrapper_refuses0/fixture/work/.git
.temp/TASK-260822-1jns5p/pytest/popen-gw3/test_git_branch_substitution_r0/.cocoaskills/dev/provider/.git
.temp/TASK-260822-1jns5p/pytest/popen-gw3/test_git_branch_substitution_r0/fork-provider/.git
.temp/TASK-260822-1jns5p/pytest/popen-gw3/test_git_branch_substitution_r0/project/.git
.temp/TASK-260822-1jns5p/pytest/popen-gw3/test_git_branch_substitution_r0/skills/consumer/.git
.temp/TASK-260822-1jns5p/pytest/popen-gw3/test_git_branch_substitution_r0/skills/provider/.git
.temp/TASK-260822-1jns5p/pytest/popen-gw3/test_global_boundary_reports_t0/project/.git
.temp/TASK-260822-1jns5p/pytest/popen-gw3/test_global_boundary_reports_t0/skills/compiled/.git
.temp/TASK-260822-1jns5p/pytest/popen-gw3/test_global_build_or_publicati0/project/.git
.temp/TASK-260822-1jns5p/pytest/popen-gw3/test_global_build_or_publicati0/skills/compiled/.git
.temp/TASK-260822-1jns5p/pytest/popen-gw3/test_global_build_or_publicati1/project/.git
.temp/TASK-260822-1jns5p/pytest/popen-gw3/test_global_build_or_publicati1/skills/compiled/.git
.temp/TASK-260822-1jns5p/pytest/popen-gw3/test_global_builds_publish_mar0/project/.git
.temp/TASK-260822-1jns5p/pytest/popen-gw3/test_global_builds_publish_mar0/skills/consumer/.git
.temp/TASK-260822-1jns5p/pytest/popen-gw3/test_global_builds_publish_mar0/skills/provider/.git
.temp/TASK-260822-1jns5p/pytest/popen-gw3/test_global_dry_run_never_cons0/project/.git
.temp/TASK-260822-1jns5p/pytest/popen-gw3/test_global_dry_run_never_cons0/skills/scripted/.git
.temp/TASK-260822-1jns5p/pytest/popen-gw3/test_global_external_build_use0/external-tool/.git
.temp/TASK-260822-1jns5p/pytest/popen-gw3/test_global_external_build_use0/project/.git
.temp/TASK-260822-1jns5p/pytest/popen-gw3/test_global_external_build_use0/skills/external-skill/.git
.temp/TASK-260822-1jns5p/pytest/popen-gw3/test_global_target_failure_rev0/project/.git
.temp/TASK-260822-1jns5p/pytest/popen-gw3/test_global_target_failure_rev0/skills/scripted/.git
.temp/TASK-260822-1jns5p/pytest/popen-gw3/test_global_target_failure_rev1/project/.git
.temp/TASK-260822-1jns5p/pytest/popen-gw3/test_global_target_failure_rev1/skills/scripted/.git
.temp/TASK-260822-1jns5p/pytest/popen-gw3/test_global_target_failure_rev2/project/.git
.temp/TASK-260822-1jns5p/pytest/popen-gw3/test_global_target_failure_rev2/skills/scripted/.git
.temp/TASK-260822-1jns5p/pytest/popen-gw3/test_global_target_failure_rev3/project/.git
.temp/TASK-260822-1jns5p/pytest/popen-gw3/test_global_target_failure_rev3/skills/scripted/.git
.temp/TASK-260822-1jns5p/pytest/popen-gw3/test_global_target_failure_rev4/project/.git
.temp/TASK-260822-1jns5p/pytest/popen-gw3/test_global_target_failure_rev4/skills/scripted/.git
.temp/TASK-260822-1jns5p/pytest/popen-gw3/test_global_target_failure_rev5/project/.git
.temp/TASK-260822-1jns5p/pytest/popen-gw3/test_global_target_failure_rev5/skills/scripted/.git
.temp/TASK-260822-1jns5p/pytest/popen-gw3/test_global_target_failure_rev6/project/.git
.temp/TASK-260822-1jns5p/pytest/popen-gw3/test_global_target_failure_rev6/skills/scripted/.git
.temp/TASK-260822-1jns5p/pytest/popen-gw3/test_hybrid_cli_add_list_remov0/project/.git
.temp/TASK-260822-1jns5p/pytest/popen-gw3/test_hybrid_skill_activates_fo0/project/.git
.temp/TASK-260822-1jns5p/pytest/popen-gw3/test_hybrid_skill_activates_fo0/skills/skill-conventions/.git
.temp/TASK-260822-1jns5p/pytest/popen-gw3/test_hybrid_skill_dependencies0/project/.git
.temp/TASK-260822-1jns5p/pytest/popen-gw3/test_hybrid_skill_dependencies0/skills/skill-conventions/.git
.temp/TASK-260822-1jns5p/pytest/popen-gw3/test_hybrid_skill_dependencies0/skills/skill-provider/.git
.temp/TASK-260822-1jns5p/pytest/popen-gw3/test_hybrid_skill_invisible_fo0/project-a/.git
.temp/TASK-260822-1jns5p/pytest/popen-gw3/test_hybrid_skill_invisible_fo0/project-b/.git
.temp/TASK-260822-1jns5p/pytest/popen-gw3/test_hybrid_skill_invisible_fo0/skills/skill-conventions/.git
.temp/TASK-260822-1jns5p/pytest/popen-gw3/test_hybrid_target_matches_ali0/project/.git
.temp/TASK-260822-1jns5p/pytest/popen-gw3/test_hybrid_target_matches_ali0/skills/skill-conventions/.git
.temp/TASK-260822-1jns5p/pytest/popen-gw3/test_init_ignores_the_dev_mani0/fresh/.git
.temp/TASK-260822-1jns5p/pytest/popen-gw3/test_known_hosts_are_required_0/fixture/work/.git
.temp/TASK-260822-1jns5p/pytest/popen-gw3/test_local_admission_cleanup_f0/fixture/loose/work/.git
.temp/TASK-260822-1jns5p/pytest/popen-gw3/test_local_admission_cleanup_f0/fixture/packed/.git
.temp/TASK-260822-1jns5p/pytest/popen-gw3/test_local_admission_cleanup_f1/fixture/loose/work/.git
.temp/TASK-260822-1jns5p/pytest/popen-gw3/test_local_admission_cleanup_f1/fixture/packed/.git
.temp/TASK-260822-1jns5p/pytest/popen-gw3/test_local_admission_reads_lar0/fixture/work/.git
.temp/TASK-260822-1jns5p/pytest/popen-gw3/test_local_admission_rejects_a0/fixture/work/.git
.temp/TASK-260822-1jns5p/pytest/popen-gw3/test_local_admission_rejects_a1/fixture/work/.git
.temp/TASK-260822-1jns5p/pytest/popen-gw3/test_local_admission_rejects_a2/fixture/work/.git
.temp/TASK-260822-1jns5p/pytest/popen-gw3/test_local_admission_rejects_a3/fixture/work/.git
.temp/TASK-260822-1jns5p/pytest/popen-gw3/test_local_admission_retries_a0/fixture/loose/work/.git
.temp/TASK-260822-1jns5p/pytest/popen-gw3/test_local_admission_retries_a0/fixture/packed/.git
.temp/TASK-260822-1jns5p/pytest/popen-gw3/test_local_config_and_refs_sha0/reject-alternate-object-store/.git
.temp/TASK-260822-1jns5p/pytest/popen-gw3/test_local_config_and_refs_sha0/reject-config-include/.git
.temp/TASK-260822-1jns5p/pytest/popen-gw3/test_local_config_and_refs_sha0/reject-gitfile/.git
.temp/TASK-260822-1jns5p/pytest/popen-gw3/test_local_config_and_refs_sha0/reject-grafts/.git
.temp/TASK-260822-1jns5p/pytest/popen-gw3/test_local_config_and_refs_sha0/reject-link-or-special-administration-file/.git
.temp/TASK-260822-1jns5p/pytest/popen-gw3/test_local_config_and_refs_sha0/reject-linked-worktree/.git
.temp/TASK-260822-1jns5p/pytest/popen-gw3/test_local_config_and_refs_sha0/reject-partial-clone-config/.git
.temp/TASK-260822-1jns5p/pytest/popen-gw3/test_local_config_and_refs_sha0/reject-promisor-sidecar/.git
.temp/TASK-260822-1jns5p/pytest/popen-gw3/test_local_config_and_refs_sha0/reject-reftable/.git
.temp/TASK-260822-1jns5p/pytest/popen-gw3/test_local_config_and_refs_sha0/reject-replace-ref/.git
.temp/TASK-260822-1jns5p/pytest/popen-gw3/test_local_config_and_refs_sha0/source-credential-helper-is-inert/.git
.temp/TASK-260822-1jns5p/pytest/popen-gw3/test_local_config_and_refs_sha0/source-filter-config-is-inert/.git
.temp/TASK-260822-1jns5p/pytest/popen-gw3/test_local_config_and_refs_sha0/valid-sha1-files-ref/.git
.temp/TASK-260822-1jns5p/pytest/popen-gw3/test_local_config_and_refs_sha0/valid-sha256-detached-head/.git
.temp/TASK-260822-1jns5p/pytest/popen-gw3/test_local_gitfile_bare_link_a0/fixture/work/.git
.temp/TASK-260822-1jns5p/pytest/popen-gw3/test_local_source_race_fails_c0/fixture/work/.git
.temp/TASK-260822-1jns5p/pytest/popen-gw3/test_malformed_agent_config_co0/project/.git
.temp/TASK-260822-1jns5p/pytest/popen-gw3/test_malformed_agent_config_co0/skills/skill-sheets/.git
.temp/TASK-260822-1jns5p/pytest/popen-gw3/test_malformed_dev_manifest_fa0/project/.git
.temp/TASK-260822-1jns5p/pytest/popen-gw3/test_malformed_dev_manifest_fa0/skills/consumer/.git
.temp/TASK-260822-1jns5p/pytest/popen-gw3/test_malformed_dev_manifest_fa0/skills/provider/.git
.temp/TASK-260822-1jns5p/pytest/popen-gw3/test_marker_refreshes_when_con0/project/.git
.temp/TASK-260822-1jns5p/pytest/popen-gw3/test_marker_refreshes_when_con0/skills/skill-sheets/.git
.temp/TASK-260822-1jns5p/pytest/popen-gw3/test_materialization_writes_on0/fixture/work/.git
.temp/TASK-260822-1jns5p/pytest/popen-gw3/test_network_and_local_raw_sna0/fixture/work/.git
.temp/TASK-260822-1jns5p/pytest/popen-gw3/test_network_and_local_raw_sna1/fixture/work/.git
.temp/TASK-260822-1jns5p/pytest/popen-gw3/test_opencode_disabled_server_0/project/.git
.temp/TASK-260822-1jns5p/pytest/popen-gw3/test_opencode_disabled_server_0/skills/skill-sheets/.git
.temp/TASK-260822-1jns5p/pytest/popen-gw3/test_operator_agent_pins_the_s0/fixture/work/.git
.temp/TASK-260822-1jns5p/pytest/popen-gw3/test_operator_identity_reaches0/fixture/work/.git
.temp/TASK-260822-1jns5p/pytest/popen-gw3/test_packed_local_admission_le0/fixture/loose/work/.git
.temp/TASK-260822-1jns5p/pytest/popen-gw3/test_packed_local_admission_le0/fixture/packed/.git
.temp/TASK-260822-1jns5p/pytest/popen-gw3/test_packed_local_admission_le1/fixture/loose/work/.git
.temp/TASK-260822-1jns5p/pytest/popen-gw3/test_packed_local_admission_le1/fixture/packed/.git
.temp/TASK-260822-1jns5p/pytest/popen-gw3/test_path_substitution_reads_t0/dev-provider/.git
.temp/TASK-260822-1jns5p/pytest/popen-gw3/test_path_substitution_reads_t0/project/.git
.temp/TASK-260822-1jns5p/pytest/popen-gw3/test_path_substitution_reads_t0/skills/consumer/.git
.temp/TASK-260822-1jns5p/pytest/popen-gw3/test_path_substitution_reads_t0/skills/provider/.git
.temp/TASK-260822-1jns5p/pytest/popen-gw3/test_project_declaration_shado0/project/.git
.temp/TASK-260822-1jns5p/pytest/popen-gw3/test_project_declaration_shado0/skills/skill-conventions/.git
.temp/TASK-260822-1jns5p/pytest/popen-gw3/test_project_external_build_in0/external-tool/.git
.temp/TASK-260822-1jns5p/pytest/popen-gw3/test_project_external_build_in0/project/.git
.temp/TASK-260822-1jns5p/pytest/popen-gw3/test_project_external_build_in0/skills/external-skill/.git
.temp/TASK-260822-1jns5p/pytest/popen-gw3/test_project_only_declaration_0/project/.git
.temp/TASK-260822-1jns5p/pytest/popen-gw3/test_project_only_declaration_0/skills/skill-sheets/.git
.temp/TASK-260822-1jns5p/pytest/popen-gw3/test_publish_posts_record0/project/.git
.temp/TASK-260822-1jns5p/pytest/popen-gw3/test_publish_reads_token_from_0/project/.git
.temp/TASK-260822-1jns5p/pytest/popen-gw3/test_publish_requires_registry0/project/.git
.temp/TASK-260822-1jns5p/pytest/popen-gw3/test_publish_requires_token0/project/.git
.temp/TASK-260822-1jns5p/pytest/popen-gw3/test_removed_hybrid_target_cle0/project/.git
.temp/TASK-260822-1jns5p/pytest/popen-gw3/test_removed_hybrid_target_cle0/skills/skill-conventions/.git
.temp/TASK-260822-1jns5p/pytest/popen-gw3/test_resolvable_stdio_command_0/project/.git
.temp/TASK-260822-1jns5p/pytest/popen-gw3/test_resolvable_stdio_command_0/skills/skill-sheets/.git
.temp/TASK-260822-1jns5p/pytest/popen-gw3/test_revoked_skill_blocks_inst0/project/.git
.temp/TASK-260822-1jns5p/pytest/popen-gw3/test_revoked_skill_blocks_inst0/skills/skill-tracker/.git
.temp/TASK-260822-1jns5p/pytest/popen-gw3/test_source_controlled_filters0/fixture/work/.git
.temp/TASK-260822-1jns5p/pytest/popen-gw3/test_ssh_external_build_withou0/external-tool/.git
.temp/TASK-260822-1jns5p/pytest/popen-gw3/test_ssh_external_build_withou0/project/.git
.temp/TASK-260822-1jns5p/pytest/popen-gw3/test_ssh_external_build_withou0/skills/external-skill/.git
.temp/TASK-260822-1jns5p/pytest/popen-gw3/test_status_prints_active_subs0/project/.git
.temp/TASK-260822-1jns5p/pytest/popen-gw3/test_status_prints_active_subs0/skills/consumer/.git
.temp/TASK-260822-1jns5p/pytest/popen-gw3/test_status_prints_active_subs0/skills/provider/.git
.temp/TASK-260822-1jns5p/pytest/popen-gw3/test_stdio_command_missing_fro0/project/.git
.temp/TASK-260822-1jns5p/pytest/popen-gw3/test_stdio_command_missing_fro0/skills/skill-sheets/.git
.temp/TASK-260822-1jns5p/pytest/popen-gw3/test_strict_audit_refuses_subs0/project/.git
.temp/TASK-260822-1jns5p/pytest/popen-gw3/test_strict_audit_refuses_subs0/skills/consumer/.git
.temp/TASK-260822-1jns5p/pytest/popen-gw3/test_strict_audit_refuses_subs0/skills/provider/.git
.temp/TASK-260822-1jns5p/pytest/popen-gw3/test_strict_policy_fails_unkno0/project/.git
.temp/TASK-260822-1jns5p/pytest/popen-gw3/test_strict_policy_fails_unkno0/skills/skill-tracker/.git
.temp/TASK-260822-1jns5p/pytest/popen-gw3/test_substitution_manifest_mus0/project/.git
.temp/TASK-260822-1jns5p/pytest/popen-gw3/test_substitution_manifest_mus0/skills/consumer/.git
.temp/TASK-260822-1jns5p/pytest/popen-gw3/test_substitution_manifest_mus0/skills/provider/.git
.temp/TASK-260822-1jns5p/pytest/popen-gw3/test_tagged_acquisition_fetche0/fixture/work/.git
.temp/TASK-260822-1jns5p/pytest/popen-gw3/test_tagged_acquisition_fetche1/fixture/work/.git
.temp/TASK-260822-1jns5p/pytest/popen-gw3/test_user_level_declaration_em0/project/.git
.temp/TASK-260822-1jns5p/pytest/popen-gw3/test_user_level_declaration_em0/skills/skill-sheets/.git
.temp/TASK-260824-2h0vjy/candidate-spec/.git
.temp/TASK-260824-2h0vjy/crlf/.git
.temp/TASK-260824-2h0vjy/cycle4/.git
.temp/TASK-260824-2h0vjy/fix/.git
.temp/TASK-260824-2h0vjy/protocol-spec/.git
.temp/TASK-260824-2h0vjy/released-spec/.git
.temp/TASK-260824-2h0vjy/rework/.git
.temp/TASK-260824-2h0vjy/worktree/.git
.temp/TASK-260824-2i5yqw/curator-spec-rc9/.git
.temp/TASK-260824-2i5yqw/pr40/.git
.temp/TASK-260824-2i5yqw/spec-e2e/.git
.temp/TASK-260824-2i5yqw/spec-rc9/.git
.temp/TASK-260824-2i5yqw/spec-released/.git
.temp/TASK-260824-2i5yqw/worktree/.git
.temp/TASK-260824-31y75t/candidate-rc9/.git
.temp/TASK-260824-31y75t/negctl-owner/.git
.temp/TASK-260824-31y75t/released-pin/.git
.temp/TASK-260824-31y75t/review4/.git
.temp/TASK-260824-31y75t/rework/.git
.temp/TASK-260824-31y75t/worktree/.git
.temp/TASK-260826-29y82b/review-spec/.git
.temp/aid/.git
.temp/build-https/worktree/.git
.temp/csk-runtime-command-fix/agentic-infra-docs/.git
.temp/csk-runtime-command-fix/cocoaskills-wb/.git
.temp/csk-runtime-command-fix/skill-band/.git
.temp/csk-runtime-command-fix/skill-bi/.git
.temp/csk-runtime-command-fix/skill-gitlab/.git
.temp/csk-runtime-command-fix/skill-grafana/.git
.temp/csk-runtime-command-fix/skill-sentry/.git
.temp/csk-runtime-command-fix/skill-wb-agentic-infra/.git
.temp/csk-runtime-command-fix/skill-wiki-memory/.git
.temp/csk-runtime-command-fix/skill-wiki/.git
.temp/csk-runtime-command-fix/skill-youtrack/.git
.temp/curator-shell-neutral/curator-spec/.git
.temp/curator-shell-neutral/curator/.git
.temp/curator-shell-neutral/curator/agents/skills/skill-go-testing-tools/.git
.temp/curator-spec-verify/.git
.temp/curator-spec/.git
.temp/ratify-build-ssh/worktree/.git
.temp/skill-band/.git
.temp/skill-bi-ref/.git
.temp/skill-bi/.git
.temp/skill-deploy-lab/.git
.temp/skill-figma/.git
.temp/skill-gitlab/.git
.temp/skill-grafana/.git
.temp/skill-sentry/.git
.temp/skill-youtrack-repo/.git
.temp/spec-rc6-pin-check/.git
## largest depth2 entries KiB
662616	.temp/TASK-260720-2g21eg/worktree
472812	.temp/TASK-260803-21lw4t/worktree
319896	.temp/TASK-260824-2i5yqw/pr40
271964	.temp/BUG-260807-l2ymv3/worktree
197748	.temp/TASK-260824-31y75t/rework
196896	.temp/TASK-260824-31y75t/negctl-owner
182624	.temp/TASK-260720-3pemm6/worktree
179600	.temp/BUG-260805-cfdxsk/worktree
172088	.temp/TASK-260824-2h0vjy/rework
171604	.temp/TASK-260824-2h0vjy/fix
168168	.temp/TASK-260824-2i5yqw/worktree
165148	.temp/TASK-260824-2h0vjy/crlf
162132	.temp/TASK-260720-3t8nr3/worktree
161324	.temp/TASK-260824-2h0vjy/cycle4
160124	.temp/TASK-260824-31y75t/venv311
150852	.temp/TASK-260824-2i5yqw/e2e-venv
149484	.temp/TASK-260720-12r55p/worktree
146612	.temp/TASK-260824-31y75t/venv-rev2
144956	.temp/TASK-260720-12r55p/venv
141416	.temp/TASK-260720-8nxlgx/venv
141372	.temp/TASK-260720-2jfnz6/venv
137472	.temp/build-https/worktree
125860	.temp/TASK-260720-2jfnz6/worktree
123336	.temp/TASK-260720-11yhth/worktree
122060	.temp/TASK-260803-21lw4t/integration
121568	.temp/TASK-260803-21lw4t/fix-windows-tests
120016	.temp/TASK-260803-21lw4t/fix-hosted-cleanliness
115072	.temp/TASK-260822-1jns5p/pytest
114664	.temp/TASK-260819-2j7v0x/xdist-ordinary-basetemp
64756	.temp/TASK-260720-2jfnz6/pytest-full
33924	.temp/csk-runtime-command-fix/cocoaskills-wb
31692	.temp/TASK-260824-31y75t/worktree
19212	.temp/TASK-260824-2h0vjy/candidate-spec
18160	.temp/TASK-260824-2h0vjy/worktree
17460	.temp/spawn-runs/RUN-260805-b69ed9
17400	.temp/TASK-260720-8nxlgx/worktree
17344	.temp/BUG-260807-1it17m/venv
17340	.temp/logwork/TASK-260728-3kuxg7
17212	.temp/TASK-260720-2x6mjn/worktree
15280	.temp/TASK-260824-31y75t/negctl
15252	.temp/TASK-260824-31y75t/negctl2
11204	.temp/TASK-260720-3c0ss2/worktree
7828	.temp/swift_book/OEBPS
7472	.temp/TASK-260824-31y75t/review4
6912	.temp/TASK-260826-29y82b/review-spec
6480	.temp/spawn-runs/RUN-260818-f32f0c
6352	.temp/TASK-260824-31y75t/rev3-negctl
6260	.temp/logwork/TASK-260819-2j7v0x
6028	.temp/ratify-build-ssh/worktree
5788	.temp/TASK-260720-11yhth/baseline
4924	.temp/TASK-260720-poa3ze/origin-main-worktree
4888	.temp/BUG-260807-l2ymv3/spec
4756	.temp/TASK-260824-31y75t/candidate-rc9
4756	.temp/TASK-260824-2i5yqw/spec-rc9
4756	.temp/TASK-260824-2i5yqw/curator-spec-rc9
4120	.temp/TASK-260720-2x6mjn/review-baseline
3488	.temp/TASK-260824-2h0vjy/released-spec
3316	.temp/TASK-260824-2i5yqw/spec-e2e
3312	.temp/TASK-260824-31y75t/released-pin
3312	.temp/TASK-260824-2i5yqw/spec-released
3312	.temp/TASK-260824-2h0vjy/protocol-spec
3308	.temp/TASK-260824-2i5yqw/spec-pinned
3304	.temp/TASK-260819-2j7v0x/curator-rc6
3304	.temp/TASK-260720-12r55p/curator-spec-432eb2e
3300	.temp/TASK-260819-2j7v0x/curator-rc5
3300	.temp/BUG-260807-l2ymv3/protocol-spec
3208	.temp/curator-spec-verify/conformance
3200	.temp/curator-spec/conformance
3188	.temp/TASK-260827-d319oi/rc10
3184	.temp/TASK-260720-11yhth/curator-spec
2932	.temp/BUG-260731-1rldqv/logs
2736	.temp/BUG-260731-2rhy74/pin-old
2720	.temp/BUG-260807-1it17m/stage-macos5
2720	.temp/BUG-260807-1it17m/stage-macos4
2088	.temp/TASK-260819-1y7hh4/rr
2076	.temp/TASK-260827-d319oi/rc5
1900	.temp/curator-shell-neutral/curator
1692	.temp/resources/TASK-260803-1nj6ar
1632	.temp/TASK-260824-31y75t/rev2-artifacts
1328	.temp/csk-runtime-command-fix/skill-youtrack
1284	.temp/TASK-260803-21lw4t/review-RUN-260823-59a169-fresh
1264	.temp/TASK-260821-2c7ter/dist
1240	.temp/TASK-260819-2bow35/dist
1212	.temp/TASK-260819-1y7hh4/dist2
1212	.temp/TASK-260819-1y7hh4/dist
1180	.temp/TASK-260803-21lw4t/review-RUN-260823-59a169-evidence
1164	.temp/BUG-260807-26lmvj/sentry-cli
1152	.temp/TASK-260728-3jaa57/dist
1144	.temp/spec-rc6-pin-check/src
1144	.temp/TASK-260803-21lw4t/review-RUN-260823-59a169-ssh
852	.temp/TASK-260819-2j7v0x/curator-spec-cache
752	.temp/curator-spec/tools
752	.temp/curator-spec-verify/tools
684	.temp/PMA-24177/skill-sentry
672	.temp/PMA-24178/skill-grafana
640	.temp/curator-shell-neutral/curator-spec
548	.temp/spec-rc6-pin-check/tests
476	.temp/csk-runtime-command-fix/skill-gitlab
452	.temp/csk-runtime-command-fix/skill-sentry
448	.temp/csk-runtime-command-fix/skill-grafana
368	.temp/TASK-260720-2jfnz6/pytest-focused-final
368	.temp/BUG-260807-1it17m/stage-macos3
364	.temp/csk-runtime-command-fix/skill-bi
364	.temp/BUG-260807-1r5oz9-dist/cocoaskills-0.13.0rc5.dev8+g8c6c16327-py3-none-any.whl
348	.temp/resources/TASK-260803-2ol7ok
344	.temp/BUG-260807-1it17m/stage-macos2
344	.temp/BUG-260807-1it17m/stage-macos
328	.temp/cleanup-audit/storage-audit-01.log
328	.temp/TASK-260720-2jfnz6/pytest-focused
308	.temp/csk-runtime-command-fix/skill-band
304	.temp/TASK-260824-2i5yqw/spec
304	.temp/PMA-24176/worktree
288	.temp/upstream-patch-dist/cocoaskills-0.12.4.dev3+gba515444a.tar.gz
288	.temp/upstream-patch-dist/cocoaskills-0.12.4.dev2+g49fc1ad7c.d20260713.tar.gz
284	.temp/spec-rc6-pin-check/docs
280	.temp/BUG-260807-1r5oz9/repro-final-win-py314.log
276	.temp/csk-runtime-command-fix/skill-wiki
272	.temp/BUG-260807-1r5oz9/repro-win-py311.log
256	.temp/BUG-260807-1r5oz9/fix-win-py313.log
252	.temp/curator-spec/schemas
252	.temp/curator-spec-verify/schemas
240	.temp/TASK-260720-12r55p/full-suite-01.log
236	.temp/TASK-260824-2h0vjy/artifacts
236	.temp/TASK-260720-12r55p/full-suite-final.log
208	.temp/skill-youtrack-repo/scripts
196	.temp/spawn-runs/RUN-260805-efe3a6
176	.temp/csk-runtime-command-fix/agentic-infra-docs
160	.temp/ci-source-identity/windows-3.13.zip
156	.temp/skill-grafana/scripts
156	.temp/TASK-260824-31y75t/review4-evidence
148	.temp/TASK-260720-2jfnz6/uv.lock.tool-readiness
140	.temp/TASK-260824-31y75t/rev3-artifacts
140	.temp/TASK-260824-31y75t/rev2-merge
136	.temp/upstream-patch-dist/cocoaskills-0.12.4.dev3+gba515444a-py3-none-any.whl
136	.temp/upstream-patch-dist/cocoaskills-0.12.4.dev2+g49fc1ad7c.d20260713-py3-none-any.whl
132	.temp/curator-spec/protocol
132	.temp/curator-spec-verify/protocol
128	.temp/BUG-260807-26lmvj/skill-sentry-worktree
124	.temp/curator-spec/profiles
124	.temp/curator-spec-verify/profiles
124	.temp/TASK-260720-2x6mjn/review3
120	.temp/TASK-260720-8nxlgx/reviewer-af18fc
112	.temp/skill-bi-ref/scripts
112	.temp/research/contract-audit
112	.temp/TASK-260824-2h0vjy/logs
108	.temp/skill-sentry/scripts
108	.temp/TASK-260824-2i5yqw/core.md
108	.temp/TASK-260819-1y7hh4/LOGBOOK.md.bak
108	.temp/TASK-260720-2x6mjn/review4
104	.temp/TASK-260824-2h0vjy/macos-e2e-97428409507.log
96	.temp/skill-band/scripts
96	.temp/curator-spec/decisions
96	.temp/curator-spec-verify/decisions
88	.temp/skill-youtrack-repo/tests
88	.temp/skill-gitlab/scripts
84	.temp/TASK-260824-31y75t/evidence
80	.temp/skill-sentry/references
80	.temp/aid/docs
80	.temp/TASK-260720-2x6mjn/probe2
72	.temp/skill-bi/scripts
## cache dirs
.temp/BUG-260731-2rhy74/pin-old/.pytest_cache
.temp/BUG-260731-2rhy74/pin-old/.venv
.temp/BUG-260731-2rhy74/pin-old/src/csk/__pycache__
.temp/BUG-260731-2rhy74/pin-old/src/csk/audit/__pycache__
.temp/BUG-260731-2rhy74/pin-old/src/csk/audit/backends/__pycache__
.temp/BUG-260731-2rhy74/pin-old/tests/__pycache__
.temp/BUG-260805-cfdxsk/worktree/.mypy_cache
.temp/BUG-260805-cfdxsk/worktree/.pytest_cache
.temp/BUG-260805-cfdxsk/worktree/.temp/BUG-260805-cfdxsk/pytest-baseline/test_real_go_cache_hit_and_rel0/.cocoaskills/cache/go-e2e/5c4b2b7ca731c4f9a1821112628af49845eed685/snapshot/build
.temp/BUG-260805-cfdxsk/worktree/.temp/BUG-260805-cfdxsk/pytest-baseline/test_real_go_cache_hit_and_rel0/skills/go-e2e/build
.temp/BUG-260805-cfdxsk/worktree/.venv
.temp/BUG-260805-cfdxsk/worktree/build
.temp/BUG-260805-cfdxsk/worktree/src/csk/__pycache__
.temp/BUG-260805-cfdxsk/worktree/src/csk/audit/__pycache__
.temp/BUG-260805-cfdxsk/worktree/src/csk/audit/backends/__pycache__
.temp/BUG-260805-cfdxsk/worktree/src/csk/builds/__pycache__
.temp/BUG-260805-cfdxsk/worktree/tests/__pycache__
.temp/BUG-260805-cfdxsk/worktree/tests/fixtures/skill_go_e2e/build
.temp/BUG-260807-1it17m/venv
.temp/BUG-260807-l2ymv3/worktree/.github/scripts/__pycache__
.temp/BUG-260807-l2ymv3/worktree/.mypy_cache
.temp/BUG-260807-l2ymv3/worktree/.pytest_cache
.temp/BUG-260807-l2ymv3/worktree/.venv
.temp/BUG-260807-l2ymv3/worktree/.venv314/lib/python3.14/site-packages/__pycache__
.temp/BUG-260807-l2ymv3/worktree/.venv314/lib/python3.14/site-packages/_pytest/__pycache__
.temp/BUG-260807-l2ymv3/worktree/.venv314/lib/python3.14/site-packages/_pytest/_code/__pycache__
.temp/BUG-260807-l2ymv3/worktree/.venv314/lib/python3.14/site-packages/_pytest/_io/__pycache__
.temp/BUG-260807-l2ymv3/worktree/.venv314/lib/python3.14/site-packages/_pytest/_py/__pycache__
.temp/BUG-260807-l2ymv3/worktree/.venv314/lib/python3.14/site-packages/_pytest/assertion/__pycache__
.temp/BUG-260807-l2ymv3/worktree/.venv314/lib/python3.14/site-packages/_pytest/config/__pycache__
.temp/BUG-260807-l2ymv3/worktree/.venv314/lib/python3.14/site-packages/_pytest/mark/__pycache__
.temp/BUG-260807-l2ymv3/worktree/.venv314/lib/python3.14/site-packages/attr/__pycache__
.temp/BUG-260807-l2ymv3/worktree/.venv314/lib/python3.14/site-packages/attrs/__pycache__
.temp/BUG-260807-l2ymv3/worktree/.venv314/lib/python3.14/site-packages/build
.temp/BUG-260807-l2ymv3/worktree/.venv314/lib/python3.14/site-packages/cryptography/__pycache__
.temp/BUG-260807-l2ymv3/worktree/.venv314/lib/python3.14/site-packages/cryptography/hazmat/__pycache__
.temp/BUG-260807-l2ymv3/worktree/.venv314/lib/python3.14/site-packages/cryptography/hazmat/bindings/__pycache__
.temp/BUG-260807-l2ymv3/worktree/.venv314/lib/python3.14/site-packages/cryptography/hazmat/decrepit/__pycache__
.temp/BUG-260807-l2ymv3/worktree/.venv314/lib/python3.14/site-packages/cryptography/hazmat/decrepit/ciphers/__pycache__
.temp/BUG-260807-l2ymv3/worktree/.venv314/lib/python3.14/site-packages/cryptography/hazmat/primitives/__pycache__
.temp/BUG-260807-l2ymv3/worktree/.venv314/lib/python3.14/site-packages/cryptography/hazmat/primitives/asymmetric/__pycache__
.temp/BUG-260807-l2ymv3/worktree/.venv314/lib/python3.14/site-packages/cryptography/hazmat/primitives/ciphers/__pycache__
.temp/BUG-260807-l2ymv3/worktree/.venv314/lib/python3.14/site-packages/cryptography/hazmat/primitives/serialization/__pycache__
.temp/BUG-260807-l2ymv3/worktree/.venv314/lib/python3.14/site-packages/idna/__pycache__
.temp/BUG-260807-l2ymv3/worktree/.venv314/lib/python3.14/site-packages/iniconfig/__pycache__
.temp/BUG-260807-l2ymv3/worktree/.venv314/lib/python3.14/site-packages/jsonschema/__pycache__
.temp/BUG-260807-l2ymv3/worktree/.venv314/lib/python3.14/site-packages/jsonschema_specifications/__pycache__
.temp/BUG-260807-l2ymv3/worktree/.venv314/lib/python3.14/site-packages/mypy/__pycache__
.temp/BUG-260807-l2ymv3/worktree/.venv314/lib/python3.14/site-packages/mypy/plugins/__pycache__
.temp/BUG-260807-l2ymv3/worktree/.venv314/lib/python3.14/site-packages/mypy/server/__pycache__
.temp/BUG-260807-l2ymv3/worktree/.venv314/lib/python3.14/site-packages/mypy/typeshed/stdlib/venv
.temp/BUG-260807-l2ymv3/worktree/.venv314/lib/python3.14/site-packages/pathspec/__pycache__
.temp/BUG-260807-l2ymv3/worktree/.venv314/lib/python3.14/site-packages/pathspec/_backends/__pycache__
.temp/BUG-260807-l2ymv3/worktree/.venv314/lib/python3.14/site-packages/pathspec/_backends/hyperscan/__pycache__
.temp/BUG-260807-l2ymv3/worktree/.venv314/lib/python3.14/site-packages/pathspec/_backends/re2/__pycache__
.temp/BUG-260807-l2ymv3/worktree/.venv314/lib/python3.14/site-packages/pathspec/_backends/simple/__pycache__
.temp/BUG-260807-l2ymv3/worktree/.venv314/lib/python3.14/site-packages/pathspec/patterns/__pycache__
.temp/BUG-260807-l2ymv3/worktree/.venv314/lib/python3.14/site-packages/pathspec/patterns/gitignore/__pycache__
.temp/BUG-260807-l2ymv3/worktree/.venv314/lib/python3.14/site-packages/pluggy/__pycache__
.temp/BUG-260807-l2ymv3/worktree/.venv314/lib/python3.14/site-packages/pygments/__pycache__
.temp/BUG-260807-l2ymv3/worktree/.venv314/lib/python3.14/site-packages/pygments/filters/__pycache__
.temp/BUG-260807-l2ymv3/worktree/.venv314/lib/python3.14/site-packages/pygments/formatters/__pycache__
.temp/BUG-260807-l2ymv3/worktree/.venv314/lib/python3.14/site-packages/pygments/lexers/__pycache__
.temp/BUG-260807-l2ymv3/worktree/.venv314/lib/python3.14/site-packages/pygments/styles/__pycache__
.temp/BUG-260807-l2ymv3/worktree/.venv314/lib/python3.14/site-packages/pytest/__pycache__
.temp/BUG-260807-l2ymv3/worktree/.venv314/lib/python3.14/site-packages/referencing/__pycache__
.temp/BUG-260807-l2ymv3/worktree/.venv314/lib/python3.14/site-packages/rpds/__pycache__
.temp/BUG-260807-l2ymv3/worktree/build
.temp/BUG-260807-l2ymv3/worktree/src/csk/__pycache__
.temp/BUG-260807-l2ymv3/worktree/src/csk/audit/__pycache__
.temp/BUG-260807-l2ymv3/worktree/src/csk/audit/backends/__pycache__
.temp/BUG-260807-l2ymv3/worktree/src/csk/builds/__pycache__
.temp/BUG-260807-l2ymv3/worktree/tests/__pycache__
.temp/BUG-260807-l2ymv3/worktree/tests/fixtures/skill_go_e2e/build
.temp/PMA-24176/worktree/scripts/__pycache__
.temp/PMA-24176/worktree/tests/__pycache__
.temp/TASK-260720-11yhth/baseline/.pytest_cache
.temp/TASK-260720-11yhth/baseline/.ruff_cache
.temp/TASK-260720-11yhth/baseline/src/csk/__pycache__
.temp/TASK-260720-11yhth/baseline/src/csk/audit/__pycache__
.temp/TASK-260720-11yhth/baseline/src/csk/audit/backends/__pycache__
.temp/TASK-260720-11yhth/baseline/src/csk/builds/__pycache__
.temp/TASK-260720-11yhth/baseline/tests/__pycache__
.temp/TASK-260720-11yhth/worktree/.mypy_cache
.temp/TASK-260720-11yhth/worktree/.pytest_cache
.temp/TASK-260720-11yhth/worktree/.ruff_cache
.temp/TASK-260720-11yhth/worktree/.temp/evidence/dist
.temp/TASK-260720-11yhth/worktree/.venv
.temp/TASK-260720-11yhth/worktree/dist
.temp/TASK-260720-11yhth/worktree/src/csk/__pycache__
.temp/TASK-260720-11yhth/worktree/src/csk/audit/__pycache__
.temp/TASK-260720-11yhth/worktree/src/csk/audit/backends/__pycache__
.temp/TASK-260720-11yhth/worktree/src/csk/builds/__pycache__
.temp/TASK-260720-11yhth/worktree/tests/__pycache__
.temp/TASK-260720-12r55p/venv
.temp/TASK-260720-12r55p/worktree/.mypy_cache
.temp/TASK-260720-12r55p/worktree/.pytest_cache
.temp/TASK-260720-12r55p/worktree/.venv
.temp/TASK-260720-12r55p/worktree/dist
.temp/TASK-260720-12r55p/worktree/src/csk/__pycache__
.temp/TASK-260720-12r55p/worktree/src/csk/audit/__pycache__
.temp/TASK-260720-12r55p/worktree/src/csk/audit/backends/__pycache__
.temp/TASK-260720-12r55p/worktree/src/csk/builds/__pycache__
.temp/TASK-260720-12r55p/worktree/tests/__pycache__
.temp/TASK-260720-2g21eg/worktree/.mypy_cache
.temp/TASK-260720-2g21eg/worktree/.pytest_cache
.temp/TASK-260720-2g21eg/worktree/.temp/TASK-260720-2g21eg/cycle3/dist
.temp/TASK-260720-2g21eg/worktree/.temp/TASK-260720-2g21eg/cycle3/venv
.temp/TASK-260720-2g21eg/worktree/.temp/TASK-260720-2g21eg/cycle4-final/dist
.temp/TASK-260720-2g21eg/worktree/.temp/TASK-260720-2g21eg/cycle4-final/venv
.temp/TASK-260720-2g21eg/worktree/.temp/TASK-260720-2g21eg/cycle4-venv/lib/python3.14/site-packages/csk/__pycache__
.temp/TASK-260720-2g21eg/worktree/.temp/TASK-260720-2g21eg/cycle4-venv/lib/python3.14/site-packages/csk/audit/__pycache__
.temp/TASK-260720-2g21eg/worktree/.temp/TASK-260720-2g21eg/cycle4-venv/lib/python3.14/site-packages/csk/audit/backends/__pycache__
.temp/TASK-260720-2g21eg/worktree/.temp/TASK-260720-2g21eg/cycle4-venv/lib/python3.14/site-packages/csk/builds/__pycache__
.temp/TASK-260720-2g21eg/worktree/.temp/TASK-260720-2g21eg/cycle4-venv/lib/python3.14/site-packages/pip/__pycache__
.temp/TASK-260720-2g21eg/worktree/.temp/TASK-260720-2g21eg/cycle4-venv/lib/python3.14/site-packages/pip/_internal/__pycache__
.temp/TASK-260720-2g21eg/worktree/.temp/TASK-260720-2g21eg/cycle4-venv/lib/python3.14/site-packages/pip/_internal/cli/__pycache__
.temp/TASK-260720-2g21eg/worktree/.temp/TASK-260720-2g21eg/cycle4-venv/lib/python3.14/site-packages/pip/_internal/commands/__pycache__
.temp/TASK-260720-2g21eg/worktree/.temp/TASK-260720-2g21eg/cycle4-venv/lib/python3.14/site-packages/pip/_internal/distributions/__pycache__
.temp/TASK-260720-2g21eg/worktree/.temp/TASK-260720-2g21eg/cycle4-venv/lib/python3.14/site-packages/pip/_internal/index/__pycache__
.temp/TASK-260720-2g21eg/worktree/.temp/TASK-260720-2g21eg/cycle4-venv/lib/python3.14/site-packages/pip/_internal/locations/__pycache__
.temp/TASK-260720-2g21eg/worktree/.temp/TASK-260720-2g21eg/cycle4-venv/lib/python3.14/site-packages/pip/_internal/metadata/__pycache__
.temp/TASK-260720-2g21eg/worktree/.temp/TASK-260720-2g21eg/cycle4-venv/lib/python3.14/site-packages/pip/_internal/metadata/importlib/__pycache__
.temp/TASK-260720-2g21eg/worktree/.temp/TASK-260720-2g21eg/cycle4-venv/lib/python3.14/site-packages/pip/_internal/models/__pycache__
.temp/TASK-260720-2g21eg/worktree/.temp/TASK-260720-2g21eg/cycle4-venv/lib/python3.14/site-packages/pip/_internal/network/__pycache__
.temp/TASK-260720-2g21eg/worktree/.temp/TASK-260720-2g21eg/cycle4-venv/lib/python3.14/site-packages/pip/_internal/operations/__pycache__
.temp/TASK-260720-2g21eg/worktree/.temp/TASK-260720-2g21eg/cycle4-venv/lib/python3.14/site-packages/pip/_internal/operations/build
.temp/TASK-260720-2g21eg/worktree/.temp/TASK-260720-2g21eg/cycle4-venv/lib/python3.14/site-packages/pip/_internal/operations/install/__pycache__
.temp/TASK-260720-2g21eg/worktree/.temp/TASK-260720-2g21eg/cycle4-venv/lib/python3.14/site-packages/pip/_internal/req/__pycache__
.temp/TASK-260720-2g21eg/worktree/.temp/TASK-260720-2g21eg/cycle4-venv/lib/python3.14/site-packages/pip/_internal/resolution/__pycache__
.temp/TASK-260720-2g21eg/worktree/.temp/TASK-260720-2g21eg/cycle4-venv/lib/python3.14/site-packages/pip/_internal/resolution/legacy/__pycache__
.temp/TASK-260720-2g21eg/worktree/.temp/TASK-260720-2g21eg/cycle4-venv/lib/python3.14/site-packages/pip/_internal/resolution/resolvelib/__pycache__
.temp/TASK-260720-2g21eg/worktree/.temp/TASK-260720-2g21eg/cycle4-venv/lib/python3.14/site-packages/pip/_internal/utils/__pycache__
.temp/TASK-260720-2g21eg/worktree/.temp/TASK-260720-2g21eg/cycle4-venv/lib/python3.14/site-packages/pip/_internal/vcs/__pycache__
.temp/TASK-260720-2g21eg/worktree/.temp/TASK-260720-2g21eg/cycle4-venv/lib/python3.14/site-packages/pip/_vendor/__pycache__
.temp/TASK-260720-2g21eg/worktree/.temp/TASK-260720-2g21eg/cycle4-venv/lib/python3.14/site-packages/pip/_vendor/cachecontrol/__pycache__
.temp/TASK-260720-2g21eg/worktree/.temp/TASK-260720-2g21eg/cycle4-venv/lib/python3.14/site-packages/pip/_vendor/cachecontrol/caches/__pycache__
.temp/TASK-260720-2g21eg/worktree/.temp/TASK-260720-2g21eg/cycle4-venv/lib/python3.14/site-packages/pip/_vendor/certifi/__pycache__
.temp/TASK-260720-2g21eg/worktree/.temp/TASK-260720-2g21eg/cycle4-venv/lib/python3.14/site-packages/pip/_vendor/distlib/__pycache__
.temp/TASK-260720-2g21eg/worktree/.temp/TASK-260720-2g21eg/cycle4-venv/lib/python3.14/site-packages/pip/_vendor/distro/__pycache__
.temp/TASK-260720-2g21eg/worktree/.temp/TASK-260720-2g21eg/cycle4-venv/lib/python3.14/site-packages/pip/_vendor/idna/__pycache__
.temp/TASK-260720-2g21eg/worktree/.temp/TASK-260720-2g21eg/cycle4-venv/lib/python3.14/site-packages/pip/_vendor/msgpack/__pycache__
.temp/TASK-260720-2g21eg/worktree/.temp/TASK-260720-2g21eg/cycle4-venv/lib/python3.14/site-packages/pip/_vendor/packaging/__pycache__
.temp/TASK-260720-2g21eg/worktree/.temp/TASK-260720-2g21eg/cycle4-venv/lib/python3.14/site-packages/pip/_vendor/packaging/licenses/__pycache__
.temp/TASK-260720-2g21eg/worktree/.temp/TASK-260720-2g21eg/cycle4-venv/lib/python3.14/site-packages/pip/_vendor/pkg_resources/__pycache__
.temp/TASK-260720-2g21eg/worktree/.temp/TASK-260720-2g21eg/cycle4-venv/lib/python3.14/site-packages/pip/_vendor/platformdirs/__pycache__
.temp/TASK-260720-2g21eg/worktree/.temp/TASK-260720-2g21eg/cycle4-venv/lib/python3.14/site-packages/pip/_vendor/pygments/__pycache__
.temp/TASK-260720-2g21eg/worktree/.temp/TASK-260720-2g21eg/cycle4-venv/lib/python3.14/site-packages/pip/_vendor/pygments/filters/__pycache__
.temp/TASK-260720-2g21eg/worktree/.temp/TASK-260720-2g21eg/cycle4-venv/lib/python3.14/site-packages/pip/_vendor/pygments/formatters/__pycache__
.temp/TASK-260720-2g21eg/worktree/.temp/TASK-260720-2g21eg/cycle4-venv/lib/python3.14/site-packages/pip/_vendor/pygments/lexers/__pycache__
.temp/TASK-260720-2g21eg/worktree/.temp/TASK-260720-2g21eg/cycle4-venv/lib/python3.14/site-packages/pip/_vendor/pygments/styles/__pycache__
.temp/TASK-260720-2g21eg/worktree/.temp/TASK-260720-2g21eg/cycle4-venv/lib/python3.14/site-packages/pip/_vendor/pyproject_hooks/__pycache__
.temp/TASK-260720-2g21eg/worktree/.temp/TASK-260720-2g21eg/cycle4-venv/lib/python3.14/site-packages/pip/_vendor/pyproject_hooks/_in_process/__pycache__
.temp/TASK-260720-2g21eg/worktree/.temp/TASK-260720-2g21eg/cycle4-venv/lib/python3.14/site-packages/pip/_vendor/requests/__pycache__
.temp/TASK-260720-2g21eg/worktree/.temp/TASK-260720-2g21eg/cycle4-venv/lib/python3.14/site-packages/pip/_vendor/resolvelib/__pycache__
.temp/TASK-260720-2g21eg/worktree/.temp/TASK-260720-2g21eg/cycle4-venv/lib/python3.14/site-packages/pip/_vendor/resolvelib/resolvers/__pycache__
.temp/TASK-260720-2g21eg/worktree/.temp/TASK-260720-2g21eg/cycle4-venv/lib/python3.14/site-packages/pip/_vendor/rich/__pycache__
.temp/TASK-260720-2g21eg/worktree/.temp/TASK-260720-2g21eg/cycle4-venv/lib/python3.14/site-packages/pip/_vendor/tomli/__pycache__
.temp/TASK-260720-2g21eg/worktree/.temp/TASK-260720-2g21eg/cycle4-venv/lib/python3.14/site-packages/pip/_vendor/tomli_w/__pycache__
.temp/TASK-260720-2g21eg/worktree/.temp/TASK-260720-2g21eg/cycle4-venv/lib/python3.14/site-packages/pip/_vendor/truststore/__pycache__
.temp/TASK-260720-2g21eg/worktree/.temp/TASK-260720-2g21eg/cycle4-venv/lib/python3.14/site-packages/pip/_vendor/urllib3/__pycache__
.temp/TASK-260720-2g21eg/worktree/.temp/TASK-260720-2g21eg/cycle4-venv/lib/python3.14/site-packages/pip/_vendor/urllib3/contrib/__pycache__
.temp/TASK-260720-2g21eg/worktree/.temp/TASK-260720-2g21eg/cycle4-venv/lib/python3.14/site-packages/pip/_vendor/urllib3/contrib/emscripten/__pycache__
.temp/TASK-260720-2g21eg/worktree/.temp/TASK-260720-2g21eg/cycle4-venv/lib/python3.14/site-packages/pip/_vendor/urllib3/http2/__pycache__
.temp/TASK-260720-2g21eg/worktree/.temp/TASK-260720-2g21eg/cycle4-venv/lib/python3.14/site-packages/pip/_vendor/urllib3/util/__pycache__
.temp/TASK-260720-2g21eg/worktree/.temp/TASK-260720-2g21eg/cycle5-dev1-venv/lib/python3.14/site-packages/csk/__pycache__
.temp/TASK-260720-2g21eg/worktree/.temp/TASK-260720-2g21eg/cycle5-dev1-venv/lib/python3.14/site-packages/csk/audit/__pycache__
.temp/TASK-260720-2g21eg/worktree/.temp/TASK-260720-2g21eg/cycle5-dev1-venv/lib/python3.14/site-packages/csk/audit/backends/__pycache__
.temp/TASK-260720-2g21eg/worktree/.temp/TASK-260720-2g21eg/cycle5-dev1-venv/lib/python3.14/site-packages/csk/builds/__pycache__
.temp/TASK-260720-2g21eg/worktree/.temp/TASK-260720-2g21eg/cycle5-dev1-venv/lib/python3.14/site-packages/pip/__pycache__
.temp/TASK-260720-2g21eg/worktree/.temp/TASK-260720-2g21eg/cycle5-dev1-venv/lib/python3.14/site-packages/pip/_internal/__pycache__
.temp/TASK-260720-2g21eg/worktree/.temp/TASK-260720-2g21eg/cycle5-dev1-venv/lib/python3.14/site-packages/pip/_internal/cli/__pycache__
.temp/TASK-260720-2g21eg/worktree/.temp/TASK-260720-2g21eg/cycle5-dev1-venv/lib/python3.14/site-packages/pip/_internal/commands/__pycache__
.temp/TASK-260720-2g21eg/worktree/.temp/TASK-260720-2g21eg/cycle5-dev1-venv/lib/python3.14/site-packages/pip/_internal/distributions/__pycache__
.temp/TASK-260720-2g21eg/worktree/.temp/TASK-260720-2g21eg/cycle5-dev1-venv/lib/python3.14/site-packages/pip/_internal/index/__pycache__
.temp/TASK-260720-2g21eg/worktree/.temp/TASK-260720-2g21eg/cycle5-dev1-venv/lib/python3.14/site-packages/pip/_internal/locations/__pycache__
.temp/TASK-260720-2g21eg/worktree/.temp/TASK-260720-2g21eg/cycle5-dev1-venv/lib/python3.14/site-packages/pip/_internal/metadata/__pycache__
.temp/TASK-260720-2g21eg/worktree/.temp/TASK-260720-2g21eg/cycle5-dev1-venv/lib/python3.14/site-packages/pip/_internal/metadata/importlib/__pycache__
.temp/TASK-260720-2g21eg/worktree/.temp/TASK-260720-2g21eg/cycle5-dev1-venv/lib/python3.14/site-packages/pip/_internal/models/__pycache__
.temp/TASK-260720-2g21eg/worktree/.temp/TASK-260720-2g21eg/cycle5-dev1-venv/lib/python3.14/site-packages/pip/_internal/network/__pycache__
.temp/TASK-260720-2g21eg/worktree/.temp/TASK-260720-2g21eg/cycle5-dev1-venv/lib/python3.14/site-packages/pip/_internal/operations/__pycache__
.temp/TASK-260720-2g21eg/worktree/.temp/TASK-260720-2g21eg/cycle5-dev1-venv/lib/python3.14/site-packages/pip/_internal/operations/build
.temp/TASK-260720-2g21eg/worktree/.temp/TASK-260720-2g21eg/cycle5-dev1-venv/lib/python3.14/site-packages/pip/_internal/operations/install/__pycache__
.temp/TASK-260720-2g21eg/worktree/.temp/TASK-260720-2g21eg/cycle5-dev1-venv/lib/python3.14/site-packages/pip/_internal/req/__pycache__
.temp/TASK-260720-2g21eg/worktree/.temp/TASK-260720-2g21eg/cycle5-dev1-venv/lib/python3.14/site-packages/pip/_internal/resolution/__pycache__
.temp/TASK-260720-2g21eg/worktree/.temp/TASK-260720-2g21eg/cycle5-dev1-venv/lib/python3.14/site-packages/pip/_internal/resolution/legacy/__pycache__
.temp/TASK-260720-2g21eg/worktree/.temp/TASK-260720-2g21eg/cycle5-dev1-venv/lib/python3.14/site-packages/pip/_internal/resolution/resolvelib/__pycache__
.temp/TASK-260720-2g21eg/worktree/.temp/TASK-260720-2g21eg/cycle5-dev1-venv/lib/python3.14/site-packages/pip/_internal/utils/__pycache__
.temp/TASK-260720-2g21eg/worktree/.temp/TASK-260720-2g21eg/cycle5-dev1-venv/lib/python3.14/site-packages/pip/_internal/vcs/__pycache__
.temp/TASK-260720-2g21eg/worktree/.temp/TASK-260720-2g21eg/cycle5-dev1-venv/lib/python3.14/site-packages/pip/_vendor/__pycache__
.temp/TASK-260720-2g21eg/worktree/.temp/TASK-260720-2g21eg/cycle5-dev1-venv/lib/python3.14/site-packages/pip/_vendor/cachecontrol/__pycache__
.temp/TASK-260720-2g21eg/worktree/.temp/TASK-260720-2g21eg/cycle5-dev1-venv/lib/python3.14/site-packages/pip/_vendor/cachecontrol/caches/__pycache__
.temp/TASK-260720-2g21eg/worktree/.temp/TASK-260720-2g21eg/cycle5-dev1-venv/lib/python3.14/site-packages/pip/_vendor/certifi/__pycache__
.temp/TASK-260720-2g21eg/worktree/.temp/TASK-260720-2g21eg/cycle5-dev1-venv/lib/python3.14/site-packages/pip/_vendor/distlib/__pycache__
.temp/TASK-260720-2g21eg/worktree/.temp/TASK-260720-2g21eg/cycle5-dev1-venv/lib/python3.14/site-packages/pip/_vendor/distro/__pycache__
.temp/TASK-260720-2g21eg/worktree/.temp/TASK-260720-2g21eg/cycle5-dev1-venv/lib/python3.14/site-packages/pip/_vendor/idna/__pycache__
.temp/TASK-260720-2g21eg/worktree/.temp/TASK-260720-2g21eg/cycle5-dev1-venv/lib/python3.14/site-packages/pip/_vendor/msgpack/__pycache__
.temp/TASK-260720-2g21eg/worktree/.temp/TASK-260720-2g21eg/cycle5-dev1-venv/lib/python3.14/site-packages/pip/_vendor/packaging/__pycache__
.temp/TASK-260720-2g21eg/worktree/.temp/TASK-260720-2g21eg/cycle5-dev1-venv/lib/python3.14/site-packages/pip/_vendor/packaging/licenses/__pycache__
.temp/TASK-260720-2g21eg/worktree/.temp/TASK-260720-2g21eg/cycle5-dev1-venv/lib/python3.14/site-packages/pip/_vendor/pkg_resources/__pycache__
.temp/TASK-260720-2g21eg/worktree/.temp/TASK-260720-2g21eg/cycle5-dev1-venv/lib/python3.14/site-packages/pip/_vendor/platformdirs/__pycache__
.temp/TASK-260720-2g21eg/worktree/.temp/TASK-260720-2g21eg/cycle5-dev1-venv/lib/python3.14/site-packages/pip/_vendor/pygments/__pycache__
.temp/TASK-260720-2g21eg/worktree/.temp/TASK-260720-2g21eg/cycle5-dev1-venv/lib/python3.14/site-packages/pip/_vendor/pygments/filters/__pycache__
.temp/TASK-260720-2g21eg/worktree/.temp/TASK-260720-2g21eg/cycle5-dev1-venv/lib/python3.14/site-packages/pip/_vendor/pygments/formatters/__pycache__
.temp/TASK-260720-2g21eg/worktree/.temp/TASK-260720-2g21eg/cycle5-dev1-venv/lib/python3.14/site-packages/pip/_vendor/pygments/lexers/__pycache__
.temp/TASK-260720-2g21eg/worktree/.temp/TASK-260720-2g21eg/cycle5-dev1-venv/lib/python3.14/site-packages/pip/_vendor/pygments/styles/__pycache__
.temp/TASK-260720-2g21eg/worktree/.temp/TASK-260720-2g21eg/cycle5-dev1-venv/lib/python3.14/site-packages/pip/_vendor/pyproject_hooks/__pycache__
.temp/TASK-260720-2g21eg/worktree/.temp/TASK-260720-2g21eg/cycle5-dev1-venv/lib/python3.14/site-packages/pip/_vendor/pyproject_hooks/_in_process/__pycache__
.temp/TASK-260720-2g21eg/worktree/.temp/TASK-260720-2g21eg/cycle5-dev1-venv/lib/python3.14/site-packages/pip/_vendor/requests/__pycache__
.temp/TASK-260720-2g21eg/worktree/.temp/TASK-260720-2g21eg/cycle5-dev1-venv/lib/python3.14/site-packages/pip/_vendor/resolvelib/__pycache__
.temp/TASK-260720-2g21eg/worktree/.temp/TASK-260720-2g21eg/cycle5-dev1-venv/lib/python3.14/site-packages/pip/_vendor/resolvelib/resolvers/__pycache__
.temp/TASK-260720-2g21eg/worktree/.temp/TASK-260720-2g21eg/cycle5-dev1-venv/lib/python3.14/site-packages/pip/_vendor/rich/__pycache__
.temp/TASK-260720-2g21eg/worktree/.temp/TASK-260720-2g21eg/cycle5-dev1-venv/lib/python3.14/site-packages/pip/_vendor/tomli/__pycache__
.temp/TASK-260720-2g21eg/worktree/.temp/TASK-260720-2g21eg/cycle5-dev1-venv/lib/python3.14/site-packages/pip/_vendor/tomli_w/__pycache__
.temp/TASK-260720-2g21eg/worktree/.temp/TASK-260720-2g21eg/cycle5-dev1-venv/lib/python3.14/site-packages/pip/_vendor/truststore/__pycache__
.temp/TASK-260720-2g21eg/worktree/.temp/TASK-260720-2g21eg/cycle5-dev1-venv/lib/python3.14/site-packages/pip/_vendor/urllib3/__pycache__
.temp/TASK-260720-2g21eg/worktree/.temp/TASK-260720-2g21eg/cycle5-dev1-venv/lib/python3.14/site-packages/pip/_vendor/urllib3/contrib/__pycache__
.temp/TASK-260720-2g21eg/worktree/.temp/TASK-260720-2g21eg/cycle5-dev1-venv/lib/python3.14/site-packages/pip/_vendor/urllib3/contrib/emscripten/__pycache__
.temp/TASK-260720-2g21eg/worktree/.temp/TASK-260720-2g21eg/cycle5-dev1-venv/lib/python3.14/site-packages/pip/_vendor/urllib3/http2/__pycache__
.temp/TASK-260720-2g21eg/worktree/.temp/TASK-260720-2g21eg/cycle5-dev1-venv/lib/python3.14/site-packages/pip/_vendor/urllib3/util/__pycache__
.temp/TASK-260720-2g21eg/worktree/.temp/TASK-260720-2g21eg/cycle5-final-venv/lib/python3.14/site-packages/csk/__pycache__
.temp/TASK-260720-2g21eg/worktree/.temp/TASK-260720-2g21eg/cycle5-final-venv/lib/python3.14/site-packages/csk/audit/__pycache__
.temp/TASK-260720-2g21eg/worktree/.temp/TASK-260720-2g21eg/cycle5-final-venv/lib/python3.14/site-packages/csk/audit/backends/__pycache__
.temp/TASK-260720-2g21eg/worktree/.temp/TASK-260720-2g21eg/cycle5-final-venv/lib/python3.14/site-packages/csk/builds/__pycache__
.temp/TASK-260720-2g21eg/worktree/.temp/TASK-260720-2g21eg/cycle5-final-venv/lib/python3.14/site-packages/pip/__pycache__
.temp/TASK-260720-2g21eg/worktree/.temp/TASK-260720-2g21eg/cycle5-final-venv/lib/python3.14/site-packages/pip/_internal/__pycache__
.temp/TASK-260720-2g21eg/worktree/.temp/TASK-260720-2g21eg/cycle5-final-venv/lib/python3.14/site-packages/pip/_internal/cli/__pycache__
.temp/TASK-260720-2g21eg/worktree/.temp/TASK-260720-2g21eg/cycle5-final-venv/lib/python3.14/site-packages/pip/_internal/commands/__pycache__
.temp/TASK-260720-2g21eg/worktree/.temp/TASK-260720-2g21eg/cycle5-final-venv/lib/python3.14/site-packages/pip/_internal/distributions/__pycache__
.temp/TASK-260720-2g21eg/worktree/.temp/TASK-260720-2g21eg/cycle5-final-venv/lib/python3.14/site-packages/pip/_internal/index/__pycache__
.temp/TASK-260720-2g21eg/worktree/.temp/TASK-260720-2g21eg/cycle5-final-venv/lib/python3.14/site-packages/pip/_internal/locations/__pycache__
.temp/TASK-260720-2g21eg/worktree/.temp/TASK-260720-2g21eg/cycle5-final-venv/lib/python3.14/site-packages/pip/_internal/metadata/__pycache__
.temp/TASK-260720-2g21eg/worktree/.temp/TASK-260720-2g21eg/cycle5-final-venv/lib/python3.14/site-packages/pip/_internal/metadata/importlib/__pycache__
.temp/TASK-260720-2g21eg/worktree/.temp/TASK-260720-2g21eg/cycle5-final-venv/lib/python3.14/site-packages/pip/_internal/models/__pycache__
.temp/TASK-260720-2g21eg/worktree/.temp/TASK-260720-2g21eg/cycle5-final-venv/lib/python3.14/site-packages/pip/_internal/network/__pycache__
.temp/TASK-260720-2g21eg/worktree/.temp/TASK-260720-2g21eg/cycle5-final-venv/lib/python3.14/site-packages/pip/_internal/operations/__pycache__
.temp/TASK-260720-2g21eg/worktree/.temp/TASK-260720-2g21eg/cycle5-final-venv/lib/python3.14/site-packages/pip/_internal/operations/build
.temp/TASK-260720-2g21eg/worktree/.temp/TASK-260720-2g21eg/cycle5-final-venv/lib/python3.14/site-packages/pip/_internal/operations/install/__pycache__
.temp/TASK-260720-2g21eg/worktree/.temp/TASK-260720-2g21eg/cycle5-final-venv/lib/python3.14/site-packages/pip/_internal/req/__pycache__
.temp/TASK-260720-2g21eg/worktree/.temp/TASK-260720-2g21eg/cycle5-final-venv/lib/python3.14/site-packages/pip/_internal/resolution/__pycache__
.temp/TASK-260720-2g21eg/worktree/.temp/TASK-260720-2g21eg/cycle5-final-venv/lib/python3.14/site-packages/pip/_internal/resolution/legacy/__pycache__
.temp/TASK-260720-2g21eg/worktree/.temp/TASK-260720-2g21eg/cycle5-final-venv/lib/python3.14/site-packages/pip/_internal/resolution/resolvelib/__pycache__
.temp/TASK-260720-2g21eg/worktree/.temp/TASK-260720-2g21eg/cycle5-final-venv/lib/python3.14/site-packages/pip/_internal/utils/__pycache__
.temp/TASK-260720-2g21eg/worktree/.temp/TASK-260720-2g21eg/cycle5-final-venv/lib/python3.14/site-packages/pip/_internal/vcs/__pycache__
.temp/TASK-260720-2g21eg/worktree/.temp/TASK-260720-2g21eg/cycle5-final-venv/lib/python3.14/site-packages/pip/_vendor/__pycache__
.temp/TASK-260720-2g21eg/worktree/.temp/TASK-260720-2g21eg/cycle5-final-venv/lib/python3.14/site-packages/pip/_vendor/cachecontrol/__pycache__
.temp/TASK-260720-2g21eg/worktree/.temp/TASK-260720-2g21eg/cycle5-final-venv/lib/python3.14/site-packages/pip/_vendor/cachecontrol/caches/__pycache__
.temp/TASK-260720-2g21eg/worktree/.temp/TASK-260720-2g21eg/cycle5-final-venv/lib/python3.14/site-packages/pip/_vendor/certifi/__pycache__
.temp/TASK-260720-2g21eg/worktree/.temp/TASK-260720-2g21eg/cycle5-final-venv/lib/python3.14/site-packages/pip/_vendor/distlib/__pycache__
.temp/TASK-260720-2g21eg/worktree/.temp/TASK-260720-2g21eg/cycle5-final-venv/lib/python3.14/site-packages/pip/_vendor/distro/__pycache__
.temp/TASK-260720-2g21eg/worktree/.temp/TASK-260720-2g21eg/cycle5-final-venv/lib/python3.14/site-packages/pip/_vendor/idna/__pycache__
.temp/TASK-260720-2g21eg/worktree/.temp/TASK-260720-2g21eg/cycle5-final-venv/lib/python3.14/site-packages/pip/_vendor/msgpack/__pycache__
.temp/TASK-260720-2g21eg/worktree/.temp/TASK-260720-2g21eg/cycle5-final-venv/lib/python3.14/site-packages/pip/_vendor/packaging/__pycache__
.temp/TASK-260720-2g21eg/worktree/.temp/TASK-260720-2g21eg/cycle5-final-venv/lib/python3.14/site-packages/pip/_vendor/packaging/licenses/__pycache__
.temp/TASK-260720-2g21eg/worktree/.temp/TASK-260720-2g21eg/cycle5-final-venv/lib/python3.14/site-packages/pip/_vendor/pkg_resources/__pycache__
.temp/TASK-260720-2g21eg/worktree/.temp/TASK-260720-2g21eg/cycle5-final-venv/lib/python3.14/site-packages/pip/_vendor/platformdirs/__pycache__
.temp/TASK-260720-2g21eg/worktree/.temp/TASK-260720-2g21eg/cycle5-final-venv/lib/python3.14/site-packages/pip/_vendor/pygments/__pycache__
.temp/TASK-260720-2g21eg/worktree/.temp/TASK-260720-2g21eg/cycle5-final-venv/lib/python3.14/site-packages/pip/_vendor/pygments/filters/__pycache__
.temp/TASK-260720-2g21eg/worktree/.temp/TASK-260720-2g21eg/cycle5-final-venv/lib/python3.14/site-packages/pip/_vendor/pygments/formatters/__pycache__
.temp/TASK-260720-2g21eg/worktree/.temp/TASK-260720-2g21eg/cycle5-final-venv/lib/python3.14/site-packages/pip/_vendor/pygments/lexers/__pycache__
.temp/TASK-260720-2g21eg/worktree/.temp/TASK-260720-2g21eg/cycle5-final-venv/lib/python3.14/site-packages/pip/_vendor/pygments/styles/__pycache__
.temp/TASK-260720-2g21eg/worktree/.temp/TASK-260720-2g21eg/cycle5-final-venv/lib/python3.14/site-packages/pip/_vendor/pyproject_hooks/__pycache__
.temp/TASK-260720-2g21eg/worktree/.temp/TASK-260720-2g21eg/cycle5-final-venv/lib/python3.14/site-packages/pip/_vendor/pyproject_hooks/_in_process/__pycache__
.temp/TASK-260720-2g21eg/worktree/.temp/TASK-260720-2g21eg/cycle5-final-venv/lib/python3.14/site-packages/pip/_vendor/requests/__pycache__
.temp/TASK-260720-2g21eg/worktree/.temp/TASK-260720-2g21eg/cycle5-final-venv/lib/python3.14/site-packages/pip/_vendor/resolvelib/__pycache__
.temp/TASK-260720-2g21eg/worktree/.temp/TASK-260720-2g21eg/cycle5-final-venv/lib/python3.14/site-packages/pip/_vendor/resolvelib/resolvers/__pycache__
.temp/TASK-260720-2g21eg/worktree/.temp/TASK-260720-2g21eg/cycle5-final-venv/lib/python3.14/site-packages/pip/_vendor/rich/__pycache__
.temp/TASK-260720-2g21eg/worktree/.temp/TASK-260720-2g21eg/cycle5-final-venv/lib/python3.14/site-packages/pip/_vendor/tomli/__pycache__
.temp/TASK-260720-2g21eg/worktree/.temp/TASK-260720-2g21eg/cycle5-final-venv/lib/python3.14/site-packages/pip/_vendor/tomli_w/__pycache__
.temp/TASK-260720-2g21eg/worktree/.temp/TASK-260720-2g21eg/cycle5-final-venv/lib/python3.14/site-packages/pip/_vendor/truststore/__pycache__
.temp/TASK-260720-2g21eg/worktree/.temp/TASK-260720-2g21eg/cycle5-final-venv/lib/python3.14/site-packages/pip/_vendor/urllib3/__pycache__
.temp/TASK-260720-2g21eg/worktree/.temp/TASK-260720-2g21eg/cycle5-final-venv/lib/python3.14/site-packages/pip/_vendor/urllib3/contrib/__pycache__
.temp/TASK-260720-2g21eg/worktree/.temp/TASK-260720-2g21eg/cycle5-final-venv/lib/python3.14/site-packages/pip/_vendor/urllib3/contrib/emscripten/__pycache__
.temp/TASK-260720-2g21eg/worktree/.temp/TASK-260720-2g21eg/cycle5-final-venv/lib/python3.14/site-packages/pip/_vendor/urllib3/http2/__pycache__
.temp/TASK-260720-2g21eg/worktree/.temp/TASK-260720-2g21eg/cycle5-final-venv/lib/python3.14/site-packages/pip/_vendor/urllib3/util/__pycache__
.temp/TASK-260720-2g21eg/worktree/.temp/TASK-260720-2g21eg/cycle6-ci-venv/lib/python3.11/site-packages/__pycache__
.temp/TASK-260720-2g21eg/worktree/.temp/TASK-260720-2g21eg/cycle6-ci-venv/lib/python3.11/site-packages/_pytest/__pycache__
.temp/TASK-260720-2g21eg/worktree/.temp/TASK-260720-2g21eg/cycle6-ci-venv/lib/python3.11/site-packages/_pytest/_code/__pycache__
.temp/TASK-260720-2g21eg/worktree/.temp/TASK-260720-2g21eg/cycle6-ci-venv/lib/python3.11/site-packages/_pytest/_io/__pycache__
.temp/TASK-260720-2g21eg/worktree/.temp/TASK-260720-2g21eg/cycle6-ci-venv/lib/python3.11/site-packages/_pytest/_py/__pycache__
.temp/TASK-260720-2g21eg/worktree/.temp/TASK-260720-2g21eg/cycle6-ci-venv/lib/python3.11/site-packages/_pytest/assertion/__pycache__
.temp/TASK-260720-2g21eg/worktree/.temp/TASK-260720-2g21eg/cycle6-ci-venv/lib/python3.11/site-packages/_pytest/config/__pycache__
.temp/TASK-260720-2g21eg/worktree/.temp/TASK-260720-2g21eg/cycle6-ci-venv/lib/python3.11/site-packages/_pytest/mark/__pycache__
.temp/TASK-260720-2g21eg/worktree/.temp/TASK-260720-2g21eg/cycle6-ci-venv/lib/python3.11/site-packages/backports/__pycache__
.temp/TASK-260720-2g21eg/worktree/.temp/TASK-260720-2g21eg/cycle6-ci-venv/lib/python3.11/site-packages/build
.temp/TASK-260720-2g21eg/worktree/.temp/TASK-260720-2g21eg/cycle6-ci-venv/lib/python3.11/site-packages/certifi/__pycache__
.temp/TASK-260720-2g21eg/worktree/.temp/TASK-260720-2g21eg/cycle6-ci-venv/lib/python3.11/site-packages/charset_normalizer/__pycache__
.temp/TASK-260720-2g21eg/worktree/.temp/TASK-260720-2g21eg/cycle6-ci-venv/lib/python3.11/site-packages/cryptography/__pycache__
.temp/TASK-260720-2g21eg/worktree/.temp/TASK-260720-2g21eg/cycle6-ci-venv/lib/python3.11/site-packages/cryptography/hazmat/__pycache__
.temp/TASK-260720-2g21eg/worktree/.temp/TASK-260720-2g21eg/cycle6-ci-venv/lib/python3.11/site-packages/cryptography/hazmat/bindings/__pycache__
.temp/TASK-260720-2g21eg/worktree/.temp/TASK-260720-2g21eg/cycle6-ci-venv/lib/python3.11/site-packages/cryptography/hazmat/decrepit/__pycache__
.temp/TASK-260720-2g21eg/worktree/.temp/TASK-260720-2g21eg/cycle6-ci-venv/lib/python3.11/site-packages/cryptography/hazmat/decrepit/ciphers/__pycache__
.temp/TASK-260720-2g21eg/worktree/.temp/TASK-260720-2g21eg/cycle6-ci-venv/lib/python3.11/site-packages/cryptography/hazmat/primitives/__pycache__
.temp/TASK-260720-2g21eg/worktree/.temp/TASK-260720-2g21eg/cycle6-ci-venv/lib/python3.11/site-packages/cryptography/hazmat/primitives/asymmetric/__pycache__
.temp/TASK-260720-2g21eg/worktree/.temp/TASK-260720-2g21eg/cycle6-ci-venv/lib/python3.11/site-packages/cryptography/hazmat/primitives/ciphers/__pycache__
.temp/TASK-260720-2g21eg/worktree/.temp/TASK-260720-2g21eg/cycle6-ci-venv/lib/python3.11/site-packages/cryptography/hazmat/primitives/serialization/__pycache__
.temp/TASK-260720-2g21eg/worktree/.temp/TASK-260720-2g21eg/cycle6-ci-venv/lib/python3.11/site-packages/docutils/__pycache__
.temp/TASK-260720-2g21eg/worktree/.temp/TASK-260720-2g21eg/cycle6-ci-venv/lib/python3.11/site-packages/docutils/languages/__pycache__
.temp/TASK-260720-2g21eg/worktree/.temp/TASK-260720-2g21eg/cycle6-ci-venv/lib/python3.11/site-packages/docutils/parsers/__pycache__
.temp/TASK-260720-2g21eg/worktree/.temp/TASK-260720-2g21eg/cycle6-ci-venv/lib/python3.11/site-packages/docutils/parsers/rst/__pycache__
.temp/TASK-260720-2g21eg/worktree/.temp/TASK-260720-2g21eg/cycle6-ci-venv/lib/python3.11/site-packages/docutils/parsers/rst/directives/__pycache__
.temp/TASK-260720-2g21eg/worktree/.temp/TASK-260720-2g21eg/cycle6-ci-venv/lib/python3.11/site-packages/docutils/parsers/rst/languages/__pycache__
.temp/TASK-260720-2g21eg/worktree/.temp/TASK-260720-2g21eg/cycle6-ci-venv/lib/python3.11/site-packages/docutils/readers/__pycache__
.temp/TASK-260720-2g21eg/worktree/.temp/TASK-260720-2g21eg/cycle6-ci-venv/lib/python3.11/site-packages/docutils/transforms/__pycache__
.temp/TASK-260720-2g21eg/worktree/.temp/TASK-260720-2g21eg/cycle6-ci-venv/lib/python3.11/site-packages/docutils/utils/__pycache__
.temp/TASK-260720-2g21eg/worktree/.temp/TASK-260720-2g21eg/cycle6-ci-venv/lib/python3.11/site-packages/docutils/utils/math/__pycache__
.temp/TASK-260720-2g21eg/worktree/.temp/TASK-260720-2g21eg/cycle6-ci-venv/lib/python3.11/site-packages/docutils/writers/__pycache__
.temp/TASK-260720-2g21eg/worktree/.temp/TASK-260720-2g21eg/cycle6-ci-venv/lib/python3.11/site-packages/docutils/writers/html5_polyglot/__pycache__
.temp/TASK-260720-2g21eg/worktree/.temp/TASK-260720-2g21eg/cycle6-ci-venv/lib/python3.11/site-packages/idna/__pycache__
.temp/TASK-260720-2g21eg/worktree/.temp/TASK-260720-2g21eg/cycle6-ci-venv/lib/python3.11/site-packages/iniconfig/__pycache__
.temp/TASK-260720-2g21eg/worktree/.temp/TASK-260720-2g21eg/cycle6-ci-venv/lib/python3.11/site-packages/mypy/__pycache__
.temp/TASK-260720-2g21eg/worktree/.temp/TASK-260720-2g21eg/cycle6-ci-venv/lib/python3.11/site-packages/mypy/plugins/__pycache__
.temp/TASK-260720-2g21eg/worktree/.temp/TASK-260720-2g21eg/cycle6-ci-venv/lib/python3.11/site-packages/mypy/server/__pycache__
.temp/TASK-260720-2g21eg/worktree/.temp/TASK-260720-2g21eg/cycle6-ci-venv/lib/python3.11/site-packages/mypy/typeshed/stdlib/venv
.temp/TASK-260720-2g21eg/worktree/.temp/TASK-260720-2g21eg/cycle6-ci-venv/lib/python3.11/site-packages/nh3/__pycache__
.temp/TASK-260720-2g21eg/worktree/.temp/TASK-260720-2g21eg/cycle6-ci-venv/lib/python3.11/site-packages/packaging/__pycache__
.temp/TASK-260720-2g21eg/worktree/.temp/TASK-260720-2g21eg/cycle6-ci-venv/lib/python3.11/site-packages/packaging/licenses/__pycache__
.temp/TASK-260720-2g21eg/worktree/.temp/TASK-260720-2g21eg/cycle6-ci-venv/lib/python3.11/site-packages/pathspec/__pycache__
.temp/TASK-260720-2g21eg/worktree/.temp/TASK-260720-2g21eg/cycle6-ci-venv/lib/python3.11/site-packages/pathspec/_backends/__pycache__
.temp/TASK-260720-2g21eg/worktree/.temp/TASK-260720-2g21eg/cycle6-ci-venv/lib/python3.11/site-packages/pathspec/_backends/hyperscan/__pycache__
.temp/TASK-260720-2g21eg/worktree/.temp/TASK-260720-2g21eg/cycle6-ci-venv/lib/python3.11/site-packages/pathspec/_backends/re2/__pycache__
.temp/TASK-260720-2g21eg/worktree/.temp/TASK-260720-2g21eg/cycle6-ci-venv/lib/python3.11/site-packages/pathspec/_backends/simple/__pycache__
.temp/TASK-260720-2g21eg/worktree/.temp/TASK-260720-2g21eg/cycle6-ci-venv/lib/python3.11/site-packages/pathspec/patterns/__pycache__
.temp/TASK-260720-2g21eg/worktree/.temp/TASK-260720-2g21eg/cycle6-ci-venv/lib/python3.11/site-packages/pathspec/patterns/gitignore/__pycache__
.temp/TASK-260720-2g21eg/worktree/.temp/TASK-260720-2g21eg/cycle6-ci-venv/lib/python3.11/site-packages/pluggy/__pycache__
.temp/TASK-260720-2g21eg/worktree/.temp/TASK-260720-2g21eg/cycle6-ci-venv/lib/python3.11/site-packages/pygments/__pycache__
.temp/TASK-260720-2g21eg/worktree/.temp/TASK-260720-2g21eg/cycle6-ci-venv/lib/python3.11/site-packages/pygments/filters/__pycache__
.temp/TASK-260720-2g21eg/worktree/.temp/TASK-260720-2g21eg/cycle6-ci-venv/lib/python3.11/site-packages/pygments/formatters/__pycache__
.temp/TASK-260720-2g21eg/worktree/.temp/TASK-260720-2g21eg/cycle6-ci-venv/lib/python3.11/site-packages/pygments/lexers/__pycache__
.temp/TASK-260720-2g21eg/worktree/.temp/TASK-260720-2g21eg/cycle6-ci-venv/lib/python3.11/site-packages/pygments/styles/__pycache__
.temp/TASK-260720-2g21eg/worktree/.temp/TASK-260720-2g21eg/cycle6-ci-venv/lib/python3.11/site-packages/pyproject_hooks/__pycache__
.temp/TASK-260720-2g21eg/worktree/.temp/TASK-260720-2g21eg/cycle6-ci-venv/lib/python3.11/site-packages/pyproject_hooks/_in_process/__pycache__
.temp/TASK-260720-2g21eg/worktree/.temp/TASK-260720-2g21eg/cycle6-ci-venv/lib/python3.11/site-packages/pytest/__pycache__
.temp/TASK-260720-2g21eg/worktree/.temp/TASK-260720-2g21eg/cycle6-ci-venv/lib/python3.11/site-packages/readme_renderer/__pycache__
.temp/TASK-260720-2g21eg/worktree/.temp/TASK-260720-2g21eg/cycle6-ci-venv/lib/python3.11/site-packages/requests/__pycache__
.temp/TASK-260720-2g21eg/worktree/.temp/TASK-260720-2g21eg/cycle6-ci-venv/lib/python3.11/site-packages/rich/__pycache__
.temp/TASK-260720-2g21eg/worktree/.temp/TASK-260720-2g21eg/cycle6-ci-venv/lib/python3.11/site-packages/rich/_unicode_data/__pycache__
.temp/TASK-260720-2g21eg/worktree/.temp/TASK-260720-2g21eg/cycle6-ci-venv/lib/python3.11/site-packages/twine/__pycache__
.temp/TASK-260720-2g21eg/worktree/.temp/TASK-260720-2g21eg/cycle6-ci-venv/lib/python3.11/site-packages/twine/commands/__pycache__
.temp/TASK-260720-2g21eg/worktree/.temp/TASK-260720-2g21eg/cycle6-ci-venv/lib/python3.11/site-packages/urllib3/__pycache__
.temp/TASK-260720-2g21eg/worktree/.temp/TASK-260720-2g21eg/cycle6-ci-venv/lib/python3.11/site-packages/urllib3/contrib/__pycache__
.temp/TASK-260720-2g21eg/worktree/.temp/TASK-260720-2g21eg/cycle6-ci-venv/lib/python3.11/site-packages/urllib3/http2/__pycache__
.temp/TASK-260720-2g21eg/worktree/.temp/TASK-260720-2g21eg/cycle6-ci-venv/lib/python3.11/site-packages/urllib3/util/__pycache__
.temp/TASK-260720-2g21eg/worktree/.temp/TASK-260720-2g21eg/cycle6-manager-py314/lib/python3.14/site-packages/csk/__pycache__
.temp/TASK-260720-2g21eg/worktree/.temp/TASK-260720-2g21eg/cycle6-manager-py314/lib/python3.14/site-packages/csk/audit/__pycache__
.temp/TASK-260720-2g21eg/worktree/.temp/TASK-260720-2g21eg/cycle6-manager-py314/lib/python3.14/site-packages/csk/audit/backends/__pycache__
.temp/TASK-260720-2g21eg/worktree/.temp/TASK-260720-2g21eg/cycle6-manager-py314/lib/python3.14/site-packages/csk/builds/__pycache__
.temp/TASK-260720-2g21eg/worktree/.temp/TASK-260720-2g21eg/cycle6-manager-py314/lib/python3.14/site-packages/pip/__pycache__
.temp/TASK-260720-2g21eg/worktree/.temp/TASK-260720-2g21eg/cycle6-manager-py314/lib/python3.14/site-packages/pip/_internal/__pycache__
.temp/TASK-260720-2g21eg/worktree/.temp/TASK-260720-2g21eg/cycle6-manager-py314/lib/python3.14/site-packages/pip/_internal/cli/__pycache__
.temp/TASK-260720-2g21eg/worktree/.temp/TASK-260720-2g21eg/cycle6-manager-py314/lib/python3.14/site-packages/pip/_internal/commands/__pycache__
.temp/TASK-260720-2g21eg/worktree/.temp/TASK-260720-2g21eg/cycle6-manager-py314/lib/python3.14/site-packages/pip/_internal/distributions/__pycache__
.temp/TASK-260720-2g21eg/worktree/.temp/TASK-260720-2g21eg/cycle6-manager-py314/lib/python3.14/site-packages/pip/_internal/index/__pycache__
.temp/TASK-260720-2g21eg/worktree/.temp/TASK-260720-2g21eg/cycle6-manager-py314/lib/python3.14/site-packages/pip/_internal/locations/__pycache__
.temp/TASK-260720-2g21eg/worktree/.temp/TASK-260720-2g21eg/cycle6-manager-py314/lib/python3.14/site-packages/pip/_internal/metadata/__pycache__
.temp/TASK-260720-2g21eg/worktree/.temp/TASK-260720-2g21eg/cycle6-manager-py314/lib/python3.14/site-packages/pip/_internal/metadata/importlib/__pycache__
.temp/TASK-260720-2g21eg/worktree/.temp/TASK-260720-2g21eg/cycle6-manager-py314/lib/python3.14/site-packages/pip/_internal/models/__pycache__
.temp/TASK-260720-2g21eg/worktree/.temp/TASK-260720-2g21eg/cycle6-manager-py314/lib/python3.14/site-packages/pip/_internal/network/__pycache__
.temp/TASK-260720-2g21eg/worktree/.temp/TASK-260720-2g21eg/cycle6-manager-py314/lib/python3.14/site-packages/pip/_internal/operations/__pycache__
.temp/TASK-260720-2g21eg/worktree/.temp/TASK-260720-2g21eg/cycle6-manager-py314/lib/python3.14/site-packages/pip/_internal/operations/build
.temp/TASK-260720-2g21eg/worktree/.temp/TASK-260720-2g21eg/cycle6-manager-py314/lib/python3.14/site-packages/pip/_internal/operations/install/__pycache__
.temp/TASK-260720-2g21eg/worktree/.temp/TASK-260720-2g21eg/cycle6-manager-py314/lib/python3.14/site-packages/pip/_internal/req/__pycache__
.temp/TASK-260720-2g21eg/worktree/.temp/TASK-260720-2g21eg/cycle6-manager-py314/lib/python3.14/site-packages/pip/_internal/resolution/__pycache__
.temp/TASK-260720-2g21eg/worktree/.temp/TASK-260720-2g21eg/cycle6-manager-py314/lib/python3.14/site-packages/pip/_internal/resolution/legacy/__pycache__
.temp/TASK-260720-2g21eg/worktree/.temp/TASK-260720-2g21eg/cycle6-manager-py314/lib/python3.14/site-packages/pip/_internal/resolution/resolvelib/__pycache__
.temp/TASK-260720-2g21eg/worktree/.temp/TASK-260720-2g21eg/cycle6-manager-py314/lib/python3.14/site-packages/pip/_internal/utils/__pycache__
.temp/TASK-260720-2g21eg/worktree/.temp/TASK-260720-2g21eg/cycle6-manager-py314/lib/python3.14/site-packages/pip/_internal/vcs/__pycache__
.temp/TASK-260720-2g21eg/worktree/.temp/TASK-260720-2g21eg/cycle6-manager-py314/lib/python3.14/site-packages/pip/_vendor/__pycache__
.temp/TASK-260720-2g21eg/worktree/.temp/TASK-260720-2g21eg/cycle6-manager-py314/lib/python3.14/site-packages/pip/_vendor/cachecontrol/__pycache__
.temp/TASK-260720-2g21eg/worktree/.temp/TASK-260720-2g21eg/cycle6-manager-py314/lib/python3.14/site-packages/pip/_vendor/cachecontrol/caches/__pycache__
.temp/TASK-260720-2g21eg/worktree/.temp/TASK-260720-2g21eg/cycle6-manager-py314/lib/python3.14/site-packages/pip/_vendor/certifi/__pycache__
.temp/TASK-260720-2g21eg/worktree/.temp/TASK-260720-2g21eg/cycle6-manager-py314/lib/python3.14/site-packages/pip/_vendor/distlib/__pycache__
.temp/TASK-260720-2g21eg/worktree/.temp/TASK-260720-2g21eg/cycle6-manager-py314/lib/python3.14/site-packages/pip/_vendor/distro/__pycache__
.temp/TASK-260720-2g21eg/worktree/.temp/TASK-260720-2g21eg/cycle6-manager-py314/lib/python3.14/site-packages/pip/_vendor/idna/__pycache__
.temp/TASK-260720-2g21eg/worktree/.temp/TASK-260720-2g21eg/cycle6-manager-py314/lib/python3.14/site-packages/pip/_vendor/msgpack/__pycache__
.temp/TASK-260720-2g21eg/worktree/.temp/TASK-260720-2g21eg/cycle6-manager-py314/lib/python3.14/site-packages/pip/_vendor/packaging/__pycache__
.temp/TASK-260720-2g21eg/worktree/.temp/TASK-260720-2g21eg/cycle6-manager-py314/lib/python3.14/site-packages/pip/_vendor/packaging/licenses/__pycache__
.temp/TASK-260720-2g21eg/worktree/.temp/TASK-260720-2g21eg/cycle6-manager-py314/lib/python3.14/site-packages/pip/_vendor/pkg_resources/__pycache__
.temp/TASK-260720-2g21eg/worktree/.temp/TASK-260720-2g21eg/cycle6-manager-py314/lib/python3.14/site-packages/pip/_vendor/platformdirs/__pycache__
.temp/TASK-260720-2g21eg/worktree/.temp/TASK-260720-2g21eg/cycle6-manager-py314/lib/python3.14/site-packages/pip/_vendor/pygments/__pycache__
.temp/TASK-260720-2g21eg/worktree/.temp/TASK-260720-2g21eg/cycle6-manager-py314/lib/python3.14/site-packages/pip/_vendor/pygments/filters/__pycache__
.temp/TASK-260720-2g21eg/worktree/.temp/TASK-260720-2g21eg/cycle6-manager-py314/lib/python3.14/site-packages/pip/_vendor/pygments/formatters/__pycache__
.temp/TASK-260720-2g21eg/worktree/.temp/TASK-260720-2g21eg/cycle6-manager-py314/lib/python3.14/site-packages/pip/_vendor/pygments/lexers/__pycache__
.temp/TASK-260720-2g21eg/worktree/.temp/TASK-260720-2g21eg/cycle6-manager-py314/lib/python3.14/site-packages/pip/_vendor/pygments/styles/__pycache__
.temp/TASK-260720-2g21eg/worktree/.temp/TASK-260720-2g21eg/cycle6-manager-py314/lib/python3.14/site-packages/pip/_vendor/pyproject_hooks/__pycache__
.temp/TASK-260720-2g21eg/worktree/.temp/TASK-260720-2g21eg/cycle6-manager-py314/lib/python3.14/site-packages/pip/_vendor/pyproject_hooks/_in_process/__pycache__
.temp/TASK-260720-2g21eg/worktree/.temp/TASK-260720-2g21eg/cycle6-manager-py314/lib/python3.14/site-packages/pip/_vendor/requests/__pycache__
.temp/TASK-260720-2g21eg/worktree/.temp/TASK-260720-2g21eg/cycle6-manager-py314/lib/python3.14/site-packages/pip/_vendor/resolvelib/__pycache__
.temp/TASK-260720-2g21eg/worktree/.temp/TASK-260720-2g21eg/cycle6-manager-py314/lib/python3.14/site-packages/pip/_vendor/resolvelib/resolvers/__pycache__
.temp/TASK-260720-2g21eg/worktree/.temp/TASK-260720-2g21eg/cycle6-manager-py314/lib/python3.14/site-packages/pip/_vendor/rich/__pycache__
.temp/TASK-260720-2g21eg/worktree/.temp/TASK-260720-2g21eg/cycle6-manager-py314/lib/python3.14/site-packages/pip/_vendor/tomli/__pycache__
.temp/TASK-260720-2g21eg/worktree/.temp/TASK-260720-2g21eg/cycle6-manager-py314/lib/python3.14/site-packages/pip/_vendor/tomli_w/__pycache__
.temp/TASK-260720-2g21eg/worktree/.temp/TASK-260720-2g21eg/cycle6-manager-py314/lib/python3.14/site-packages/pip/_vendor/truststore/__pycache__
.temp/TASK-260720-2g21eg/worktree/.temp/TASK-260720-2g21eg/cycle6-manager-py314/lib/python3.14/site-packages/pip/_vendor/urllib3/__pycache__
.temp/TASK-260720-2g21eg/worktree/.temp/TASK-260720-2g21eg/cycle6-manager-py314/lib/python3.14/site-packages/pip/_vendor/urllib3/contrib/__pycache__
.temp/TASK-260720-2g21eg/worktree/.temp/TASK-260720-2g21eg/cycle6-manager-py314/lib/python3.14/site-packages/pip/_vendor/urllib3/contrib/emscripten/__pycache__
.temp/TASK-260720-2g21eg/worktree/.temp/TASK-260720-2g21eg/cycle6-manager-py314/lib/python3.14/site-packages/pip/_vendor/urllib3/http2/__pycache__
.temp/TASK-260720-2g21eg/worktree/.temp/TASK-260720-2g21eg/cycle6-manager-py314/lib/python3.14/site-packages/pip/_vendor/urllib3/util/__pycache__
.temp/TASK-260720-2g21eg/worktree/.temp/TASK-260720-2g21eg/cycle6-manager-venv/lib/python3.11/site-packages/__pycache__
.temp/TASK-260720-2g21eg/worktree/.temp/TASK-260720-2g21eg/cycle6-manager-venv/lib/python3.11/site-packages/csk/__pycache__
.temp/TASK-260720-2g21eg/worktree/.temp/TASK-260720-2g21eg/cycle6-manager-venv/lib/python3.11/site-packages/csk/audit/__pycache__
.temp/TASK-260720-2g21eg/worktree/.temp/TASK-260720-2g21eg/cycle6-manager-venv/lib/python3.11/site-packages/csk/audit/backends/__pycache__
.temp/TASK-260720-2g21eg/worktree/.temp/TASK-260720-2g21eg/cycle6-manager-venv/lib/python3.11/site-packages/csk/builds/__pycache__
.temp/TASK-260720-2g21eg/worktree/.temp/TASK-260720-2g21eg/final-wheel/dist
.temp/TASK-260720-2g21eg/worktree/.temp/TASK-260720-2g21eg/final-wheel/venv
.temp/TASK-260720-2g21eg/worktree/.temp/TASK-260720-2g21eg/identity-smoke-02/dist
.temp/TASK-260720-2g21eg/worktree/.temp/TASK-260720-2g21eg/identity-smoke-02/venv
.temp/TASK-260720-2g21eg/worktree/.temp/TASK-260720-2g21eg/identity-smoke-03/dist
.temp/TASK-260720-2g21eg/worktree/.temp/TASK-260720-2g21eg/identity-smoke-03/venv
.temp/TASK-260720-2g21eg/worktree/.temp/TASK-260720-2g21eg/identity-smoke/dist
.temp/TASK-260720-2g21eg/worktree/.temp/TASK-260720-2g21eg/identity-smoke/venv
.temp/TASK-260720-2g21eg/worktree/.temp/TASK-260720-2g21eg/manager-venv/lib/python3.14/site-packages/__pycache__
.temp/TASK-260720-2g21eg/worktree/.temp/TASK-260720-2g21eg/private-framework-probe/Frameworks/Python.framework/Versions/3.14/lib/python3.14/__pycache__
.temp/TASK-260720-2g21eg/worktree/.temp/TASK-260720-2g21eg/private-framework-probe/Frameworks/Python.framework/Versions/3.14/lib/python3.14/_pyrepl/__pycache__
.temp/TASK-260720-2g21eg/worktree/.temp/TASK-260720-2g21eg/private-framework-probe/Frameworks/Python.framework/Versions/3.14/lib/python3.14/asyncio/__pycache__
.temp/TASK-260720-2g21eg/worktree/.temp/TASK-260720-2g21eg/private-framework-probe/Frameworks/Python.framework/Versions/3.14/lib/python3.14/collections/__pycache__
.temp/TASK-260720-2g21eg/worktree/.temp/TASK-260720-2g21eg/private-framework-probe/Frameworks/Python.framework/Versions/3.14/lib/python3.14/compression/__pycache__
.temp/TASK-260720-2g21eg/worktree/.temp/TASK-260720-2g21eg/private-framework-probe/Frameworks/Python.framework/Versions/3.14/lib/python3.14/compression/_common/__pycache__
.temp/TASK-260720-2g21eg/worktree/.temp/TASK-260720-2g21eg/private-framework-probe/Frameworks/Python.framework/Versions/3.14/lib/python3.14/compression/zstd/__pycache__
.temp/TASK-260720-2g21eg/worktree/.temp/TASK-260720-2g21eg/private-framework-probe/Frameworks/Python.framework/Versions/3.14/lib/python3.14/concurrent/__pycache__
.temp/TASK-260720-2g21eg/worktree/.temp/TASK-260720-2g21eg/private-framework-probe/Frameworks/Python.framework/Versions/3.14/lib/python3.14/concurrent/futures/__pycache__
.temp/TASK-260720-2g21eg/worktree/.temp/TASK-260720-2g21eg/private-framework-probe/Frameworks/Python.framework/Versions/3.14/lib/python3.14/ctypes/__pycache__
.temp/TASK-260720-2g21eg/worktree/.temp/TASK-260720-2g21eg/private-framework-probe/Frameworks/Python.framework/Versions/3.14/lib/python3.14/ctypes/macholib/__pycache__
.temp/TASK-260720-2g21eg/worktree/.temp/TASK-260720-2g21eg/private-framework-probe/Frameworks/Python.framework/Versions/3.14/lib/python3.14/curses/__pycache__
.temp/TASK-260720-2g21eg/worktree/.temp/TASK-260720-2g21eg/private-framework-probe/Frameworks/Python.framework/Versions/3.14/lib/python3.14/email/__pycache__
.temp/TASK-260720-2g21eg/worktree/.temp/TASK-260720-2g21eg/private-framework-probe/Frameworks/Python.framework/Versions/3.14/lib/python3.14/encodings/__pycache__
.temp/TASK-260720-2g21eg/worktree/.temp/TASK-260720-2g21eg/private-framework-probe/Frameworks/Python.framework/Versions/3.14/lib/python3.14/ensurepip/__pycache__
.temp/TASK-260720-2g21eg/worktree/.temp/TASK-260720-2g21eg/private-framework-probe/Frameworks/Python.framework/Versions/3.14/lib/python3.14/html/__pycache__
.temp/TASK-260720-2g21eg/worktree/.temp/TASK-260720-2g21eg/private-framework-probe/Frameworks/Python.framework/Versions/3.14/lib/python3.14/http/__pycache__
.temp/TASK-260720-2g21eg/worktree/.temp/TASK-260720-2g21eg/private-framework-probe/Frameworks/Python.framework/Versions/3.14/lib/python3.14/importlib/__pycache__
.temp/TASK-260720-2g21eg/worktree/.temp/TASK-260720-2g21eg/private-framework-probe/Frameworks/Python.framework/Versions/3.14/lib/python3.14/importlib/metadata/__pycache__
.temp/TASK-260720-2g21eg/worktree/.temp/TASK-260720-2g21eg/private-framework-probe/Frameworks/Python.framework/Versions/3.14/lib/python3.14/importlib/resources/__pycache__
.temp/TASK-260720-2g21eg/worktree/.temp/TASK-260720-2g21eg/private-framework-probe/Frameworks/Python.framework/Versions/3.14/lib/python3.14/json/__pycache__
.temp/TASK-260720-2g21eg/worktree/.temp/TASK-260720-2g21eg/private-framework-probe/Frameworks/Python.framework/Versions/3.14/lib/python3.14/logging/__pycache__
.temp/TASK-260720-2g21eg/worktree/.temp/TASK-260720-2g21eg/private-framework-probe/Frameworks/Python.framework/Versions/3.14/lib/python3.14/multiprocessing/__pycache__
.temp/TASK-260720-2g21eg/worktree/.temp/TASK-260720-2g21eg/private-framework-probe/Frameworks/Python.framework/Versions/3.14/lib/python3.14/pathlib/__pycache__
.temp/TASK-260720-2g21eg/worktree/.temp/TASK-260720-2g21eg/private-framework-probe/Frameworks/Python.framework/Versions/3.14/lib/python3.14/re/__pycache__
.temp/TASK-260720-2g21eg/worktree/.temp/TASK-260720-2g21eg/private-framework-probe/Frameworks/Python.framework/Versions/3.14/lib/python3.14/sqlite3/__pycache__
.temp/TASK-260720-2g21eg/worktree/.temp/TASK-260720-2g21eg/private-framework-probe/Frameworks/Python.framework/Versions/3.14/lib/python3.14/string/__pycache__
.temp/TASK-260720-2g21eg/worktree/.temp/TASK-260720-2g21eg/private-framework-probe/Frameworks/Python.framework/Versions/3.14/lib/python3.14/sysconfig/__pycache__
.temp/TASK-260720-2g21eg/worktree/.temp/TASK-260720-2g21eg/private-framework-probe/Frameworks/Python.framework/Versions/3.14/lib/python3.14/tomllib/__pycache__
.temp/TASK-260720-2g21eg/worktree/.temp/TASK-260720-2g21eg/private-framework-probe/Frameworks/Python.framework/Versions/3.14/lib/python3.14/unittest/__pycache__
.temp/TASK-260720-2g21eg/worktree/.temp/TASK-260720-2g21eg/private-framework-probe/Frameworks/Python.framework/Versions/3.14/lib/python3.14/urllib/__pycache__
.temp/TASK-260720-2g21eg/worktree/.temp/TASK-260720-2g21eg/private-framework-probe/Frameworks/Python.framework/Versions/3.14/lib/python3.14/venv
.temp/TASK-260720-2g21eg/worktree/.temp/TASK-260720-2g21eg/private-framework-probe/Frameworks/Python.framework/Versions/3.14/lib/python3.14/xml/__pycache__
.temp/TASK-260720-2g21eg/worktree/.temp/TASK-260720-2g21eg/private-framework-probe/Frameworks/Python.framework/Versions/3.14/lib/python3.14/xml/dom/__pycache__
.temp/TASK-260720-2g21eg/worktree/.temp/TASK-260720-2g21eg/private-framework-probe/Frameworks/Python.framework/Versions/3.14/lib/python3.14/xml/etree/__pycache__
.temp/TASK-260720-2g21eg/worktree/.temp/TASK-260720-2g21eg/private-framework-probe/Frameworks/Python.framework/Versions/3.14/lib/python3.14/xml/parsers/__pycache__
.temp/TASK-260720-2g21eg/worktree/.temp/TASK-260720-2g21eg/private-framework-probe/Frameworks/Python.framework/Versions/3.14/lib/python3.14/xml/sax/__pycache__
.temp/TASK-260720-2g21eg/worktree/.temp/TASK-260720-2g21eg/private-framework-probe/Frameworks/Python.framework/Versions/3.14/lib/python3.14/xmlrpc/__pycache__
.temp/TASK-260720-2g21eg/worktree/.temp/TASK-260720-2g21eg/private-framework-probe/Frameworks/Python.framework/Versions/3.14/lib/python3.14/zipfile/__pycache__
.temp/TASK-260720-2g21eg/worktree/.temp/TASK-260720-2g21eg/private-framework-probe/Frameworks/Python.framework/Versions/3.14/lib/python3.14/zipfile/_path/__pycache__
.temp/TASK-260720-2g21eg/worktree/.temp/TASK-260720-2g21eg/private-framework-probe/Frameworks/Python.framework/Versions/3.14/lib/python3.14/zoneinfo/__pycache__
.temp/TASK-260720-2g21eg/worktree/.temp/TASK-260720-2g21eg/private-framework-probe/Frameworks/Python.framework/Versions/3.14/share/doc/python3.14/examples/Tools/build
.temp/TASK-260720-2g21eg/worktree/.temp/TASK-260720-2g21eg/private-python-probe/lib/python3.14/__pycache__
.temp/TASK-260720-2g21eg/worktree/.temp/TASK-260720-2g21eg/private-python-probe/lib/python3.14/_pyrepl/__pycache__
.temp/TASK-260720-2g21eg/worktree/.temp/TASK-260720-2g21eg/private-python-probe/lib/python3.14/asyncio/__pycache__
.temp/TASK-260720-2g21eg/worktree/.temp/TASK-260720-2g21eg/private-python-probe/lib/python3.14/collections/__pycache__
.temp/TASK-260720-2g21eg/worktree/.temp/TASK-260720-2g21eg/private-python-probe/lib/python3.14/compression/__pycache__
.temp/TASK-260720-2g21eg/worktree/.temp/TASK-260720-2g21eg/private-python-probe/lib/python3.14/compression/_common/__pycache__
.temp/TASK-260720-2g21eg/worktree/.temp/TASK-260720-2g21eg/private-python-probe/lib/python3.14/compression/zstd/__pycache__
.temp/TASK-260720-2g21eg/worktree/.temp/TASK-260720-2g21eg/private-python-probe/lib/python3.14/concurrent/__pycache__
.temp/TASK-260720-2g21eg/worktree/.temp/TASK-260720-2g21eg/private-python-probe/lib/python3.14/concurrent/futures/__pycache__
.temp/TASK-260720-2g21eg/worktree/.temp/TASK-260720-2g21eg/private-python-probe/lib/python3.14/ctypes/__pycache__
.temp/TASK-260720-2g21eg/worktree/.temp/TASK-260720-2g21eg/private-python-probe/lib/python3.14/ctypes/macholib/__pycache__
.temp/TASK-260720-2g21eg/worktree/.temp/TASK-260720-2g21eg/private-python-probe/lib/python3.14/curses/__pycache__
.temp/TASK-260720-2g21eg/worktree/.temp/TASK-260720-2g21eg/private-python-probe/lib/python3.14/email/__pycache__
.temp/TASK-260720-2g21eg/worktree/.temp/TASK-260720-2g21eg/private-python-probe/lib/python3.14/encodings/__pycache__
.temp/TASK-260720-2g21eg/worktree/.temp/TASK-260720-2g21eg/private-python-probe/lib/python3.14/ensurepip/__pycache__
.temp/TASK-260720-2g21eg/worktree/.temp/TASK-260720-2g21eg/private-python-probe/lib/python3.14/html/__pycache__
.temp/TASK-260720-2g21eg/worktree/.temp/TASK-260720-2g21eg/private-python-probe/lib/python3.14/http/__pycache__
.temp/TASK-260720-2g21eg/worktree/.temp/TASK-260720-2g21eg/private-python-probe/lib/python3.14/importlib/__pycache__
.temp/TASK-260720-2g21eg/worktree/.temp/TASK-260720-2g21eg/private-python-probe/lib/python3.14/importlib/metadata/__pycache__
.temp/TASK-260720-2g21eg/worktree/.temp/TASK-260720-2g21eg/private-python-probe/lib/python3.14/importlib/resources/__pycache__
.temp/TASK-260720-2g21eg/worktree/.temp/TASK-260720-2g21eg/private-python-probe/lib/python3.14/json/__pycache__
.temp/TASK-260720-2g21eg/worktree/.temp/TASK-260720-2g21eg/private-python-probe/lib/python3.14/logging/__pycache__
.temp/TASK-260720-2g21eg/worktree/.temp/TASK-260720-2g21eg/private-python-probe/lib/python3.14/multiprocessing/__pycache__
.temp/TASK-260720-2g21eg/worktree/.temp/TASK-260720-2g21eg/private-python-probe/lib/python3.14/pathlib/__pycache__
.temp/TASK-260720-2g21eg/worktree/.temp/TASK-260720-2g21eg/private-python-probe/lib/python3.14/re/__pycache__
.temp/TASK-260720-2g21eg/worktree/.temp/TASK-260720-2g21eg/private-python-probe/lib/python3.14/sqlite3/__pycache__
.temp/TASK-260720-2g21eg/worktree/.temp/TASK-260720-2g21eg/private-python-probe/lib/python3.14/string/__pycache__
.temp/TASK-260720-2g21eg/worktree/.temp/TASK-260720-2g21eg/private-python-probe/lib/python3.14/sysconfig/__pycache__
.temp/TASK-260720-2g21eg/worktree/.temp/TASK-260720-2g21eg/private-python-probe/lib/python3.14/tomllib/__pycache__
.temp/TASK-260720-2g21eg/worktree/.temp/TASK-260720-2g21eg/private-python-probe/lib/python3.14/unittest/__pycache__
.temp/TASK-260720-2g21eg/worktree/.temp/TASK-260720-2g21eg/private-python-probe/lib/python3.14/urllib/__pycache__
.temp/TASK-260720-2g21eg/worktree/.temp/TASK-260720-2g21eg/private-python-probe/lib/python3.14/venv
.temp/TASK-260720-2g21eg/worktree/.temp/TASK-260720-2g21eg/private-python-probe/lib/python3.14/xml/__pycache__
.temp/TASK-260720-2g21eg/worktree/.temp/TASK-260720-2g21eg/private-python-probe/lib/python3.14/xml/dom/__pycache__
.temp/TASK-260720-2g21eg/worktree/.temp/TASK-260720-2g21eg/private-python-probe/lib/python3.14/xml/etree/__pycache__
.temp/TASK-260720-2g21eg/worktree/.temp/TASK-260720-2g21eg/private-python-probe/lib/python3.14/xml/parsers/__pycache__
.temp/TASK-260720-2g21eg/worktree/.temp/TASK-260720-2g21eg/private-python-probe/lib/python3.14/xml/sax/__pycache__
.temp/TASK-260720-2g21eg/worktree/.temp/TASK-260720-2g21eg/private-python-probe/lib/python3.14/xmlrpc/__pycache__
.temp/TASK-260720-2g21eg/worktree/.temp/TASK-260720-2g21eg/private-python-probe/lib/python3.14/zipfile/__pycache__
.temp/TASK-260720-2g21eg/worktree/.temp/TASK-260720-2g21eg/private-python-probe/lib/python3.14/zipfile/_path/__pycache__
.temp/TASK-260720-2g21eg/worktree/.temp/TASK-260720-2g21eg/private-python-probe/lib/python3.14/zoneinfo/__pycache__
.temp/TASK-260720-2g21eg/worktree/.temp/TASK-260720-2g21eg/reviewer-cycle2-pth-venv/lib/python3.14/site-packages/csk/__pycache__
.temp/TASK-260720-2g21eg/worktree/.temp/TASK-260720-2g21eg/reviewer-cycle2-pth-venv/lib/python3.14/site-packages/csk/audit/__pycache__
.temp/TASK-260720-2g21eg/worktree/.temp/TASK-260720-2g21eg/reviewer-cycle2-pth-venv/lib/python3.14/site-packages/csk/audit/backends/__pycache__
.temp/TASK-260720-2g21eg/worktree/.temp/TASK-260720-2g21eg/reviewer-cycle2-pth-venv/lib/python3.14/site-packages/csk/builds/__pycache__
.temp/TASK-260720-2g21eg/worktree/.temp/TASK-260720-2g21eg/reviewer-cycle2-pth-venv/lib/python3.14/site-packages/pip/__pycache__
.temp/TASK-260720-2g21eg/worktree/.temp/TASK-260720-2g21eg/reviewer-cycle2-pth-venv/lib/python3.14/site-packages/pip/_internal/__pycache__
.temp/TASK-260720-2g21eg/worktree/.temp/TASK-260720-2g21eg/reviewer-cycle2-pth-venv/lib/python3.14/site-packages/pip/_internal/cli/__pycache__
.temp/TASK-260720-2g21eg/worktree/.temp/TASK-260720-2g21eg/reviewer-cycle2-pth-venv/lib/python3.14/site-packages/pip/_internal/commands/__pycache__
.temp/TASK-260720-2g21eg/worktree/.temp/TASK-260720-2g21eg/reviewer-cycle2-pth-venv/lib/python3.14/site-packages/pip/_internal/distributions/__pycache__
.temp/TASK-260720-2g21eg/worktree/.temp/TASK-260720-2g21eg/reviewer-cycle2-pth-venv/lib/python3.14/site-packages/pip/_internal/index/__pycache__
.temp/TASK-260720-2g21eg/worktree/.temp/TASK-260720-2g21eg/reviewer-cycle2-pth-venv/lib/python3.14/site-packages/pip/_internal/locations/__pycache__
.temp/TASK-260720-2g21eg/worktree/.temp/TASK-260720-2g21eg/reviewer-cycle2-pth-venv/lib/python3.14/site-packages/pip/_internal/metadata/__pycache__
.temp/TASK-260720-2g21eg/worktree/.temp/TASK-260720-2g21eg/reviewer-cycle2-pth-venv/lib/python3.14/site-packages/pip/_internal/metadata/importlib/__pycache__
.temp/TASK-260720-2g21eg/worktree/.temp/TASK-260720-2g21eg/reviewer-cycle2-pth-venv/lib/python3.14/site-packages/pip/_internal/models/__pycache__
.temp/TASK-260720-2g21eg/worktree/.temp/TASK-260720-2g21eg/reviewer-cycle2-pth-venv/lib/python3.14/site-packages/pip/_internal/network/__pycache__
.temp/TASK-260720-2g21eg/worktree/.temp/TASK-260720-2g21eg/reviewer-cycle2-pth-venv/lib/python3.14/site-packages/pip/_internal/operations/__pycache__
.temp/TASK-260720-2g21eg/worktree/.temp/TASK-260720-2g21eg/reviewer-cycle2-pth-venv/lib/python3.14/site-packages/pip/_internal/operations/build
.temp/TASK-260720-2g21eg/worktree/.temp/TASK-260720-2g21eg/reviewer-cycle2-pth-venv/lib/python3.14/site-packages/pip/_internal/operations/install/__pycache__
.temp/TASK-260720-2g21eg/worktree/.temp/TASK-260720-2g21eg/reviewer-cycle2-pth-venv/lib/python3.14/site-packages/pip/_internal/req/__pycache__
.temp/TASK-260720-2g21eg/worktree/.temp/TASK-260720-2g21eg/reviewer-cycle2-pth-venv/lib/python3.14/site-packages/pip/_internal/resolution/__pycache__
.temp/TASK-260720-2g21eg/worktree/.temp/TASK-260720-2g21eg/reviewer-cycle2-pth-venv/lib/python3.14/site-packages/pip/_internal/resolution/legacy/__pycache__
.temp/TASK-260720-2g21eg/worktree/.temp/TASK-260720-2g21eg/reviewer-cycle2-pth-venv/lib/python3.14/site-packages/pip/_internal/resolution/resolvelib/__pycache__
.temp/TASK-260720-2g21eg/worktree/.temp/TASK-260720-2g21eg/reviewer-cycle2-pth-venv/lib/python3.14/site-packages/pip/_internal/utils/__pycache__
.temp/TASK-260720-2g21eg/worktree/.temp/TASK-260720-2g21eg/reviewer-cycle2-pth-venv/lib/python3.14/site-packages/pip/_internal/vcs/__pycache__
.temp/TASK-260720-2g21eg/worktree/.temp/TASK-260720-2g21eg/reviewer-cycle2-pth-venv/lib/python3.14/site-packages/pip/_vendor/__pycache__
.temp/TASK-260720-2g21eg/worktree/.temp/TASK-260720-2g21eg/reviewer-cycle2-pth-venv/lib/python3.14/site-packages/pip/_vendor/cachecontrol/__pycache__
.temp/TASK-260720-2g21eg/worktree/.temp/TASK-260720-2g21eg/reviewer-cycle2-pth-venv/lib/python3.14/site-packages/pip/_vendor/cachecontrol/caches/__pycache__
.temp/TASK-260720-2g21eg/worktree/.temp/TASK-260720-2g21eg/reviewer-cycle2-pth-venv/lib/python3.14/site-packages/pip/_vendor/certifi/__pycache__
.temp/TASK-260720-2g21eg/worktree/.temp/TASK-260720-2g21eg/reviewer-cycle2-pth-venv/lib/python3.14/site-packages/pip/_vendor/distlib/__pycache__
.temp/TASK-260720-2g21eg/worktree/.temp/TASK-260720-2g21eg/reviewer-cycle2-pth-venv/lib/python3.14/site-packages/pip/_vendor/distro/__pycache__
.temp/TASK-260720-2g21eg/worktree/.temp/TASK-260720-2g21eg/reviewer-cycle2-pth-venv/lib/python3.14/site-packages/pip/_vendor/idna/__pycache__
.temp/TASK-260720-2g21eg/worktree/.temp/TASK-260720-2g21eg/reviewer-cycle2-pth-venv/lib/python3.14/site-packages/pip/_vendor/msgpack/__pycache__
.temp/TASK-260720-2g21eg/worktree/.temp/TASK-260720-2g21eg/reviewer-cycle2-pth-venv/lib/python3.14/site-packages/pip/_vendor/packaging/__pycache__
.temp/TASK-260720-2g21eg/worktree/.temp/TASK-260720-2g21eg/reviewer-cycle2-pth-venv/lib/python3.14/site-packages/pip/_vendor/packaging/licenses/__pycache__
.temp/TASK-260720-2g21eg/worktree/.temp/TASK-260720-2g21eg/reviewer-cycle2-pth-venv/lib/python3.14/site-packages/pip/_vendor/pkg_resources/__pycache__
.temp/TASK-260720-2g21eg/worktree/.temp/TASK-260720-2g21eg/reviewer-cycle2-pth-venv/lib/python3.14/site-packages/pip/_vendor/platformdirs/__pycache__
.temp/TASK-260720-2g21eg/worktree/.temp/TASK-260720-2g21eg/reviewer-cycle2-pth-venv/lib/python3.14/site-packages/pip/_vendor/pygments/__pycache__
.temp/TASK-260720-2g21eg/worktree/.temp/TASK-260720-2g21eg/reviewer-cycle2-pth-venv/lib/python3.14/site-packages/pip/_vendor/pygments/filters/__pycache__
.temp/TASK-260720-2g21eg/worktree/.temp/TASK-260720-2g21eg/reviewer-cycle2-pth-venv/lib/python3.14/site-packages/pip/_vendor/pygments/formatters/__pycache__
.temp/TASK-260720-2g21eg/worktree/.temp/TASK-260720-2g21eg/reviewer-cycle2-pth-venv/lib/python3.14/site-packages/pip/_vendor/pygments/lexers/__pycache__
.temp/TASK-260720-2g21eg/worktree/.temp/TASK-260720-2g21eg/reviewer-cycle2-pth-venv/lib/python3.14/site-packages/pip/_vendor/pygments/styles/__pycache__
.temp/TASK-260720-2g21eg/worktree/.temp/TASK-260720-2g21eg/reviewer-cycle2-pth-venv/lib/python3.14/site-packages/pip/_vendor/pyproject_hooks/__pycache__
.temp/TASK-260720-2g21eg/worktree/.temp/TASK-260720-2g21eg/reviewer-cycle2-pth-venv/lib/python3.14/site-packages/pip/_vendor/pyproject_hooks/_in_process/__pycache__
.temp/TASK-260720-2g21eg/worktree/.temp/TASK-260720-2g21eg/reviewer-cycle2-pth-venv/lib/python3.14/site-packages/pip/_vendor/requests/__pycache__
.temp/TASK-260720-2g21eg/worktree/.temp/TASK-260720-2g21eg/reviewer-cycle2-pth-venv/lib/python3.14/site-packages/pip/_vendor/resolvelib/__pycache__
.temp/TASK-260720-2g21eg/worktree/.temp/TASK-260720-2g21eg/reviewer-cycle2-pth-venv/lib/python3.14/site-packages/pip/_vendor/resolvelib/resolvers/__pycache__
.temp/TASK-260720-2g21eg/worktree/.temp/TASK-260720-2g21eg/reviewer-cycle2-pth-venv/lib/python3.14/site-packages/pip/_vendor/rich/__pycache__
.temp/TASK-260720-2g21eg/worktree/.temp/TASK-260720-2g21eg/reviewer-cycle2-pth-venv/lib/python3.14/site-packages/pip/_vendor/tomli/__pycache__
.temp/TASK-260720-2g21eg/worktree/.temp/TASK-260720-2g21eg/reviewer-cycle2-pth-venv/lib/python3.14/site-packages/pip/_vendor/tomli_w/__pycache__
.temp/TASK-260720-2g21eg/worktree/.temp/TASK-260720-2g21eg/reviewer-cycle2-pth-venv/lib/python3.14/site-packages/pip/_vendor/truststore/__pycache__
.temp/TASK-260720-2g21eg/worktree/.temp/TASK-260720-2g21eg/reviewer-cycle2-pth-venv/lib/python3.14/site-packages/pip/_vendor/urllib3/__pycache__
.temp/TASK-260720-2g21eg/worktree/.temp/TASK-260720-2g21eg/reviewer-cycle2-pth-venv/lib/python3.14/site-packages/pip/_vendor/urllib3/contrib/__pycache__
.temp/TASK-260720-2g21eg/worktree/.temp/TASK-260720-2g21eg/reviewer-cycle2-pth-venv/lib/python3.14/site-packages/pip/_vendor/urllib3/contrib/emscripten/__pycache__
.temp/TASK-260720-2g21eg/worktree/.temp/TASK-260720-2g21eg/reviewer-cycle2-pth-venv/lib/python3.14/site-packages/pip/_vendor/urllib3/http2/__pycache__
.temp/TASK-260720-2g21eg/worktree/.temp/TASK-260720-2g21eg/reviewer-cycle2-pth-venv/lib/python3.14/site-packages/pip/_vendor/urllib3/util/__pycache__
.temp/TASK-260720-2g21eg/worktree/.temp/TASK-260720-2g21eg/wheel-venv/lib/python3.14/site-packages/__pycache__
.temp/TASK-260720-2g21eg/worktree/.temp/TASK-260720-2g21eg/wheel-venv/lib/python3.14/site-packages/csk/__pycache__
.temp/TASK-260720-2g21eg/worktree/.temp/TASK-260720-2g21eg/wheel-venv/lib/python3.14/site-packages/csk/audit/__pycache__
.temp/TASK-260720-2g21eg/worktree/.temp/TASK-260720-2g21eg/wheel-venv/lib/python3.14/site-packages/csk/audit/backends/__pycache__
.temp/TASK-260720-2g21eg/worktree/.temp/TASK-260720-2g21eg/wheel-venv/lib/python3.14/site-packages/csk/builds/__pycache__
.temp/TASK-260720-2g21eg/worktree/.temp/review6/dist
.temp/TASK-260720-2g21eg/worktree/.temp/review6/venv
.temp/TASK-260720-2g21eg/worktree/.venv
.temp/TASK-260720-2g21eg/worktree/build
.temp/TASK-260720-2g21eg/worktree/dist
.temp/TASK-260720-2g21eg/worktree/src/csk/__pycache__
.temp/TASK-260720-2g21eg/worktree/src/csk/audit/__pycache__
.temp/TASK-260720-2g21eg/worktree/src/csk/audit/backends/__pycache__
.temp/TASK-260720-2g21eg/worktree/src/csk/builds/__pycache__
.temp/TASK-260720-2g21eg/worktree/tests/__pycache__
.temp/TASK-260720-2jfnz6/pytest-full/test_equal_dual_schema_v6_mani0/build
.temp/TASK-260720-2jfnz6/pytest-full/test_schema_v6_allows_source_d0/build
.temp/TASK-260720-2jfnz6/pytest-full/test_schema_v6_build_command_h0/build
.temp/TASK-260720-2jfnz6/pytest-full/test_schema_v6_build_command_h1/build
.temp/TASK-260720-2jfnz6/pytest-full/test_schema_v6_build_command_h10/build
.temp/TASK-260720-2jfnz6/pytest-full/test_schema_v6_build_command_h11/build
.temp/TASK-260720-2jfnz6/pytest-full/test_schema_v6_build_command_h12/build
.temp/TASK-260720-2jfnz6/pytest-full/test_schema_v6_build_command_h13/build
.temp/TASK-260720-2jfnz6/pytest-full/test_schema_v6_build_command_h14/build
.temp/TASK-260720-2jfnz6/pytest-full/test_schema_v6_build_command_h2/build
.temp/TASK-260720-2jfnz6/pytest-full/test_schema_v6_build_command_h3/build
.temp/TASK-260720-2jfnz6/pytest-full/test_schema_v6_build_command_h4/build
.temp/TASK-260720-2jfnz6/pytest-full/test_schema_v6_build_command_h5/build
.temp/TASK-260720-2jfnz6/pytest-full/test_schema_v6_build_command_h6/build
.temp/TASK-260720-2jfnz6/pytest-full/test_schema_v6_build_command_h7/build
.temp/TASK-260720-2jfnz6/pytest-full/test_schema_v6_build_command_h8/build
.temp/TASK-260720-2jfnz6/pytest-full/test_schema_v6_build_command_h9/build
.temp/TASK-260720-2jfnz6/pytest-full/test_schema_v6_build_command_r0/build
.temp/TASK-260720-2jfnz6/pytest-full/test_schema_v6_build_diagnosti0/build
.temp/TASK-260720-2jfnz6/pytest-full/test_schema_v6_build_roots_do_0/build
.temp/TASK-260720-2jfnz6/pytest-full/test_schema_v6_build_roots_do_1/build
.temp/TASK-260720-2jfnz6/pytest-full/test_schema_v6_build_roots_do_2/runtime/build
.temp/TASK-260720-2jfnz6/pytest-full/test_schema_v6_parses_mixed_co0/build
.temp/TASK-260720-2jfnz6/pytest-full/test_schema_v6_parses_mixed_co1/build
.temp/TASK-260720-2jfnz6/pytest-full/test_schema_v6_rejects_invalid10/build
.temp/TASK-260720-2jfnz6/pytest-full/test_schema_v6_rejects_invalid11/build
.temp/TASK-260720-2jfnz6/pytest-full/test_schema_v6_rejects_invalid12/build
.temp/TASK-260720-2jfnz6/pytest-full/test_schema_v6_rejects_invalid13/build
.temp/TASK-260720-2jfnz6/pytest-full/test_schema_v6_rejects_invalid14/build
.temp/TASK-260720-2jfnz6/pytest-full/test_schema_v6_rejects_invalid15/build
.temp/TASK-260720-2jfnz6/pytest-full/test_schema_v6_rejects_invalid8/build
.temp/TASK-260720-2jfnz6/pytest-full/test_schema_v6_rejects_invalid9/build
.temp/TASK-260720-2jfnz6/pytest-full/test_schema_v6_rejects_linked_1/real-parent/build
.temp/TASK-260720-2jfnz6/pytest-full/test_schema_v6_rejects_linked_2/build
.temp/TASK-260720-2jfnz6/pytest-full/test_schema_v6_rejects_linked_3/build
.temp/TASK-260720-2jfnz6/pytest-full/test_schema_v6_rejects_non_reg0/build
.temp/TASK-260720-2jfnz6/pytest-full/test_schema_v6_rejects_reserve0/build
.temp/TASK-260720-2jfnz6/pytest-full/test_schema_v6_rejects_reserve1/build
.temp/TASK-260720-2jfnz6/pytest-full/test_schema_v6_rejects_reserve2/build
.temp/TASK-260720-2jfnz6/pytest-full/test_schema_v6_rejects_reserve3/build
.temp/TASK-260720-2jfnz6/pytest-full/test_schema_v6_rejects_reserve4/build
.temp/TASK-260720-2jfnz6/pytest-full/test_schema_v6_rejects_reserve5/build
.temp/TASK-260720-2jfnz6/pytest-full/test_schema_v6_rejects_reserve6/build
.temp/TASK-260720-2jfnz6/pytest-full/test_schema_v6_rejects_reserve7/build
.temp/TASK-260720-2jfnz6/pytest-full/test_schema_v6_requires_every_0/build
.temp/TASK-260720-2jfnz6/venv
.temp/TASK-260720-2jfnz6/worktree/.mypy_cache
.temp/TASK-260720-2jfnz6/worktree/.pytest_cache
.temp/TASK-260720-2jfnz6/worktree/.ruff_cache
.temp/TASK-260720-2jfnz6/worktree/.temp/TASK-260720-2jfnz6/readiness/uv-run-venv/lib/python3.12/site-packages/__pycache__
.temp/TASK-260720-2jfnz6/worktree/.venv
.temp/TASK-260720-2jfnz6/worktree/dist
.temp/TASK-260720-2jfnz6/worktree/src/csk/__pycache__
.temp/TASK-260720-2jfnz6/worktree/src/csk/audit/__pycache__
.temp/TASK-260720-2jfnz6/worktree/src/csk/audit/backends/__pycache__
.temp/TASK-260720-2jfnz6/worktree/src/csk/builds/__pycache__
.temp/TASK-260720-2jfnz6/worktree/tests/__pycache__
.temp/TASK-260720-2x6mjn/probe/__pycache__
.temp/TASK-260720-2x6mjn/probe2/__pycache__
.temp/TASK-260720-2x6mjn/review-baseline/.pytest_cache
.temp/TASK-260720-2x6mjn/review-baseline/src/csk/__pycache__
.temp/TASK-260720-2x6mjn/review-baseline/src/csk/audit/__pycache__
.temp/TASK-260720-2x6mjn/review-baseline/src/csk/audit/backends/__pycache__
.temp/TASK-260720-2x6mjn/review-baseline/src/csk/builds/__pycache__
.temp/TASK-260720-2x6mjn/review-baseline/tests/__pycache__
.temp/TASK-260720-2x6mjn/review3/probe2/__pycache__
.temp/TASK-260720-2x6mjn/review4/probe2/__pycache__
.temp/TASK-260720-2x6mjn/worktree/.mypy_cache
.temp/TASK-260720-2x6mjn/worktree/.pytest_cache
.temp/TASK-260720-2x6mjn/worktree/.temp/TASK-260720-2x6mjn/review-probes/probe/__pycache__
.temp/TASK-260720-2x6mjn/worktree/dist
.temp/TASK-260720-2x6mjn/worktree/src/csk/__pycache__
.temp/TASK-260720-2x6mjn/worktree/src/csk/audit/__pycache__
.temp/TASK-260720-2x6mjn/worktree/src/csk/audit/backends/__pycache__
.temp/TASK-260720-2x6mjn/worktree/src/csk/builds/__pycache__
.temp/TASK-260720-2x6mjn/worktree/tests/__pycache__
.temp/TASK-260720-3c0ss2/worktree/.mypy_cache
.temp/TASK-260720-3c0ss2/worktree/.pytest_cache
.temp/TASK-260720-3c0ss2/worktree/dist
.temp/TASK-260720-3c0ss2/worktree/src/csk/__pycache__
.temp/TASK-260720-3c0ss2/worktree/src/csk/audit/__pycache__
.temp/TASK-260720-3c0ss2/worktree/src/csk/audit/backends/__pycache__
.temp/TASK-260720-3c0ss2/worktree/src/csk/builds/__pycache__
.temp/TASK-260720-3c0ss2/worktree/tests/__pycache__
.temp/TASK-260720-3pemm6/worktree/.mypy_cache
.temp/TASK-260720-3pemm6/worktree/.pytest_cache
.temp/TASK-260720-3pemm6/worktree/.temp/TASK-260720-3pemm6/run-30880852795/dist
.temp/TASK-260720-3pemm6/worktree/.temp/TASK-260720-3pemm6/run-30891362751/dist
.temp/TASK-260720-3pemm6/worktree/.temp/TASK-260720-3pemm6/run-30922953802/dist
.temp/TASK-260720-3pemm6/worktree/.venv
.temp/TASK-260720-3pemm6/worktree/build
.temp/TASK-260720-3pemm6/worktree/dist
.temp/TASK-260720-3pemm6/worktree/src/csk/__pycache__
.temp/TASK-260720-3pemm6/worktree/src/csk/audit/__pycache__
.temp/TASK-260720-3pemm6/worktree/src/csk/audit/backends/__pycache__
.temp/TASK-260720-3pemm6/worktree/src/csk/builds/__pycache__
.temp/TASK-260720-3pemm6/worktree/tests/__pycache__
.temp/TASK-260720-3pemm6/worktree/tests/fixtures/skill_go_e2e/build
.temp/TASK-260720-3t8nr3/worktree/.mypy_cache
.temp/TASK-260720-3t8nr3/worktree/.pytest_cache
.temp/TASK-260720-3t8nr3/worktree/.ruff_cache
.temp/TASK-260720-3t8nr3/worktree/.temp/TASK-260720-3t8nr3/dist
.temp/TASK-260720-3t8nr3/worktree/.venv
.temp/TASK-260720-3t8nr3/worktree/dist
.temp/TASK-260720-3t8nr3/worktree/src/csk/__pycache__
.temp/TASK-260720-3t8nr3/worktree/src/csk/audit/__pycache__
.temp/TASK-260720-3t8nr3/worktree/src/csk/audit/backends/__pycache__
.temp/TASK-260720-3t8nr3/worktree/src/csk/builds/__pycache__
.temp/TASK-260720-3t8nr3/worktree/tests/__pycache__
.temp/TASK-260720-8nxlgx/reviewer-af18fc/__pycache__
.temp/TASK-260720-8nxlgx/venv
.temp/TASK-260720-8nxlgx/worktree/.mypy_cache
.temp/TASK-260720-8nxlgx/worktree/.pytest_cache
.temp/TASK-260720-8nxlgx/worktree/.ruff_cache
.temp/TASK-260720-8nxlgx/worktree/.temp/TASK-260720-8nxlgx/dist
.temp/TASK-260720-8nxlgx/worktree/.venv
.temp/TASK-260720-8nxlgx/worktree/src/csk/__pycache__
.temp/TASK-260720-8nxlgx/worktree/src/csk/audit/__pycache__
.temp/TASK-260720-8nxlgx/worktree/src/csk/audit/backends/__pycache__
.temp/TASK-260720-8nxlgx/worktree/src/csk/builds/__pycache__
.temp/TASK-260720-8nxlgx/worktree/tests/__pycache__
.temp/TASK-260720-poa3ze/origin-main-worktree/.pytest_cache
.temp/TASK-260720-poa3ze/origin-main-worktree/src/csk/__pycache__
.temp/TASK-260720-poa3ze/origin-main-worktree/src/csk/audit/__pycache__
.temp/TASK-260720-poa3ze/origin-main-worktree/src/csk/audit/backends/__pycache__
.temp/TASK-260720-poa3ze/origin-main-worktree/tests/__pycache__
.temp/TASK-260728-3jaa57/dist
.temp/TASK-260803-21lw4t/fix-hosted-cleanliness/.mypy_cache
.temp/TASK-260803-21lw4t/fix-hosted-cleanliness/.pytest_cache
.temp/TASK-260803-21lw4t/fix-hosted-cleanliness/.research/__pycache__
.temp/TASK-260803-21lw4t/fix-hosted-cleanliness/.temp/dist
.temp/TASK-260803-21lw4t/fix-hosted-cleanliness/.venv
.temp/TASK-260803-21lw4t/fix-hosted-cleanliness/src/csk/__pycache__
.temp/TASK-260803-21lw4t/fix-hosted-cleanliness/src/csk/audit/__pycache__
.temp/TASK-260803-21lw4t/fix-hosted-cleanliness/tests/__pycache__
.temp/TASK-260803-21lw4t/fix-hosted-cleanliness/tests/fixtures/skill_go_e2e/build
.temp/TASK-260803-21lw4t/fix-windows-tests/.mypy_cache
.temp/TASK-260803-21lw4t/fix-windows-tests/.pytest_cache
.temp/TASK-260803-21lw4t/fix-windows-tests/.research/__pycache__
.temp/TASK-260803-21lw4t/fix-windows-tests/.temp/dist
.temp/TASK-260803-21lw4t/fix-windows-tests/.venv
.temp/TASK-260803-21lw4t/fix-windows-tests/src/csk/__pycache__
.temp/TASK-260803-21lw4t/fix-windows-tests/src/csk/audit/__pycache__
.temp/TASK-260803-21lw4t/fix-windows-tests/src/csk/audit/backends/__pycache__
.temp/TASK-260803-21lw4t/fix-windows-tests/src/csk/builds/__pycache__
.temp/TASK-260803-21lw4t/fix-windows-tests/tests/__pycache__
.temp/TASK-260803-21lw4t/fix-windows-tests/tests/fixtures/skill_go_e2e/build
.temp/TASK-260803-21lw4t/integration/.mypy_cache
.temp/TASK-260803-21lw4t/integration/.pytest_cache
.temp/TASK-260803-21lw4t/integration/.research/__pycache__
.temp/TASK-260803-21lw4t/integration/.temp/dist
.temp/TASK-260803-21lw4t/integration/.venv
.temp/TASK-260803-21lw4t/integration/src/csk/__pycache__
.temp/TASK-260803-21lw4t/integration/src/csk/audit/__pycache__
.temp/TASK-260803-21lw4t/integration/src/csk/audit/backends/__pycache__
.temp/TASK-260803-21lw4t/integration/src/csk/builds/__pycache__
.temp/TASK-260803-21lw4t/integration/tests/__pycache__
.temp/TASK-260803-21lw4t/integration/tests/fixtures/skill_go_e2e/build
.temp/TASK-260803-21lw4t/worktree/.github/scripts/__pycache__
.temp/TASK-260803-21lw4t/worktree/.mypy_cache
.temp/TASK-260803-21lw4t/worktree/.pytest_cache
.temp/TASK-260803-21lw4t/worktree/.research/__pycache__
.temp/TASK-260803-21lw4t/worktree/.temp/TASK-260803-21lw4t/dist
.temp/TASK-260803-21lw4t/worktree/.temp/TASK-260803-21lw4t/pytest-ordinary/popen-gw0/test_argv0_resolves_operator_s0/venv
.temp/TASK-260803-21lw4t/worktree/.temp/TASK-260803-21lw4t/pytest-ordinary/popen-gw0/test_build_failure_preserves_e0/.cocoaskills/cache/compiled/932a1b99a5652572778da1a70298bcc336d40875/snapshot/build
.temp/TASK-260803-21lw4t/worktree/.temp/TASK-260803-21lw4t/pytest-ordinary/popen-gw0/test_build_failure_preserves_e0/skills/compiled/build
.temp/TASK-260803-21lw4t/worktree/.temp/TASK-260803-21lw4t/pytest-ordinary/popen-gw0/test_cgo_import_dynamic_allowl0/build
.temp/TASK-260803-21lw4t/worktree/.temp/TASK-260803-21lw4t/pytest-ordinary/popen-gw0/test_cgo_import_dynamic_allowl1/build
.temp/TASK-260803-21lw4t/worktree/.temp/TASK-260803-21lw4t/pytest-ordinary/popen-gw0/test_cgo_import_dynamic_allowl2/build
.temp/TASK-260803-21lw4t/worktree/.temp/TASK-260803-21lw4t/pytest-ordinary/popen-gw0/test_cgo_import_dynamic_is_all0/build
.temp/TASK-260803-21lw4t/worktree/.temp/TASK-260803-21lw4t/pytest-ordinary/popen-gw0/test_cli_check_and_json_fail_f0/.cocoaskills/cache/build-skill/c2b7479b4c356284f10742bb9a319d12be3003ab/snapshot/build
.temp/TASK-260803-21lw4t/worktree/.temp/TASK-260803-21lw4t/pytest-ordinary/popen-gw0/test_cli_check_and_json_fail_f0/skills/build-skill/build
.temp/TASK-260803-21lw4t/worktree/.temp/TASK-260803-21lw4t/pytest-ordinary/popen-gw0/test_compiler_directive_and_pg0/build
.temp/TASK-260803-21lw4t/worktree/.temp/TASK-260803-21lw4t/pytest-ordinary/popen-gw0/test_compiler_directive_and_pg1/build
.temp/TASK-260803-21lw4t/worktree/.temp/TASK-260803-21lw4t/pytest-ordinary/popen-gw0/test_context_leak_and_raw_snap0/.cocoaskills/cache/build-skill/aa58741474cbc0c3b2791e856ef445716d01b898/snapshot/build
.temp/TASK-260803-21lw4t/worktree/.temp/TASK-260803-21lw4t/pytest-ordinary/popen-gw0/test_context_leak_and_raw_snap0/skills/build-skill/build
.temp/TASK-260803-21lw4t/worktree/.temp/TASK-260803-21lw4t/pytest-ordinary/popen-gw0/test_corrupt_artifact_is_rebui0/.cocoaskills/cache/build-skill/c5b3dca2f3494d86e1465977a1be91bd4a887fcc/snapshot/build
.temp/TASK-260803-21lw4t/worktree/.temp/TASK-260803-21lw4t/pytest-ordinary/popen-gw0/test_corrupt_artifact_is_rebui0/skills/build-skill/build
.temp/TASK-260803-21lw4t/worktree/.temp/TASK-260803-21lw4t/pytest-ordinary/popen-gw0/test_csk_install_prints_the_op0/.cocoaskills/cache/compiled/2d55714501f8af3fce49ebeaf63285b9fe2b801d/snapshot/build
.temp/TASK-260803-21lw4t/worktree/.temp/TASK-260803-21lw4t/pytest-ordinary/popen-gw0/test_csk_install_prints_the_op0/skills/compiled/build
.temp/TASK-260803-21lw4t/worktree/.temp/TASK-260803-21lw4t/pytest-ordinary/popen-gw0/test_current_toolchain_and_nat0/.cocoaskills/cache/build-skill/0a983a3d3e40e2f158c24b4e38f1d1ec894e22dc/snapshot/build
.temp/TASK-260803-21lw4t/worktree/.temp/TASK-260803-21lw4t/pytest-ordinary/popen-gw0/test_current_toolchain_and_nat0/skills/build-skill/build
.temp/TASK-260803-21lw4t/worktree/.temp/TASK-260803-21lw4t/pytest-ordinary/popen-gw0/test_current_toolchain_and_nat1/.cocoaskills/cache/build-skill/9ef5698fe82257c3e45f8f1a2b87d613f613096a/snapshot/build
.temp/TASK-260803-21lw4t/worktree/.temp/TASK-260803-21lw4t/pytest-ordinary/popen-gw0/test_current_toolchain_and_nat1/skills/build-skill/build
.temp/TASK-260803-21lw4t/worktree/.temp/TASK-260803-21lw4t/pytest-ordinary/popen-gw0/test_global_and_hybrid_build_s0/.cocoaskills/cache/global-build/89636abaf32f8477673940dc39359212547ff97b/snapshot/build
.temp/TASK-260803-21lw4t/worktree/.temp/TASK-260803-21lw4t/pytest-ordinary/popen-gw0/test_global_and_hybrid_build_s0/.cocoaskills/cache/hybrid-build/16962cd1558a31be1f6a41f1cdd26927bcbb8ab7/snapshot/build
.temp/TASK-260803-21lw4t/worktree/.temp/TASK-260803-21lw4t/pytest-ordinary/popen-gw0/test_global_and_hybrid_build_s0/skills/global-build/build
.temp/TASK-260803-21lw4t/worktree/.temp/TASK-260803-21lw4t/pytest-ordinary/popen-gw0/test_global_and_hybrid_build_s0/skills/hybrid-build/build
.temp/TASK-260803-21lw4t/worktree/.temp/TASK-260803-21lw4t/pytest-ordinary/popen-gw0/test_go_generate_directive_is_0/build
.temp/TASK-260803-21lw4t/worktree/.temp/TASK-260803-21lw4t/pytest-ordinary/popen-gw0/test_go_generate_stays_forbidd0/build
.temp/TASK-260803-21lw4t/worktree/.temp/TASK-260803-21lw4t/pytest-ordinary/popen-gw0/test_goroot_src_vendor_package0/build
.temp/TASK-260803-21lw4t/worktree/.temp/TASK-260803-21lw4t/pytest-ordinary/popen-gw0/test_goroot_vendor_exception_s0/build
.temp/TASK-260803-21lw4t/worktree/.temp/TASK-260803-21lw4t/pytest-ordinary/popen-gw0/test_goroot_vendor_exception_s1/build
.temp/TASK-260803-21lw4t/worktree/.temp/TASK-260803-21lw4t/pytest-ordinary/popen-gw0/test_goroot_vendor_exception_s2/build
.temp/TASK-260803-21lw4t/worktree/.temp/TASK-260803-21lw4t/pytest-ordinary/popen-gw0/test_hidden_worker_launch_vect0/snapshot/build
.temp/TASK-260803-21lw4t/worktree/.temp/TASK-260803-21lw4t/pytest-ordinary/popen-gw0/test_hybrid_build_is_committed0/.cocoaskills/cache/hybrid-tool/fa3f3893181e224b19199b55c1fba1cc14bdff7f/snapshot/build
.temp/TASK-260803-21lw4t/worktree/.temp/TASK-260803-21lw4t/pytest-ordinary/popen-gw0/test_hybrid_build_is_committed0/skills/hybrid-tool/build
.temp/TASK-260803-21lw4t/worktree/.temp/TASK-260803-21lw4t/pytest-ordinary/popen-gw0/test_identity_and_protocol_cas0/snapshot/build
.temp/TASK-260803-21lw4t/worktree/.temp/TASK-260803-21lw4t/pytest-ordinary/popen-gw0/test_identity_and_protocol_cas1/snapshot/build
.temp/TASK-260803-21lw4t/worktree/.temp/TASK-260803-21lw4t/pytest-ordinary/popen-gw0/test_identity_and_protocol_cas10/snapshot/build
.temp/TASK-260803-21lw4t/worktree/.temp/TASK-260803-21lw4t/pytest-ordinary/popen-gw0/test_identity_and_protocol_cas11/snapshot/build
.temp/TASK-260803-21lw4t/worktree/.temp/TASK-260803-21lw4t/pytest-ordinary/popen-gw0/test_identity_and_protocol_cas12/snapshot/build
.temp/TASK-260803-21lw4t/worktree/.temp/TASK-260803-21lw4t/pytest-ordinary/popen-gw0/test_identity_and_protocol_cas2/snapshot/build
.temp/TASK-260803-21lw4t/worktree/.temp/TASK-260803-21lw4t/pytest-ordinary/popen-gw0/test_identity_and_protocol_cas3/snapshot/build
.temp/TASK-260803-21lw4t/worktree/.temp/TASK-260803-21lw4t/pytest-ordinary/popen-gw0/test_identity_and_protocol_cas4/snapshot/build
.temp/TASK-260803-21lw4t/worktree/.temp/TASK-260803-21lw4t/pytest-ordinary/popen-gw0/test_identity_and_protocol_cas5/snapshot/build
.temp/TASK-260803-21lw4t/worktree/.temp/TASK-260803-21lw4t/pytest-ordinary/popen-gw0/test_identity_and_protocol_cas6/snapshot/build
.temp/TASK-260803-21lw4t/worktree/.temp/TASK-260803-21lw4t/pytest-ordinary/popen-gw0/test_identity_and_protocol_cas7/snapshot/build
.temp/TASK-260803-21lw4t/worktree/.temp/TASK-260803-21lw4t/pytest-ordinary/popen-gw0/test_identity_and_protocol_cas8/snapshot/build
.temp/TASK-260803-21lw4t/worktree/.temp/TASK-260803-21lw4t/pytest-ordinary/popen-gw0/test_identity_and_protocol_cas9/snapshot/build
.temp/TASK-260803-21lw4t/worktree/.temp/TASK-260803-21lw4t/pytest-ordinary/popen-gw0/test_interpreter_runtime_mappi0/snapshot/build
.temp/TASK-260803-21lw4t/worktree/.temp/TASK-260803-21lw4t/pytest-ordinary/popen-gw0/test_launch_teardown_failure_p0/snapshot/build
.temp/TASK-260803-21lw4t/worktree/.temp/TASK-260803-21lw4t/pytest-ordinary/popen-gw0/test_legacy_and_reserved_execu0/.cocoaskills/cache/build-skill/97ac0190b84753a0a59d14c0f0429fe5e4a5f65a/snapshot/build
.temp/TASK-260803-21lw4t/worktree/.temp/TASK-260803-21lw4t/pytest-ordinary/popen-gw0/test_legacy_and_reserved_execu0/skills/build-skill/build
.temp/TASK-260803-21lw4t/worktree/.temp/TASK-260803-21lw4t/pytest-ordinary/popen-gw0/test_legacy_and_reserved_execu1/.cocoaskills/cache/build-skill/33faef3167e93cdf5319bf8d6792bc4fcad05193/snapshot/build
.temp/TASK-260803-21lw4t/worktree/.temp/TASK-260803-21lw4t/pytest-ordinary/popen-gw0/test_legacy_and_reserved_execu1/skills/build-skill/build
.temp/TASK-260803-21lw4t/worktree/.temp/TASK-260803-21lw4t/pytest-ordinary/popen-gw0/test_macos_identity_guard_reta0/snapshot/build
.temp/TASK-260803-21lw4t/worktree/.temp/TASK-260803-21lw4t/pytest-ordinary/popen-gw0/test_managed_shim_and_capabili0/.cocoaskills/cache/build-skill/213fdcc9658d9da0cdbe5820712c960416e21d0e/snapshot/build
.temp/TASK-260803-21lw4t/worktree/.temp/TASK-260803-21lw4t/pytest-ordinary/popen-gw0/test_managed_shim_and_capabili0/skills/build-skill/build
.temp/TASK-260803-21lw4t/worktree/.temp/TASK-260803-21lw4t/pytest-ordinary/popen-gw0/test_manager_identity_binds_ev0/snapshot/build
.temp/TASK-260803-21lw4t/worktree/.temp/TASK-260803-21lw4t/pytest-ordinary/popen-gw0/test_manager_identity_binds_im0/snapshot/build
.temp/TASK-260803-21lw4t/worktree/.temp/TASK-260803-21lw4t/pytest-ordinary/popen-gw0/test_manager_identity_binds_la0/snapshot/build
.temp/TASK-260803-21lw4t/worktree/.temp/TASK-260803-21lw4t/pytest-ordinary/popen-gw0/test_manager_identity_rejects_0/snapshot/build
.temp/TASK-260803-21lw4t/worktree/.temp/TASK-260803-21lw4t/pytest-ordinary/popen-gw0/test_manager_identity_rejects_1/snapshot/build
.temp/TASK-260803-21lw4t/worktree/.temp/TASK-260803-21lw4t/pytest-ordinary/popen-gw0/test_marker_build_boundary_and0/.cocoaskills/cache/build-skill/eb3b96c3e8fa2f93577b755dea40b278904c6130/snapshot/build
.temp/TASK-260803-21lw4t/worktree/.temp/TASK-260803-21lw4t/pytest-ordinary/popen-gw0/test_marker_build_boundary_and0/skills/build-skill/build
.temp/TASK-260803-21lw4t/worktree/.temp/TASK-260803-21lw4t/pytest-ordinary/popen-gw0/test_marker_build_boundary_and1/.cocoaskills/cache/build-skill/8873c85f228d36c4efd83eb3b00fe55b6ad6ff16/snapshot/build
.temp/TASK-260803-21lw4t/worktree/.temp/TASK-260803-21lw4t/pytest-ordinary/popen-gw0/test_marker_build_boundary_and1/skills/build-skill/build
.temp/TASK-260803-21lw4t/worktree/.temp/TASK-260803-21lw4t/pytest-ordinary/popen-gw0/test_marker_receipt_and_artifa0/.cocoaskills/cache/build-skill/8d3f591a811b5e96543d1afe15ec4c7133ca71cc/snapshot/build
.temp/TASK-260803-21lw4t/worktree/.temp/TASK-260803-21lw4t/pytest-ordinary/popen-gw0/test_marker_receipt_and_artifa0/skills/build-skill/build
.temp/TASK-260803-21lw4t/worktree/.temp/TASK-260803-21lw4t/pytest-ordinary/popen-gw0/test_marker_receipt_and_artifa1/.cocoaskills/cache/build-skill/21358dc9076eb013e1f0c1f0489230741e373475/snapshot/build
.temp/TASK-260803-21lw4t/worktree/.temp/TASK-260803-21lw4t/pytest-ordinary/popen-gw0/test_marker_receipt_and_artifa1/skills/build-skill/build
.temp/TASK-260803-21lw4t/worktree/.temp/TASK-260803-21lw4t/pytest-ordinary/popen-gw0/test_marker_receipt_and_artifa2/.cocoaskills/cache/build-skill/570a50e4387c433fa386b879528d57e316a55d8a/snapshot/build
.temp/TASK-260803-21lw4t/worktree/.temp/TASK-260803-21lw4t/pytest-ordinary/popen-gw0/test_marker_receipt_and_artifa2/skills/build-skill/build
.temp/TASK-260803-21lw4t/worktree/.temp/TASK-260803-21lw4t/pytest-ordinary/popen-gw0/test_missing_raw_snapshot_is_n0/skills/build-skill/build
.temp/TASK-260803-21lw4t/worktree/.temp/TASK-260803-21lw4t/pytest-ordinary/popen-gw0/test_missing_untrusted_and_uns0/.cocoaskills/cache/build-skill/dcb583b4165f9127ea6fd74ec60a1ce5db70cf5b/snapshot/build
.temp/TASK-260803-21lw4t/worktree/.temp/TASK-260803-21lw4t/pytest-ordinary/popen-gw0/test_missing_untrusted_and_uns0/skills/build-skill/build
.temp/TASK-260803-21lw4t/worktree/.temp/TASK-260803-21lw4t/pytest-ordinary/popen-gw0/test_native_backend_reports_fr0/.cocoaskills/cache/build-skill/de71201268d6c55177f2591c7595a302b7ba820b/snapshot/build
.temp/TASK-260803-21lw4t/worktree/.temp/TASK-260803-21lw4t/pytest-ordinary/popen-gw0/test_native_backend_reports_fr0/skills/build-skill/build
.temp/TASK-260803-21lw4t/worktree/.temp/TASK-260803-21lw4t/pytest-ordinary/popen-gw0/test_noncanonical_protected_re0/.cocoaskills/cache/build-skill/ccac65061929c044b2e457a12a999835d6730edb/snapshot/build
.temp/TASK-260803-21lw4t/worktree/.temp/TASK-260803-21lw4t/pytest-ordinary/popen-gw0/test_noncanonical_protected_re0/skills/build-skill/build
.temp/TASK-260803-21lw4t/worktree/.temp/TASK-260803-21lw4t/pytest-ordinary/popen-gw0/test_package_graph_rejection_s0/build
.temp/TASK-260803-21lw4t/worktree/.temp/TASK-260803-21lw4t/pytest-ordinary/popen-gw0/test_package_graph_rejection_s1/build
.temp/TASK-260803-21lw4t/worktree/.temp/TASK-260803-21lw4t/pytest-ordinary/popen-gw0/test_package_graph_rejection_s10/build
.temp/TASK-260803-21lw4t/worktree/.temp/TASK-260803-21lw4t/pytest-ordinary/popen-gw0/test_package_graph_rejection_s11/build
.temp/TASK-260803-21lw4t/worktree/.temp/TASK-260803-21lw4t/pytest-ordinary/popen-gw0/test_package_graph_rejection_s12/build
.temp/TASK-260803-21lw4t/worktree/.temp/TASK-260803-21lw4t/pytest-ordinary/popen-gw0/test_package_graph_rejection_s13/build
.temp/TASK-260803-21lw4t/worktree/.temp/TASK-260803-21lw4t/pytest-ordinary/popen-gw0/test_package_graph_rejection_s2/build
.temp/TASK-260803-21lw4t/worktree/.temp/TASK-260803-21lw4t/pytest-ordinary/popen-gw0/test_package_graph_rejection_s3/build
.temp/TASK-260803-21lw4t/worktree/.temp/TASK-260803-21lw4t/pytest-ordinary/popen-gw0/test_package_graph_rejection_s4/build
.temp/TASK-260803-21lw4t/worktree/.temp/TASK-260803-21lw4t/pytest-ordinary/popen-gw0/test_package_graph_rejection_s5/build
.temp/TASK-260803-21lw4t/worktree/.temp/TASK-260803-21lw4t/pytest-ordinary/popen-gw0/test_package_graph_rejection_s6/build
.temp/TASK-260803-21lw4t/worktree/.temp/TASK-260803-21lw4t/pytest-ordinary/popen-gw0/test_package_graph_rejection_s7/build
.temp/TASK-260803-21lw4t/worktree/.temp/TASK-260803-21lw4t/pytest-ordinary/popen-gw0/test_package_graph_rejection_s8/build
.temp/TASK-260803-21lw4t/worktree/.temp/TASK-260803-21lw4t/pytest-ordinary/popen-gw0/test_package_graph_rejection_s9/build
.temp/TASK-260803-21lw4t/worktree/.temp/TASK-260803-21lw4t/pytest-ordinary/popen-gw0/test_poisoned_compiler_environ0/snapshot/build
.temp/TASK-260803-21lw4t/worktree/.temp/TASK-260803-21lw4t/pytest-ordinary/popen-gw0/test_process_executor_rechecks0/snapshot/build
.temp/TASK-260803-21lw4t/worktree/.temp/TASK-260803-21lw4t/pytest-ordinary/popen-gw0/test_project_boundary_reports_0/.cocoaskills/cache/compiled/2d55714501f8af3fce49ebeaf63285b9fe2b801d/snapshot/build
.temp/TASK-260803-21lw4t/worktree/.temp/TASK-260803-21lw4t/pytest-ordinary/popen-gw0/test_project_boundary_reports_0/skills/compiled/build
.temp/TASK-260803-21lw4t/worktree/.temp/TASK-260803-21lw4t/pytest-ordinary/popen-gw0/test_project_build_status_reva0/.cocoaskills/cache/build-skill/6fece9e0bfa984f6d29ece346013adee33703a7e/snapshot/build
.temp/TASK-260803-21lw4t/worktree/.temp/TASK-260803-21lw4t/pytest-ordinary/popen-gw0/test_project_build_status_reva0/skills/build-skill/build
.temp/TASK-260803-21lw4t/worktree/.temp/TASK-260803-21lw4t/pytest-ordinary/popen-gw0/test_publication_failure_leave0/.cocoaskills/cache/compiled/2ef5d7652e53eb2e87405800ad9e53b92b13d77d/snapshot/build
.temp/TASK-260803-21lw4t/worktree/.temp/TASK-260803-21lw4t/pytest-ordinary/popen-gw0/test_publication_failure_leave0/skills/compiled/build
.temp/TASK-260803-21lw4t/worktree/.temp/TASK-260803-21lw4t/pytest-ordinary/popen-gw0/test_real_builds_run_provider_0/.cocoaskills/cache/consumer/67c1f05fa981cedb360b9cadcf0a2ea13ff94c53/snapshot/build
.temp/TASK-260803-21lw4t/worktree/.temp/TASK-260803-21lw4t/pytest-ordinary/popen-gw0/test_real_builds_run_provider_0/.cocoaskills/cache/provider/d59a08ac32071b4eb430eb4d5bae0de6d2ae6513/snapshot/build
.temp/TASK-260803-21lw4t/worktree/.temp/TASK-260803-21lw4t/pytest-ordinary/popen-gw0/test_real_builds_run_provider_0/skills/consumer/build
.temp/TASK-260803-21lw4t/worktree/.temp/TASK-260803-21lw4t/pytest-ordinary/popen-gw0/test_real_builds_run_provider_0/skills/provider/build
.temp/TASK-260803-21lw4t/worktree/.temp/TASK-260803-21lw4t/pytest-ordinary/popen-gw0/test_runtime_archive_and_slot_0/worker/snapshot/build
.temp/TASK-260803-21lw4t/worktree/.temp/TASK-260803-21lw4t/pytest-ordinary/popen-gw0/test_runtime_build_root_exposu0/.cocoaskills/cache/build-skill/cea6baa65e9a128dbc4081bcaf02480f4e6b902e/snapshot/build
.temp/TASK-260803-21lw4t/worktree/.temp/TASK-260803-21lw4t/pytest-ordinary/popen-gw0/test_runtime_build_root_exposu0/.cocoaskills/runtime/build-skill/cea6baa65e9a128dbc4081bcaf02480f4e6b902e/build
.temp/TASK-260803-21lw4t/worktree/.temp/TASK-260803-21lw4t/pytest-ordinary/popen-gw0/test_runtime_build_root_exposu0/skills/build-skill/build
.temp/TASK-260803-21lw4t/worktree/.temp/TASK-260803-21lw4t/pytest-ordinary/popen-gw0/test_teardown_failure_cannot_m0/snapshot/build
.temp/TASK-260803-21lw4t/worktree/.temp/TASK-260803-21lw4t/pytest-ordinary/popen-gw0/test_two_projects_share_verifi0/.cocoaskills/cache/compiled/62321541ed49a62f615e279ecc5394ec15516efc/snapshot/build
.temp/TASK-260803-21lw4t/worktree/.temp/TASK-260803-21lw4t/pytest-ordinary/popen-gw0/test_two_projects_share_verifi0/skills/compiled/build
.temp/TASK-260803-21lw4t/worktree/.temp/TASK-260803-21lw4t/pytest-ordinary/popen-gw0/test_valid_complete_package_gr0/build
.temp/TASK-260803-21lw4t/worktree/.temp/TASK-260803-21lw4t/pytest-ordinary/popen-gw0/test_vendored_assembly_excepti0/build
.temp/TASK-260803-21lw4t/worktree/.temp/TASK-260803-21lw4t/pytest-ordinary/popen-gw0/test_vendored_assembly_excepti1/build
.temp/TASK-260803-21lw4t/worktree/.temp/TASK-260803-21lw4t/pytest-ordinary/popen-gw0/test_vendored_assembly_excepti2/build
.temp/TASK-260803-21lw4t/worktree/.temp/TASK-260803-21lw4t/pytest-ordinary/popen-gw0/test_vendored_assembly_excepti3/build
.temp/TASK-260803-21lw4t/worktree/.temp/TASK-260803-21lw4t/pytest-ordinary/popen-gw0/test_vendored_pure_go_assembly0/build
.temp/TASK-260803-21lw4t/worktree/.temp/TASK-260803-21lw4t/pytest-ordinary/popen-gw0/test_windows_venv_runtime_layo0/permitted-worker/snapshot/build
.temp/TASK-260803-21lw4t/worktree/.temp/TASK-260803-21lw4t/pytest-ordinary/popen-gw0/test_windows_venv_runtime_layo0/worker/snapshot/build
.temp/TASK-260803-21lw4t/worktree/.temp/TASK-260803-21lw4t/pytest-ordinary/popen-gw0/test_windows_worker_bootstrap_0/snapshot/build
.temp/TASK-260803-21lw4t/worktree/.temp/TASK-260803-21lw4t/pytest-ordinary/popen-gw0/test_worker_bootstrap_uses_one0/snapshot/build
.temp/TASK-260803-21lw4t/worktree/.temp/TASK-260803-21lw4t/pytest-ordinary/popen-gw0/test_worker_environment_matche0/snapshot/build
.temp/TASK-260803-21lw4t/worktree/.temp/TASK-260803-21lw4t/pytest-ordinary/popen-gw0/test_worker_issues_exactly_one0/snapshot/build
.temp/TASK-260803-21lw4t/worktree/.temp/TASK-260803-21lw4t/pytest-ordinary/popen-gw0/test_worker_rejects_a_site_ena0/snapshot/build
.temp/TASK-260803-21lw4t/worktree/.temp/TASK-260803-21lw4t/pytest-ordinary/popen-gw0/test_worker_rejects_first_requ0/snapshot/build
.temp/TASK-260803-21lw4t/worktree/.temp/TASK-260803-21lw4t/pytest-ordinary/popen-gw0/test_worker_reverifies_manager0/snapshot/build
.temp/TASK-260803-21lw4t/worktree/.temp/TASK-260803-21lw4t/pytest-ordinary/popen-gw0/test_worker_runtime_proof_acce0/snapshot/build
.temp/TASK-260803-21lw4t/worktree/.temp/TASK-260803-21lw4t/pytest-ordinary/popen-gw0/test_worker_runtime_proof_reje0/snapshot/build
.temp/TASK-260803-21lw4t/worktree/.temp/TASK-260803-21lw4t/pytest-ordinary/popen-gw0/test_worker_runtime_proof_reje1/snapshot/build
.temp/TASK-260803-21lw4t/worktree/.temp/TASK-260803-21lw4t/pytest-ordinary/popen-gw0/test_worker_runtime_proof_reje10/snapshot/build
.temp/TASK-260803-21lw4t/worktree/.temp/TASK-260803-21lw4t/pytest-ordinary/popen-gw0/test_worker_runtime_proof_reje11/snapshot/build
.temp/TASK-260803-21lw4t/worktree/.temp/TASK-260803-21lw4t/pytest-ordinary/popen-gw0/test_worker_runtime_proof_reje12/snapshot/build
.temp/TASK-260803-21lw4t/worktree/.temp/TASK-260803-21lw4t/pytest-ordinary/popen-gw0/test_worker_runtime_proof_reje13/snapshot/build
.temp/TASK-260803-21lw4t/worktree/.temp/TASK-260803-21lw4t/pytest-ordinary/popen-gw0/test_worker_runtime_proof_reje14/snapshot/build
.temp/TASK-260803-21lw4t/worktree/.temp/TASK-260803-21lw4t/pytest-ordinary/popen-gw0/test_worker_runtime_proof_reje2/snapshot/build
.temp/TASK-260803-21lw4t/worktree/.temp/TASK-260803-21lw4t/pytest-ordinary/popen-gw0/test_worker_runtime_proof_reje3/snapshot/build
.temp/TASK-260803-21lw4t/worktree/.temp/TASK-260803-21lw4t/pytest-ordinary/popen-gw0/test_worker_runtime_proof_reje4/snapshot/build
.temp/TASK-260803-21lw4t/worktree/.temp/TASK-260803-21lw4t/pytest-ordinary/popen-gw0/test_worker_runtime_proof_reje5/snapshot/build
.temp/TASK-260803-21lw4t/worktree/.temp/TASK-260803-21lw4t/pytest-ordinary/popen-gw0/test_worker_runtime_proof_reje6/snapshot/build
.temp/TASK-260803-21lw4t/worktree/.temp/TASK-260803-21lw4t/pytest-ordinary/popen-gw0/test_worker_runtime_proof_reje7/snapshot/build
.temp/TASK-260803-21lw4t/worktree/.temp/TASK-260803-21lw4t/pytest-ordinary/popen-gw0/test_worker_runtime_proof_reje8/snapshot/build
.temp/TASK-260803-21lw4t/worktree/.temp/TASK-260803-21lw4t/pytest-ordinary/popen-gw0/test_worker_runtime_proof_reje9/snapshot/build
.temp/TASK-260803-21lw4t/worktree/.temp/TASK-260803-21lw4t/pytest-ordinary/popen-gw1/test_build_planning_runs_only_0/skills/skill-build/build
.temp/TASK-260803-21lw4t/worktree/.temp/TASK-260803-21lw4t/pytest-ordinary/popen-gw1/test_compiled_dry_run_preserve0/skills/skill-build/build
.temp/TASK-260803-21lw4t/worktree/.temp/TASK-260803-21lw4t/pytest-ordinary/popen-gw1/test_equal_dual_schema_v6_mani0/build
.temp/TASK-260803-21lw4t/worktree/.temp/TASK-260803-21lw4t/pytest-ordinary/popen-gw1/test_project_dry_run_missing_g0/skills/skill-build/build
.temp/TASK-260803-21lw4t/worktree/.temp/TASK-260803-21lw4t/pytest-ordinary/popen-gw1/test_real_install_requires_bui0/.cocoaskills/cache/skill-build/c3d33582772f53f90c256a397cce6b07cc0bfc69/snapshot/build
.temp/TASK-260803-21lw4t/worktree/.temp/TASK-260803-21lw4t/pytest-ordinary/popen-gw1/test_real_install_requires_bui0/skills/skill-build/build
.temp/TASK-260803-21lw4t/worktree/.temp/TASK-260803-21lw4t/pytest-ordinary/popen-gw1/test_schema_v6_allows_source_d0/build
.temp/TASK-260803-21lw4t/worktree/.temp/TASK-260803-21lw4t/pytest-ordinary/popen-gw1/test_schema_v6_build_command_h0/build
.temp/TASK-260803-21lw4t/worktree/.temp/TASK-260803-21lw4t/pytest-ordinary/popen-gw1/test_schema_v6_build_command_h1/build
.temp/TASK-260803-21lw4t/worktree/.temp/TASK-260803-21lw4t/pytest-ordinary/popen-gw1/test_schema_v6_build_command_h10/build
.temp/TASK-260803-21lw4t/worktree/.temp/TASK-260803-21lw4t/pytest-ordinary/popen-gw1/test_schema_v6_build_command_h11/build
.temp/TASK-260803-21lw4t/worktree/.temp/TASK-260803-21lw4t/pytest-ordinary/popen-gw1/test_schema_v6_build_command_h12/build
.temp/TASK-260803-21lw4t/worktree/.temp/TASK-260803-21lw4t/pytest-ordinary/popen-gw1/test_schema_v6_build_command_h13/build
.temp/TASK-260803-21lw4t/worktree/.temp/TASK-260803-21lw4t/pytest-ordinary/popen-gw1/test_schema_v6_build_command_h14/build
.temp/TASK-260803-21lw4t/worktree/.temp/TASK-260803-21lw4t/pytest-ordinary/popen-gw1/test_schema_v6_build_command_h2/build
.temp/TASK-260803-21lw4t/worktree/.temp/TASK-260803-21lw4t/pytest-ordinary/popen-gw1/test_schema_v6_build_command_h3/build
.temp/TASK-260803-21lw4t/worktree/.temp/TASK-260803-21lw4t/pytest-ordinary/popen-gw1/test_schema_v6_build_command_h4/build
.temp/TASK-260803-21lw4t/worktree/.temp/TASK-260803-21lw4t/pytest-ordinary/popen-gw1/test_schema_v6_build_command_h5/build
.temp/TASK-260803-21lw4t/worktree/.temp/TASK-260803-21lw4t/pytest-ordinary/popen-gw1/test_schema_v6_build_command_h6/build
.temp/TASK-260803-21lw4t/worktree/.temp/TASK-260803-21lw4t/pytest-ordinary/popen-gw1/test_schema_v6_build_command_h7/build
.temp/TASK-260803-21lw4t/worktree/.temp/TASK-260803-21lw4t/pytest-ordinary/popen-gw1/test_schema_v6_build_command_h8/build
.temp/TASK-260803-21lw4t/worktree/.temp/TASK-260803-21lw4t/pytest-ordinary/popen-gw1/test_schema_v6_build_command_h9/build
.temp/TASK-260803-21lw4t/worktree/.temp/TASK-260803-21lw4t/pytest-ordinary/popen-gw1/test_schema_v6_build_command_r0/build
.temp/TASK-260803-21lw4t/worktree/.temp/TASK-260803-21lw4t/pytest-ordinary/popen-gw1/test_schema_v6_build_diagnosti0/build
.temp/TASK-260803-21lw4t/worktree/.temp/TASK-260803-21lw4t/pytest-ordinary/popen-gw1/test_schema_v6_build_roots_do_0/build
.temp/TASK-260803-21lw4t/worktree/.temp/TASK-260803-21lw4t/pytest-ordinary/popen-gw1/test_schema_v6_build_roots_do_1/build
.temp/TASK-260803-21lw4t/worktree/.temp/TASK-260803-21lw4t/pytest-ordinary/popen-gw1/test_schema_v6_build_roots_do_2/runtime/build
.temp/TASK-260803-21lw4t/worktree/.temp/TASK-260803-21lw4t/pytest-ordinary/popen-gw1/test_schema_v6_parses_mixed_co0/build
.temp/TASK-260803-21lw4t/worktree/.temp/TASK-260803-21lw4t/pytest-ordinary/popen-gw1/test_schema_v6_parses_mixed_co1/build
.temp/TASK-260803-21lw4t/worktree/.temp/TASK-260803-21lw4t/pytest-ordinary/popen-gw1/test_schema_v6_rejects_invalid10/build
.temp/TASK-260803-21lw4t/worktree/.temp/TASK-260803-21lw4t/pytest-ordinary/popen-gw1/test_schema_v6_rejects_invalid11/build
.temp/TASK-260803-21lw4t/worktree/.temp/TASK-260803-21lw4t/pytest-ordinary/popen-gw1/test_schema_v6_rejects_invalid12/build
.temp/TASK-260803-21lw4t/worktree/.temp/TASK-260803-21lw4t/pytest-ordinary/popen-gw1/test_schema_v6_rejects_invalid13/build
.temp/TASK-260803-21lw4t/worktree/.temp/TASK-260803-21lw4t/pytest-ordinary/popen-gw1/test_schema_v6_rejects_invalid14/build
.temp/TASK-260803-21lw4t/worktree/.temp/TASK-260803-21lw4t/pytest-ordinary/popen-gw1/test_schema_v6_rejects_invalid15/build
.temp/TASK-260803-21lw4t/worktree/.temp/TASK-260803-21lw4t/pytest-ordinary/popen-gw1/test_schema_v6_rejects_invalid8/build
.temp/TASK-260803-21lw4t/worktree/.temp/TASK-260803-21lw4t/pytest-ordinary/popen-gw1/test_schema_v6_rejects_invalid9/build
.temp/TASK-260803-21lw4t/worktree/.temp/TASK-260803-21lw4t/pytest-ordinary/popen-gw1/test_schema_v6_rejects_linked_1/real-parent/build
.temp/TASK-260803-21lw4t/worktree/.temp/TASK-260803-21lw4t/pytest-ordinary/popen-gw1/test_schema_v6_rejects_linked_2/build
.temp/TASK-260803-21lw4t/worktree/.temp/TASK-260803-21lw4t/pytest-ordinary/popen-gw1/test_schema_v6_rejects_linked_3/build
.temp/TASK-260803-21lw4t/worktree/.temp/TASK-260803-21lw4t/pytest-ordinary/popen-gw1/test_schema_v6_rejects_non_reg0/build
.temp/TASK-260803-21lw4t/worktree/.temp/TASK-260803-21lw4t/pytest-ordinary/popen-gw1/test_schema_v6_rejects_reserve0/build
.temp/TASK-260803-21lw4t/worktree/.temp/TASK-260803-21lw4t/pytest-ordinary/popen-gw1/test_schema_v6_rejects_reserve1/build
.temp/TASK-260803-21lw4t/worktree/.temp/TASK-260803-21lw4t/pytest-ordinary/popen-gw1/test_schema_v6_rejects_reserve2/build
.temp/TASK-260803-21lw4t/worktree/.temp/TASK-260803-21lw4t/pytest-ordinary/popen-gw1/test_schema_v6_rejects_reserve3/build
.temp/TASK-260803-21lw4t/worktree/.temp/TASK-260803-21lw4t/pytest-ordinary/popen-gw1/test_schema_v6_rejects_reserve4/build
.temp/TASK-260803-21lw4t/worktree/.temp/TASK-260803-21lw4t/pytest-ordinary/popen-gw1/test_schema_v6_rejects_reserve5/build
.temp/TASK-260803-21lw4t/worktree/.temp/TASK-260803-21lw4t/pytest-ordinary/popen-gw1/test_schema_v6_rejects_reserve6/build
.temp/TASK-260803-21lw4t/worktree/.temp/TASK-260803-21lw4t/pytest-ordinary/popen-gw1/test_schema_v6_rejects_reserve7/build
.temp/TASK-260803-21lw4t/worktree/.temp/TASK-260803-21lw4t/pytest-ordinary/popen-gw1/test_schema_v6_requires_every_0/build
.temp/TASK-260803-21lw4t/worktree/.temp/TASK-260803-21lw4t/pytest-ordinary/popen-gw1/test_transaction_recovery_wait0/.cocoaskills/cache/compiled/00d42836ea3cac07dffe620a99f00531d7b95693/snapshot/build
.temp/TASK-260803-21lw4t/worktree/.temp/TASK-260803-21lw4t/pytest-ordinary/popen-gw1/test_transaction_recovery_wait0/skills/compiled/build
.temp/TASK-260803-21lw4t/worktree/.temp/TASK-260803-21lw4t/pytest-ordinary/popen-gw2/test_global_boundary_reports_t0/.cocoaskills/cache/compiled/a257fead0649dced13899e743fa37f465fd47dda/snapshot/build
.temp/TASK-260803-21lw4t/worktree/.temp/TASK-260803-21lw4t/pytest-ordinary/popen-gw2/test_global_boundary_reports_t0/skills/compiled/build
.temp/TASK-260803-21lw4t/worktree/.temp/TASK-260803-21lw4t/pytest-ordinary/popen-gw2/test_global_build_or_publicati0/.cocoaskills/cache/compiled/377967835c59a70649ca7528754f89a67b72ef56/snapshot/build
.temp/TASK-260803-21lw4t/worktree/.temp/TASK-260803-21lw4t/pytest-ordinary/popen-gw2/test_global_build_or_publicati0/.cocoaskills/cache/compiled/b130342140831a4f2d8f0df6d29a24785dec3445/snapshot/build
.temp/TASK-260803-21lw4t/worktree/.temp/TASK-260803-21lw4t/pytest-ordinary/popen-gw2/test_global_build_or_publicati0/skills/compiled/build
.temp/TASK-260803-21lw4t/worktree/.temp/TASK-260803-21lw4t/pytest-ordinary/popen-gw2/test_global_build_or_publicati1/.cocoaskills/cache/compiled/7d3e8dbff7d26bda460a9c326dd4362fd1686070/snapshot/build
.temp/TASK-260803-21lw4t/worktree/.temp/TASK-260803-21lw4t/pytest-ordinary/popen-gw2/test_global_build_or_publicati1/.cocoaskills/cache/compiled/88a2029a6763e25a53f7b0e5ea0090fac3d36287/snapshot/build
.temp/TASK-260803-21lw4t/worktree/.temp/TASK-260803-21lw4t/pytest-ordinary/popen-gw2/test_global_build_or_publicati1/skills/compiled/build
.temp/TASK-260803-21lw4t/worktree/.temp/TASK-260803-21lw4t/pytest-ordinary/popen-gw2/test_global_builds_publish_mar0/.cocoaskills/cache/consumer/be61d5c9dc2a867d188b00cd7fd08bc370dc7b69/snapshot/build
.temp/TASK-260803-21lw4t/worktree/.temp/TASK-260803-21lw4t/pytest-ordinary/popen-gw2/test_global_builds_publish_mar0/.cocoaskills/cache/provider/2e887ae611db9fd80e0353ee5009295f94a890df/snapshot/build
.temp/TASK-260803-21lw4t/worktree/.temp/TASK-260803-21lw4t/pytest-ordinary/popen-gw2/test_global_builds_publish_mar0/skills/consumer/build
.temp/TASK-260803-21lw4t/worktree/.temp/TASK-260803-21lw4t/pytest-ordinary/popen-gw2/test_global_builds_publish_mar0/skills/provider/build
.temp/TASK-260803-21lw4t/worktree/.temp/TASK-260803-21lw4t/pytest-ordinary/popen-gw2/test_verify_dist_generates_and0/dist
.temp/TASK-260803-21lw4t/worktree/.temp/TASK-260803-21lw4t/pytest-ordinary/popen-gw2/test_verify_dist_rejects_extra0/dist
.temp/TASK-260803-21lw4t/worktree/.temp/TASK-260803-21lw4t/pytest-ordinary/popen-gw2/test_verify_dist_rejects_tag_m0/dist
.temp/TASK-260803-21lw4t/worktree/.temp/TASK-260803-21lw4t/pytest-ordinary/popen-gw3/test_active_journal_with_no_re0/.cocoaskills/cache/build-skill/fec7333a4bcf7f7fd974e4d3ef34f0e6a76063df/snapshot/build
.temp/TASK-260803-21lw4t/worktree/.temp/TASK-260803-21lw4t/pytest-ordinary/popen-gw3/test_active_journal_with_no_re0/skills/build-skill/build
.temp/TASK-260803-21lw4t/worktree/.temp/TASK-260803-21lw4t/pytest-ordinary/popen-gw3/test_active_transaction_journa0/.cocoaskills/cache/build-skill/c1a49ce071b5d01555683403684790705e3a2379/snapshot/build
.temp/TASK-260803-21lw4t/worktree/.temp/TASK-260803-21lw4t/pytest-ordinary/popen-gw3/test_active_transaction_journa0/skills/build-skill/build
.temp/TASK-260803-21lw4t/worktree/.temp/TASK-260803-21lw4t/pytest-ordinary/popen-gw3/test_build_gc_marks_project_ma0/skills/build-skill/build
.temp/TASK-260803-21lw4t/worktree/.temp/TASK-260803-21lw4t/pytest-ordinary/popen-gw3/test_build_gc_marks_project_ma0/young-skills/build-skill/build
.temp/TASK-260803-21lw4t/worktree/.temp/TASK-260803-21lw4t/pytest-ordinary/popen-gw3/test_build_gc_marks_valid_glob0/.cocoaskills/cache/build-skill/c6a4adddbcbe845ae90b26ade5a65de49be2e431/snapshot/build
.temp/TASK-260803-21lw4t/worktree/.temp/TASK-260803-21lw4t/pytest-ordinary/popen-gw3/test_build_gc_marks_valid_glob0/skills/build-skill/build
.temp/TASK-260803-21lw4t/worktree/.temp/TASK-260803-21lw4t/pytest-ordinary/popen-gw3/test_build_gc_marks_valid_glob1/.cocoaskills/cache/build-skill/14655be6b25b797a638696d4bdf5236211c62196/snapshot/build
.temp/TASK-260803-21lw4t/worktree/.temp/TASK-260803-21lw4t/pytest-ordinary/popen-gw3/test_build_gc_marks_valid_glob1/skills/build-skill/build
.temp/TASK-260803-21lw4t/worktree/.temp/TASK-260803-21lw4t/pytest-ordinary/popen-gw3/test_corrupt_consumer_registry0/.cocoaskills/cache/build-skill/86d5650d4a194991a7f5ca3cf2a4a49733d8eae2/snapshot/build
.temp/TASK-260803-21lw4t/worktree/.temp/TASK-260803-21lw4t/pytest-ordinary/popen-gw3/test_corrupt_consumer_registry0/skills/build-skill/build
.temp/TASK-260803-21lw4t/worktree/.temp/TASK-260803-21lw4t/pytest-ordinary/popen-gw3/test_corrupt_journal_or_marker0/.cocoaskills/cache/build-skill/cb5a1846253ec11110e6ae6f49bf10df7fe7b0bf/snapshot/build
.temp/TASK-260803-21lw4t/worktree/.temp/TASK-260803-21lw4t/pytest-ordinary/popen-gw3/test_corrupt_journal_or_marker0/skills/build-skill/build
.temp/TASK-260803-21lw4t/worktree/.temp/TASK-260803-21lw4t/pytest-ordinary/popen-gw3/test_each_lock_class_recanonic2/build
.temp/TASK-260803-21lw4t/worktree/.temp/TASK-260803-21lw4t/pytest-ordinary/popen-gw3/test_global_build_planning_mer0/skills/consumer-a/build
.temp/TASK-260803-21lw4t/worktree/.temp/TASK-260803-21lw4t/pytest-ordinary/popen-gw3/test_global_build_planning_mer0/skills/consumer-b/build
.temp/TASK-260803-21lw4t/worktree/.temp/TASK-260803-21lw4t/pytest-ordinary/popen-gw3/test_global_build_planning_mer0/skills/provider/build
.temp/TASK-260803-21lw4t/worktree/.temp/TASK-260803-21lw4t/pytest-ordinary/popen-gw3/test_global_build_planning_run0/skills/skill-build/build
.temp/TASK-260803-21lw4t/worktree/.temp/TASK-260803-21lw4t/pytest-ordinary/popen-gw3/test_global_dry_run_missing_go0/skills/skill-build/build
.temp/TASK-260803-21lw4t/worktree/.temp/TASK-260803-21lw4t/pytest-ordinary/popen-gw3/test_global_install_stops_befo0/.cocoaskills/cache/skill-build/220c68534f9e938a14814e1e35a8f925a5d96946/snapshot/build
.temp/TASK-260803-21lw4t/worktree/.temp/TASK-260803-21lw4t/pytest-ordinary/popen-gw3/test_global_install_stops_befo0/skills/skill-build/build
.temp/TASK-260803-21lw4t/worktree/.temp/TASK-260803-21lw4t/pytest-ordinary/popen-gw3/test_global_real_install_requi0/.cocoaskills/cache/skill-build/566c19081152d32fdbb8c47dce73c9efe6db2937/snapshot/build
.temp/TASK-260803-21lw4t/worktree/.temp/TASK-260803-21lw4t/pytest-ordinary/popen-gw3/test_global_real_install_requi0/skills/skill-build/build
.temp/TASK-260803-21lw4t/worktree/.temp/TASK-260803-21lw4t/pytest-ordinary/popen-gw3/test_global_real_install_runs_0/.cocoaskills/cache/skill-build/07631f013437f5e9ffcd341d737e28a70f74453c/snapshot/build
.temp/TASK-260803-21lw4t/worktree/.temp/TASK-260803-21lw4t/pytest-ordinary/popen-gw3/test_global_real_install_runs_0/skills/skill-build/build
.temp/TASK-260803-21lw4t/worktree/.temp/TASK-260803-21lw4t/pytest-ordinary/popen-gw3/test_journal_filesystem_error_0/.cocoaskills/cache/build-skill/80e2ef5bd0f06992ba04a9c85fc8e350d5a5b49b/snapshot/build
.temp/TASK-260803-21lw4t/worktree/.temp/TASK-260803-21lw4t/pytest-ordinary/popen-gw3/test_journal_filesystem_error_0/skills/build-skill/build
.temp/TASK-260803-21lw4t/worktree/.temp/TASK-260803-21lw4t/pytest-ordinary/popen-gw3/test_journal_generation_change0/.cocoaskills/cache/build-skill/db768d6dd6f3cc36e233882362348b6f42eb0b09/snapshot/build
.temp/TASK-260803-21lw4t/worktree/.temp/TASK-260803-21lw4t/pytest-ordinary/popen-gw3/test_journal_generation_change0/skills/build-skill/build
.temp/TASK-260803-21lw4t/worktree/.temp/TASK-260803-21lw4t/pytest-ordinary/popen-gw3/test_schema_v7_preserves_local0/build
.temp/TASK-260803-21lw4t/worktree/.temp/TASK-260803-21lw4t/pytest-ordinary/popen-gw3/test_unreferenced_corrupt_prot0/skills/build-skill/build
.temp/TASK-260803-21lw4t/worktree/.temp/TASK-260803-21lw4t/pytest-ordinary/popen-gw3/test_valid_journal_target_cann0/.cocoaskills/cache/build-skill/35024e84f9e077108cb527cc033f59ce184a4daf/snapshot/build
.temp/TASK-260803-21lw4t/worktree/.temp/TASK-260803-21lw4t/pytest-ordinary/popen-gw3/test_valid_journal_target_cann0/skills/build-skill/build
.temp/TASK-260803-21lw4t/worktree/.temp/TASK-260803-21lw4t/source-clean/.github/scripts/__pycache__
.temp/TASK-260803-21lw4t/worktree/.temp/TASK-260803-21lw4t/source-clean/.mypy_cache
.temp/TASK-260803-21lw4t/worktree/.temp/TASK-260803-21lw4t/source-clean/.pytest_cache
.temp/TASK-260803-21lw4t/worktree/.temp/TASK-260803-21lw4t/source-clean/.research/__pycache__
.temp/TASK-260803-21lw4t/worktree/.temp/TASK-260803-21lw4t/source-clean/build
.temp/TASK-260803-21lw4t/worktree/.temp/TASK-260803-21lw4t/source-clean/src/csk/__pycache__
.temp/TASK-260803-21lw4t/worktree/.temp/TASK-260803-21lw4t/source-clean/src/csk/audit/__pycache__
.temp/TASK-260803-21lw4t/worktree/.temp/TASK-260803-21lw4t/source-clean/src/csk/audit/backends/__pycache__
.temp/TASK-260803-21lw4t/worktree/.temp/TASK-260803-21lw4t/source-clean/src/csk/builds/__pycache__
.temp/TASK-260803-21lw4t/worktree/.temp/TASK-260803-21lw4t/source-clean/tests/__pycache__
.temp/TASK-260803-21lw4t/worktree/.temp/TASK-260803-21lw4t/source-clean/tests/fixtures/skill_go_e2e/build
.temp/TASK-260803-21lw4t/worktree/.temp/TASK-260803-2ol7ok/basetemp-p00-contract-and-registry/test_rc6_build_driver_positive2/build
.temp/TASK-260803-21lw4t/worktree/.temp/TASK-260803-2ol7ok/basetemp-p00-contract-and-registry/test_rc6_build_driver_positive4/source/build
.temp/TASK-260803-21lw4t/worktree/.temp/TASK-260803-2ol7ok/basetemp-p00-contract-and-registry/test_rc6_build_driver_rejectio0/skill-schema-5-build-command/build
.temp/TASK-260803-21lw4t/worktree/.temp/TASK-260803-2ol7ok/basetemp-p00-contract-and-registry/test_rc6_build_driver_rejectio1/skill-unknown-driver/build
.temp/TASK-260803-21lw4t/worktree/.temp/TASK-260803-2ol7ok/basetemp-p00-contract-and-registry/test_rc6_build_driver_rejectio10/skill-unused-build-root/build
.temp/TASK-260803-21lw4t/worktree/.temp/TASK-260803-2ol7ok/basetemp-p00-contract-and-registry/test_rc6_build_driver_rejectio11/skill-overlapping-build-roots/build
.temp/TASK-260803-21lw4t/worktree/.temp/TASK-260803-2ol7ok/basetemp-p00-contract-and-registry/test_rc6_build_driver_rejectio12/skill-runtime-overlapping-build-root/build
.temp/TASK-260803-21lw4t/worktree/.temp/TASK-260803-2ol7ok/basetemp-p00-contract-and-registry/test_rc6_build_driver_rejectio13/skill-root-build-root/build
.temp/TASK-260803-21lw4t/worktree/.temp/TASK-260803-2ol7ok/basetemp-p00-contract-and-registry/test_rc6_build_driver_rejectio152/artifact_executed/skill-schema-5-build-command/build
.temp/TASK-260803-21lw4t/worktree/.temp/TASK-260803-2ol7ok/basetemp-p00-contract-and-registry/test_rc6_build_driver_rejectio152/error/skill-schema-5-build-command/build
.temp/TASK-260803-21lw4t/worktree/.temp/TASK-260803-2ol7ok/basetemp-p00-contract-and-registry/test_rc6_build_driver_rejectio152/result/skill-schema-5-build-command/build
.temp/TASK-260803-21lw4t/worktree/.temp/TASK-260803-2ol7ok/basetemp-p00-contract-and-registry/test_rc6_build_driver_rejectio152/reuse/skill-schema-5-build-command/build
.temp/TASK-260803-21lw4t/worktree/.temp/TASK-260803-2ol7ok/basetemp-p00-contract-and-registry/test_rc6_build_driver_rejectio153/artifact_executed/skill-unknown-driver/build
.temp/TASK-260803-21lw4t/worktree/.temp/TASK-260803-2ol7ok/basetemp-p00-contract-and-registry/test_rc6_build_driver_rejectio153/error/skill-unknown-driver/build
.temp/TASK-260803-21lw4t/worktree/.temp/TASK-260803-2ol7ok/basetemp-p00-contract-and-registry/test_rc6_build_driver_rejectio153/result/skill-unknown-driver/build
.temp/TASK-260803-21lw4t/worktree/.temp/TASK-260803-2ol7ok/basetemp-p00-contract-and-registry/test_rc6_build_driver_rejectio153/reuse/skill-unknown-driver/build
.temp/TASK-260803-21lw4t/worktree/.temp/TASK-260803-2ol7ok/basetemp-p00-contract-and-registry/test_rc6_build_driver_rejectio154/artifact_executed/skill-forbidden-args/build
.temp/TASK-260803-21lw4t/worktree/.temp/TASK-260803-2ol7ok/basetemp-p00-contract-and-registry/test_rc6_build_driver_rejectio154/error/skill-forbidden-args/build
.temp/TASK-260803-21lw4t/worktree/.temp/TASK-260803-2ol7ok/basetemp-p00-contract-and-registry/test_rc6_build_driver_rejectio154/result/skill-forbidden-args/build
.temp/TASK-260803-21lw4t/worktree/.temp/TASK-260803-2ol7ok/basetemp-p00-contract-and-registry/test_rc6_build_driver_rejectio154/reuse/skill-forbidden-args/build
.temp/TASK-260803-21lw4t/worktree/.temp/TASK-260803-2ol7ok/basetemp-p00-contract-and-registry/test_rc6_build_driver_rejectio155/artifact_executed/skill-forbidden-env/build
.temp/TASK-260803-21lw4t/worktree/.temp/TASK-260803-2ol7ok/basetemp-p00-contract-and-registry/test_rc6_build_driver_rejectio155/error/skill-forbidden-env/build
.temp/TASK-260803-21lw4t/worktree/.temp/TASK-260803-2ol7ok/basetemp-p00-contract-and-registry/test_rc6_build_driver_rejectio155/result/skill-forbidden-env/build
.temp/TASK-260803-21lw4t/worktree/.temp/TASK-260803-2ol7ok/basetemp-p00-contract-and-registry/test_rc6_build_driver_rejectio155/reuse/skill-forbidden-env/build
.temp/TASK-260803-21lw4t/worktree/.temp/TASK-260803-2ol7ok/basetemp-p00-contract-and-registry/test_rc6_build_driver_rejectio156/artifact_executed/skill-forbidden-output/build
.temp/TASK-260803-21lw4t/worktree/.temp/TASK-260803-2ol7ok/basetemp-p00-contract-and-registry/test_rc6_build_driver_rejectio156/error/skill-forbidden-output/build
.temp/TASK-260803-21lw4t/worktree/.temp/TASK-260803-2ol7ok/basetemp-p00-contract-and-registry/test_rc6_build_driver_rejectio156/result/skill-forbidden-output/build
.temp/TASK-260803-21lw4t/worktree/.temp/TASK-260803-2ol7ok/basetemp-p00-contract-and-registry/test_rc6_build_driver_rejectio156/reuse/skill-forbidden-output/build
.temp/TASK-260803-21lw4t/worktree/.temp/TASK-260803-2ol7ok/basetemp-p00-contract-and-registry/test_rc6_build_driver_rejectio157/artifact_executed/skill-forbidden-toolchain/build
.temp/TASK-260803-21lw4t/worktree/.temp/TASK-260803-2ol7ok/basetemp-p00-contract-and-registry/test_rc6_build_driver_rejectio157/error/skill-forbidden-toolchain/build
.temp/TASK-260803-21lw4t/worktree/.temp/TASK-260803-2ol7ok/basetemp-p00-contract-and-registry/test_rc6_build_driver_rejectio157/result/skill-forbidden-toolchain/build
.temp/TASK-260803-21lw4t/worktree/.temp/TASK-260803-2ol7ok/basetemp-p00-contract-and-registry/test_rc6_build_driver_rejectio157/reuse/skill-forbidden-toolchain/build
.temp/TASK-260803-21lw4t/worktree/.temp/TASK-260803-2ol7ok/basetemp-p00-contract-and-registry/test_rc6_build_driver_rejectio158/artifact_executed/skill-forbidden-hooks/build
.temp/TASK-260803-21lw4t/worktree/.temp/TASK-260803-2ol7ok/basetemp-p00-contract-and-registry/test_rc6_build_driver_rejectio158/error/skill-forbidden-hooks/build
.temp/TASK-260803-21lw4t/worktree/.temp/TASK-260803-2ol7ok/basetemp-p00-contract-and-registry/test_rc6_build_driver_rejectio158/result/skill-forbidden-hooks/build
.temp/TASK-260803-21lw4t/worktree/.temp/TASK-260803-2ol7ok/basetemp-p00-contract-and-registry/test_rc6_build_driver_rejectio158/reuse/skill-forbidden-hooks/build
.temp/TASK-260803-21lw4t/worktree/.temp/TASK-260803-2ol7ok/basetemp-p00-contract-and-registry/test_rc6_build_driver_rejectio159/artifact_executed/skill-mixed-script-build-shape/build
.temp/TASK-260803-21lw4t/worktree/.temp/TASK-260803-2ol7ok/basetemp-p00-contract-and-registry/test_rc6_build_driver_rejectio159/error/skill-mixed-script-build-shape/build
.temp/TASK-260803-21lw4t/worktree/.temp/TASK-260803-2ol7ok/basetemp-p00-contract-and-registry/test_rc6_build_driver_rejectio159/result/skill-mixed-script-build-shape/build
.temp/TASK-260803-21lw4t/worktree/.temp/TASK-260803-2ol7ok/basetemp-p00-contract-and-registry/test_rc6_build_driver_rejectio159/reuse/skill-mixed-script-build-shape/build
.temp/TASK-260803-21lw4t/worktree/.temp/TASK-260803-2ol7ok/basetemp-p00-contract-and-registry/test_rc6_build_driver_rejectio16/skill-root-source-dir/build
.temp/TASK-260803-21lw4t/worktree/.temp/TASK-260803-2ol7ok/basetemp-p00-contract-and-registry/test_rc6_build_driver_rejectio160/artifact_executed/skill-missing-build-roots/build
.temp/TASK-260803-21lw4t/worktree/.temp/TASK-260803-2ol7ok/basetemp-p00-contract-and-registry/test_rc6_build_driver_rejectio160/error/skill-missing-build-roots/build
.temp/TASK-260803-21lw4t/worktree/.temp/TASK-260803-2ol7ok/basetemp-p00-contract-and-registry/test_rc6_build_driver_rejectio160/result/skill-missing-build-roots/build
.temp/TASK-260803-21lw4t/worktree/.temp/TASK-260803-2ol7ok/basetemp-p00-contract-and-registry/test_rc6_build_driver_rejectio160/reuse/skill-missing-build-roots/build
.temp/TASK-260803-21lw4t/worktree/.temp/TASK-260803-2ol7ok/basetemp-p00-contract-and-registry/test_rc6_build_driver_rejectio161/artifact_executed/skill-missing-build-root-directory/build
.temp/TASK-260803-21lw4t/worktree/.temp/TASK-260803-2ol7ok/basetemp-p00-contract-and-registry/test_rc6_build_driver_rejectio161/error/skill-missing-build-root-directory/build
.temp/TASK-260803-21lw4t/worktree/.temp/TASK-260803-2ol7ok/basetemp-p00-contract-and-registry/test_rc6_build_driver_rejectio161/result/skill-missing-build-root-directory/build
.temp/TASK-260803-21lw4t/worktree/.temp/TASK-260803-2ol7ok/basetemp-p00-contract-and-registry/test_rc6_build_driver_rejectio161/reuse/skill-missing-build-root-directory/build
.temp/TASK-260803-21lw4t/worktree/.temp/TASK-260803-2ol7ok/basetemp-p00-contract-and-registry/test_rc6_build_driver_rejectio162/artifact_executed/skill-unused-build-root/build
.temp/TASK-260803-21lw4t/worktree/.temp/TASK-260803-2ol7ok/basetemp-p00-contract-and-registry/test_rc6_build_driver_rejectio162/error/skill-unused-build-root/build
.temp/TASK-260803-21lw4t/worktree/.temp/TASK-260803-2ol7ok/basetemp-p00-contract-and-registry/test_rc6_build_driver_rejectio162/result/skill-unused-build-root/build
.temp/TASK-260803-21lw4t/worktree/.temp/TASK-260803-2ol7ok/basetemp-p00-contract-and-registry/test_rc6_build_driver_rejectio162/reuse/skill-unused-build-root/build
.temp/TASK-260803-21lw4t/worktree/.temp/TASK-260803-2ol7ok/basetemp-p00-contract-and-registry/test_rc6_build_driver_rejectio163/artifact_executed/skill-overlapping-build-roots/build
.temp/TASK-260803-21lw4t/worktree/.temp/TASK-260803-2ol7ok/basetemp-p00-contract-and-registry/test_rc6_build_driver_rejectio163/error/skill-overlapping-build-roots/build
.temp/TASK-260803-21lw4t/worktree/.temp/TASK-260803-2ol7ok/basetemp-p00-contract-and-registry/test_rc6_build_driver_rejectio163/result/skill-overlapping-build-roots/build
.temp/TASK-260803-21lw4t/worktree/.temp/TASK-260803-2ol7ok/basetemp-p00-contract-and-registry/test_rc6_build_driver_rejectio163/reuse/skill-overlapping-build-roots/build
.temp/TASK-260803-21lw4t/worktree/.temp/TASK-260803-2ol7ok/basetemp-p00-contract-and-registry/test_rc6_build_driver_rejectio164/artifact_executed/skill-runtime-overlapping-build-root/build
.temp/TASK-260803-21lw4t/worktree/.temp/TASK-260803-2ol7ok/basetemp-p00-contract-and-registry/test_rc6_build_driver_rejectio164/error/skill-runtime-overlapping-build-root/build
.temp/TASK-260803-21lw4t/worktree/.temp/TASK-260803-2ol7ok/basetemp-p00-contract-and-registry/test_rc6_build_driver_rejectio164/result/skill-runtime-overlapping-build-root/build
.temp/TASK-260803-21lw4t/worktree/.temp/TASK-260803-2ol7ok/basetemp-p00-contract-and-registry/test_rc6_build_driver_rejectio164/reuse/skill-runtime-overlapping-build-root/build
.temp/TASK-260803-21lw4t/worktree/.temp/TASK-260803-2ol7ok/basetemp-p00-contract-and-registry/test_rc6_build_driver_rejectio165/artifact_executed/skill-root-build-root/build
.temp/TASK-260803-21lw4t/worktree/.temp/TASK-260803-2ol7ok/basetemp-p00-contract-and-registry/test_rc6_build_driver_rejectio165/error/skill-root-build-root/build
.temp/TASK-260803-21lw4t/worktree/.temp/TASK-260803-2ol7ok/basetemp-p00-contract-and-registry/test_rc6_build_driver_rejectio165/result/skill-root-build-root/build
.temp/TASK-260803-21lw4t/worktree/.temp/TASK-260803-2ol7ok/basetemp-p00-contract-and-registry/test_rc6_build_driver_rejectio165/reuse/skill-root-build-root/build
.temp/TASK-260803-21lw4t/worktree/.temp/TASK-260803-2ol7ok/basetemp-p00-contract-and-registry/test_rc6_build_driver_rejectio168/artifact_executed/skill-root-source-dir/build
.temp/TASK-260803-21lw4t/worktree/.temp/TASK-260803-2ol7ok/basetemp-p00-contract-and-registry/test_rc6_build_driver_rejectio168/error/skill-root-source-dir/build
.temp/TASK-260803-21lw4t/worktree/.temp/TASK-260803-2ol7ok/basetemp-p00-contract-and-registry/test_rc6_build_driver_rejectio168/result/skill-root-source-dir/build
.temp/TASK-260803-21lw4t/worktree/.temp/TASK-260803-2ol7ok/basetemp-p00-contract-and-registry/test_rc6_build_driver_rejectio168/reuse/skill-root-source-dir/build
.temp/TASK-260803-21lw4t/worktree/.temp/TASK-260803-2ol7ok/basetemp-p00-contract-and-registry/test_rc6_build_driver_rejectio169/artifact_executed/skill-escaped-source-dir/build
.temp/TASK-260803-21lw4t/worktree/.temp/TASK-260803-2ol7ok/basetemp-p00-contract-and-registry/test_rc6_build_driver_rejectio169/error/skill-escaped-source-dir/build
.temp/TASK-260803-21lw4t/worktree/.temp/TASK-260803-2ol7ok/basetemp-p00-contract-and-registry/test_rc6_build_driver_rejectio169/result/skill-escaped-source-dir/build
.temp/TASK-260803-21lw4t/worktree/.temp/TASK-260803-2ol7ok/basetemp-p00-contract-and-registry/test_rc6_build_driver_rejectio169/reuse/skill-escaped-source-dir/build
.temp/TASK-260803-21lw4t/worktree/.temp/TASK-260803-2ol7ok/basetemp-p00-contract-and-registry/test_rc6_build_driver_rejectio17/skill-escaped-source-dir/build
.temp/TASK-260803-21lw4t/worktree/.temp/TASK-260803-2ol7ok/basetemp-p00-contract-and-registry/test_rc6_build_driver_rejectio170/artifact_executed/skill-source-outside-root/build
.temp/TASK-260803-21lw4t/worktree/.temp/TASK-260803-2ol7ok/basetemp-p00-contract-and-registry/test_rc6_build_driver_rejectio170/error/skill-source-outside-root/build
.temp/TASK-260803-21lw4t/worktree/.temp/TASK-260803-2ol7ok/basetemp-p00-contract-and-registry/test_rc6_build_driver_rejectio170/result/skill-source-outside-root/build
.temp/TASK-260803-21lw4t/worktree/.temp/TASK-260803-2ol7ok/basetemp-p00-contract-and-registry/test_rc6_build_driver_rejectio170/reuse/skill-source-outside-root/build
.temp/TASK-260803-21lw4t/worktree/.temp/TASK-260803-2ol7ok/basetemp-p00-contract-and-registry/test_rc6_build_driver_rejectio171/artifact_executed/skill-source-link/build
.temp/TASK-260803-21lw4t/worktree/.temp/TASK-260803-2ol7ok/basetemp-p00-contract-and-registry/test_rc6_build_driver_rejectio171/error/skill-source-link/build
.temp/TASK-260803-21lw4t/worktree/.temp/TASK-260803-2ol7ok/basetemp-p00-contract-and-registry/test_rc6_build_driver_rejectio171/result/skill-source-link/build
.temp/TASK-260803-21lw4t/worktree/.temp/TASK-260803-2ol7ok/basetemp-p00-contract-and-registry/test_rc6_build_driver_rejectio171/reuse/skill-source-link/build
.temp/TASK-260803-21lw4t/worktree/.temp/TASK-260803-2ol7ok/basetemp-p00-contract-and-registry/test_rc6_build_driver_rejectio172/artifact_executed/skill-source-special-file/build
.temp/TASK-260803-21lw4t/worktree/.temp/TASK-260803-2ol7ok/basetemp-p00-contract-and-registry/test_rc6_build_driver_rejectio172/error/skill-source-special-file/build
.temp/TASK-260803-21lw4t/worktree/.temp/TASK-260803-2ol7ok/basetemp-p00-contract-and-registry/test_rc6_build_driver_rejectio172/result/skill-source-special-file/build
.temp/TASK-260803-21lw4t/worktree/.temp/TASK-260803-2ol7ok/basetemp-p00-contract-and-registry/test_rc6_build_driver_rejectio172/reuse/skill-source-special-file/build
.temp/TASK-260803-21lw4t/worktree/.temp/TASK-260803-2ol7ok/basetemp-p00-contract-and-registry/test_rc6_build_driver_rejectio173/artifact_executed/skill-source-not-directory/build
.temp/TASK-260803-21lw4t/worktree/.temp/TASK-260803-2ol7ok/basetemp-p00-contract-and-registry/test_rc6_build_driver_rejectio173/error/skill-source-not-directory/build
.temp/TASK-260803-21lw4t/worktree/.temp/TASK-260803-2ol7ok/basetemp-p00-contract-and-registry/test_rc6_build_driver_rejectio173/result/skill-source-not-directory/build
.temp/TASK-260803-21lw4t/worktree/.temp/TASK-260803-2ol7ok/basetemp-p00-contract-and-registry/test_rc6_build_driver_rejectio173/reuse/skill-source-not-directory/build
.temp/TASK-260803-21lw4t/worktree/.temp/TASK-260803-2ol7ok/basetemp-p00-contract-and-registry/test_rc6_build_driver_rejectio174/artifact_executed/skill-missing-root-go-mod/build
.temp/TASK-260803-21lw4t/worktree/.temp/TASK-260803-2ol7ok/basetemp-p00-contract-and-registry/test_rc6_build_driver_rejectio174/error/skill-missing-root-go-mod/build
.temp/TASK-260803-21lw4t/worktree/.temp/TASK-260803-2ol7ok/basetemp-p00-contract-and-registry/test_rc6_build_driver_rejectio174/result/skill-missing-root-go-mod/build
.temp/TASK-260803-21lw4t/worktree/.temp/TASK-260803-2ol7ok/basetemp-p00-contract-and-registry/test_rc6_build_driver_rejectio174/reuse/skill-missing-root-go-mod/build
.temp/TASK-260803-21lw4t/worktree/.temp/TASK-260803-2ol7ok/basetemp-p00-contract-and-registry/test_rc6_build_driver_rejectio175/artifact_executed/skill-nested-module/build
.temp/TASK-260803-21lw4t/worktree/.temp/TASK-260803-2ol7ok/basetemp-p00-contract-and-registry/test_rc6_build_driver_rejectio175/error/skill-nested-module/build
.temp/TASK-260803-21lw4t/worktree/.temp/TASK-260803-2ol7ok/basetemp-p00-contract-and-registry/test_rc6_build_driver_rejectio175/result/skill-nested-module/build
.temp/TASK-260803-21lw4t/worktree/.temp/TASK-260803-2ol7ok/basetemp-p00-contract-and-registry/test_rc6_build_driver_rejectio175/reuse/skill-nested-module/build
.temp/TASK-260803-21lw4t/worktree/.temp/TASK-260803-2ol7ok/basetemp-p00-contract-and-registry/test_rc6_build_driver_rejectio18/skill-source-outside-root/build
.temp/TASK-260803-21lw4t/worktree/.temp/TASK-260803-2ol7ok/basetemp-p00-contract-and-registry/test_rc6_build_driver_rejectio181/artifact_executed/switch/build
.temp/TASK-260803-21lw4t/worktree/.temp/TASK-260803-2ol7ok/basetemp-p00-contract-and-registry/test_rc6_build_driver_rejectio181/error/switch/build
.temp/TASK-260803-21lw4t/worktree/.temp/TASK-260803-2ol7ok/basetemp-p00-contract-and-registry/test_rc6_build_driver_rejectio181/result/switch/build
.temp/TASK-260803-21lw4t/worktree/.temp/TASK-260803-2ol7ok/basetemp-p00-contract-and-registry/test_rc6_build_driver_rejectio181/reuse/switch/build
.temp/TASK-260803-21lw4t/worktree/.temp/TASK-260803-2ol7ok/basetemp-p00-contract-and-registry/test_rc6_build_driver_rejectio19/skill-source-link/build
.temp/TASK-260803-21lw4t/worktree/.temp/TASK-260803-2ol7ok/basetemp-p00-contract-and-registry/test_rc6_build_driver_rejectio2/skill-forbidden-args/build
.temp/TASK-260803-21lw4t/worktree/.temp/TASK-260803-2ol7ok/basetemp-p00-contract-and-registry/test_rc6_build_driver_rejectio20/skill-source-special-file/build
.temp/TASK-260803-21lw4t/worktree/.temp/TASK-260803-2ol7ok/basetemp-p00-contract-and-registry/test_rc6_build_driver_rejectio21/skill-source-not-directory/build
.temp/TASK-260803-21lw4t/worktree/.temp/TASK-260803-2ol7ok/basetemp-p00-contract-and-registry/test_rc6_build_driver_rejectio22/skill-missing-root-go-mod/build
.temp/TASK-260803-21lw4t/worktree/.temp/TASK-260803-2ol7ok/basetemp-p00-contract-and-registry/test_rc6_build_driver_rejectio225/artifact_executed/marker-context-manifest/build
.temp/TASK-260803-21lw4t/worktree/.temp/TASK-260803-2ol7ok/basetemp-p00-contract-and-registry/test_rc6_build_driver_rejectio225/build_source_hashes_equal/marker-context-manifest/build
.temp/TASK-260803-21lw4t/worktree/.temp/TASK-260803-2ol7ok/basetemp-p00-contract-and-registry/test_rc6_build_driver_rejectio225/cache_keys_created/marker-context-manifest/build
.temp/TASK-260803-21lw4t/worktree/.temp/TASK-260803-2ol7ok/basetemp-p00-contract-and-registry/test_rc6_build_driver_rejectio225/error/marker-context-manifest/build
.temp/TASK-260803-21lw4t/worktree/.temp/TASK-260803-2ol7ok/basetemp-p00-contract-and-registry/test_rc6_build_driver_rejectio225/go_commands/marker-context-manifest/build
.temp/TASK-260803-21lw4t/worktree/.temp/TASK-260803-2ol7ok/basetemp-p00-contract-and-registry/test_rc6_build_driver_rejectio225/legacy_content_hashes_equal/marker-context-manifest/build
.temp/TASK-260803-21lw4t/worktree/.temp/TASK-260803-2ol7ok/basetemp-p00-contract-and-registry/test_rc6_build_driver_rejectio225/result/marker-context-manifest/build
.temp/TASK-260803-21lw4t/worktree/.temp/TASK-260803-2ol7ok/basetemp-p00-contract-and-registry/test_rc6_build_driver_rejectio225/reuse/marker-context-manifest/build
.temp/TASK-260803-21lw4t/worktree/.temp/TASK-260803-2ol7ok/basetemp-p00-contract-and-registry/test_rc6_build_driver_rejectio23/skill-nested-module/build
.temp/TASK-260803-21lw4t/worktree/.temp/TASK-260803-2ol7ok/basetemp-p00-contract-and-registry/test_rc6_build_driver_rejectio29/switch/build
.temp/TASK-260803-21lw4t/worktree/.temp/TASK-260803-2ol7ok/basetemp-p00-contract-and-registry/test_rc6_build_driver_rejectio3/skill-forbidden-env/build
.temp/TASK-260803-21lw4t/worktree/.temp/TASK-260803-2ol7ok/basetemp-p00-contract-and-registry/test_rc6_build_driver_rejectio4/skill-forbidden-output/build
.temp/TASK-260803-21lw4t/worktree/.temp/TASK-260803-2ol7ok/basetemp-p00-contract-and-registry/test_rc6_build_driver_rejectio5/skill-forbidden-toolchain/build
.temp/TASK-260803-21lw4t/worktree/.temp/TASK-260803-2ol7ok/basetemp-p00-contract-and-registry/test_rc6_build_driver_rejectio6/skill-forbidden-hooks/build
.temp/TASK-260803-21lw4t/worktree/.temp/TASK-260803-2ol7ok/basetemp-p00-contract-and-registry/test_rc6_build_driver_rejectio7/skill-mixed-script-build-shape/build
.temp/TASK-260803-21lw4t/worktree/.temp/TASK-260803-2ol7ok/basetemp-p00-contract-and-registry/test_rc6_build_driver_rejectio73/marker-context-manifest/build
.temp/TASK-260803-21lw4t/worktree/.temp/TASK-260803-2ol7ok/basetemp-p00-contract-and-registry/test_rc6_build_driver_rejectio8/skill-missing-build-roots/build
.temp/TASK-260803-21lw4t/worktree/.temp/TASK-260803-2ol7ok/basetemp-p00-contract-and-registry/test_rc6_build_driver_rejectio9/skill-missing-build-root-directory/build
.temp/TASK-260803-21lw4t/worktree/.temp/TASK-260803-2ol7ok/basetemp-p00-contract-and-registry/test_rc6_generated_schema_case0/agent-skill-v6/valid/build
.temp/TASK-260803-21lw4t/worktree/.temp/TASK-260803-2ol7ok/basetemp-p00-contract-and-registry/test_rc6_generated_schema_case1/agent-skill-v6/invalid/build
.temp/TASK-260803-21lw4t/worktree/.temp/TASK-260803-2ol7ok/basetemp-p00-contract-and-registry/test_rc6_generated_schema_case10/agent-skill-v6/invalid-build-env/build
.temp/TASK-260803-21lw4t/worktree/.temp/TASK-260803-2ol7ok/basetemp-p00-contract-and-registry/test_rc6_generated_schema_case11/agent-skill-v6/invalid-build-flags/build
.temp/TASK-260803-21lw4t/worktree/.temp/TASK-260803-2ol7ok/basetemp-p00-contract-and-registry/test_rc6_generated_schema_case12/agent-skill-v6/invalid-build-hooks/build
.temp/TASK-260803-21lw4t/worktree/.temp/TASK-260803-2ol7ok/basetemp-p00-contract-and-registry/test_rc6_generated_schema_case13/agent-skill-v6/invalid-build-output/build
.temp/TASK-260803-21lw4t/worktree/.temp/TASK-260803-2ol7ok/basetemp-p00-contract-and-registry/test_rc6_generated_schema_case14/agent-skill-v6/invalid-build-scripts/build
.temp/TASK-260803-21lw4t/worktree/.temp/TASK-260803-2ol7ok/basetemp-p00-contract-and-registry/test_rc6_generated_schema_case15/agent-skill-v6/invalid-build-tags/build
.temp/TASK-260803-21lw4t/worktree/.temp/TASK-260803-2ol7ok/basetemp-p00-contract-and-registry/test_rc6_generated_schema_case16/agent-skill-v6/invalid-build-toolchain/build
.temp/TASK-260803-21lw4t/worktree/.temp/TASK-260803-2ol7ok/basetemp-p00-contract-and-registry/test_rc6_generated_schema_case17/agent-skill-v6/invalid-v7-build-repositories/build
.temp/TASK-260803-21lw4t/worktree/.temp/TASK-260803-2ol7ok/basetemp-p00-contract-and-registry/test_rc6_generated_schema_case18/agent-skill-v6/invalid-v7-top-level-repository/build
.temp/TASK-260803-21lw4t/worktree/.temp/TASK-260803-2ol7ok/basetemp-p00-contract-and-registry/test_rc6_generated_schema_case19/agent-skill-v6/invalid-v7-top-level-target/build
.temp/TASK-260803-21lw4t/worktree/.temp/TASK-260803-2ol7ok/basetemp-p00-contract-and-registry/test_rc6_generated_schema_case2/agent-skill-v6/invalid-build-missing-driver/build
.temp/TASK-260803-21lw4t/worktree/.temp/TASK-260803-2ol7ok/basetemp-p00-contract-and-registry/test_rc6_generated_schema_case20/agent-skill-v6/invalid-v7-top-level-driver/build
.temp/TASK-260803-21lw4t/worktree/.temp/TASK-260803-2ol7ok/basetemp-p00-contract-and-registry/test_rc6_generated_schema_case21/agent-skill-v6/invalid-v7-command-repository/build
.temp/TASK-260803-21lw4t/worktree/.temp/TASK-260803-2ol7ok/basetemp-p00-contract-and-registry/test_rc6_generated_schema_case22/agent-skill-v6/invalid-v7-command-target/build
.temp/TASK-260803-21lw4t/worktree/.temp/TASK-260803-2ol7ok/basetemp-p00-contract-and-registry/test_rc6_generated_schema_case23/agent-skill-v6/invalid-v7-command-driver/build
.temp/TASK-260803-21lw4t/worktree/.temp/TASK-260803-2ol7ok/basetemp-p00-contract-and-registry/test_rc6_generated_schema_case3/agent-skill-v6/invalid-build-missing-source-dir/build
.temp/TASK-260803-21lw4t/worktree/.temp/TASK-260803-2ol7ok/basetemp-p00-contract-and-registry/test_rc6_generated_schema_case4/agent-skill-v6/invalid-build-root-dot/build
.temp/TASK-260803-21lw4t/worktree/.temp/TASK-260803-2ol7ok/basetemp-p00-contract-and-registry/test_rc6_generated_schema_case5/agent-skill-v6/invalid-build-source-dir-dot/build
.temp/TASK-260803-21lw4t/worktree/.temp/TASK-260803-2ol7ok/basetemp-p00-contract-and-registry/test_rc6_generated_schema_case6/agent-skill-v6/invalid-build-unsupported-driver/build
.temp/TASK-260803-21lw4t/worktree/.temp/TASK-260803-2ol7ok/basetemp-p00-contract-and-registry/test_rc6_generated_schema_case64/csk-skill-v6/valid/build
.temp/TASK-260803-21lw4t/worktree/.temp/TASK-260803-2ol7ok/basetemp-p00-contract-and-registry/test_rc6_generated_schema_case65/csk-skill-v6/invalid/build
.temp/TASK-260803-21lw4t/worktree/.temp/TASK-260803-2ol7ok/basetemp-p00-contract-and-registry/test_rc6_generated_schema_case66/csk-skill-v6/invalid-build-missing-driver/build
.temp/TASK-260803-21lw4t/worktree/.temp/TASK-260803-2ol7ok/basetemp-p00-contract-and-registry/test_rc6_generated_schema_case67/csk-skill-v6/invalid-build-missing-source-dir/build
.temp/TASK-260803-21lw4t/worktree/.temp/TASK-260803-2ol7ok/basetemp-p00-contract-and-registry/test_rc6_generated_schema_case68/csk-skill-v6/invalid-build-root-dot/build
.temp/TASK-260803-21lw4t/worktree/.temp/TASK-260803-2ol7ok/basetemp-p00-contract-and-registry/test_rc6_generated_schema_case69/csk-skill-v6/invalid-build-source-dir-dot/build
.temp/TASK-260803-21lw4t/worktree/.temp/TASK-260803-2ol7ok/basetemp-p00-contract-and-registry/test_rc6_generated_schema_case7/agent-skill-v6/invalid-build-mixed-script/build
.temp/TASK-260803-21lw4t/worktree/.temp/TASK-260803-2ol7ok/basetemp-p00-contract-and-registry/test_rc6_generated_schema_case70/csk-skill-v6/invalid-build-unsupported-driver/build
.temp/TASK-260803-21lw4t/worktree/.temp/TASK-260803-2ol7ok/basetemp-p00-contract-and-registry/test_rc6_generated_schema_case71/csk-skill-v6/invalid-build-mixed-script/build
.temp/TASK-260803-21lw4t/worktree/.temp/TASK-260803-2ol7ok/basetemp-p00-contract-and-registry/test_rc6_generated_schema_case72/csk-skill-v6/invalid-build-mixed-system/build
.temp/TASK-260803-21lw4t/worktree/.temp/TASK-260803-2ol7ok/basetemp-p00-contract-and-registry/test_rc6_generated_schema_case73/csk-skill-v6/invalid-build-args/build
.temp/TASK-260803-21lw4t/worktree/.temp/TASK-260803-2ol7ok/basetemp-p00-contract-and-registry/test_rc6_generated_schema_case74/csk-skill-v6/invalid-build-env/build
.temp/TASK-260803-21lw4t/worktree/.temp/TASK-260803-2ol7ok/basetemp-p00-contract-and-registry/test_rc6_generated_schema_case75/csk-skill-v6/invalid-build-flags/build
.temp/TASK-260803-21lw4t/worktree/.temp/TASK-260803-2ol7ok/basetemp-p00-contract-and-registry/test_rc6_generated_schema_case76/csk-skill-v6/invalid-build-hooks/build
.temp/TASK-260803-21lw4t/worktree/.temp/TASK-260803-2ol7ok/basetemp-p00-contract-and-registry/test_rc6_generated_schema_case77/csk-skill-v6/invalid-build-output/build
.temp/TASK-260803-21lw4t/worktree/.temp/TASK-260803-2ol7ok/basetemp-p00-contract-and-registry/test_rc6_generated_schema_case78/csk-skill-v6/invalid-build-scripts/build
.temp/TASK-260803-21lw4t/worktree/.temp/TASK-260803-2ol7ok/basetemp-p00-contract-and-registry/test_rc6_generated_schema_case79/csk-skill-v6/invalid-build-tags/build
.temp/TASK-260803-21lw4t/worktree/.temp/TASK-260803-2ol7ok/basetemp-p00-contract-and-registry/test_rc6_generated_schema_case8/agent-skill-v6/invalid-build-mixed-system/build
.temp/TASK-260803-21lw4t/worktree/.temp/TASK-260803-2ol7ok/basetemp-p00-contract-and-registry/test_rc6_generated_schema_case80/csk-skill-v6/invalid-build-toolchain/build
.temp/TASK-260803-21lw4t/worktree/.temp/TASK-260803-2ol7ok/basetemp-p00-contract-and-registry/test_rc6_generated_schema_case81/csk-skill-v6/invalid-v7-build-repositories/build
.temp/TASK-260803-21lw4t/worktree/.temp/TASK-260803-2ol7ok/basetemp-p00-contract-and-registry/test_rc6_generated_schema_case82/csk-skill-v6/invalid-v7-top-level-repository/build
.temp/TASK-260803-21lw4t/worktree/.temp/TASK-260803-2ol7ok/basetemp-p00-contract-and-registry/test_rc6_generated_schema_case83/csk-skill-v6/invalid-v7-top-level-target/build
.temp/TASK-260803-21lw4t/worktree/.temp/TASK-260803-2ol7ok/basetemp-p00-contract-and-registry/test_rc6_generated_schema_case84/csk-skill-v6/invalid-v7-top-level-driver/build
.temp/TASK-260803-21lw4t/worktree/.temp/TASK-260803-2ol7ok/basetemp-p00-contract-and-registry/test_rc6_generated_schema_case85/csk-skill-v6/invalid-v7-command-repository/build
.temp/TASK-260803-21lw4t/worktree/.temp/TASK-260803-2ol7ok/basetemp-p00-contract-and-registry/test_rc6_generated_schema_case86/csk-skill-v6/invalid-v7-command-target/build
.temp/TASK-260803-21lw4t/worktree/.temp/TASK-260803-2ol7ok/basetemp-p00-contract-and-registry/test_rc6_generated_schema_case87/csk-skill-v6/invalid-v7-command-driver/build
.temp/TASK-260803-21lw4t/worktree/.temp/TASK-260803-2ol7ok/basetemp-p00-contract-and-registry/test_rc6_generated_schema_case9/agent-skill-v6/invalid-build-args/build
.temp/TASK-260803-21lw4t/worktree/.temp/TASK-260803-2ol7ok/basetemp-p00-contract-and-registry/test_rc6_unknown_driver_reject0/skill-unknown-driver/build
.temp/TASK-260803-21lw4t/worktree/.temp/TASK-260803-2ol7ok/basetemp-p01-lifecycle-cached-baseline/test_rc6_all_five_argv_records0/source/build
.temp/TASK-260803-21lw4t/worktree/.temp/TASK-260803-2ol7ok/basetemp-p01-lifecycle-cached-baseline/test_rc6_build_rejection_bindi0/skill-unknown-driver/build
.temp/TASK-260803-21lw4t/worktree/.temp/TASK-260803-2ol7ok/basetemp-p01-lifecycle-cached-baseline/test_rc6_darwin_launcher_fixtu0/source/build
.temp/TASK-260803-21lw4t/worktree/.temp/TASK-260803-2ol7ok/basetemp-p01-lifecycle-cached-baseline/test_rc6_fixed_environment_bin0/source/build
.temp/TASK-260803-21lw4t/worktree/.temp/TASK-260803-2ol7ok/basetemp-p01-lifecycle-cached-baseline/test_rc6_gc_observation_surviv0/gc/mark-sweep/skills/build-skill/build
.temp/TASK-260803-21lw4t/worktree/.temp/TASK-260803-2ol7ok/basetemp-p01-lifecycle-cached-baseline/test_rc6_gc_observation_surviv0/gc/uncertain/home/cache/build-skill/d3f2c0ad171be36f9b654c48ab9c9b852107b152/snapshot/build
.temp/TASK-260803-21lw4t/worktree/.temp/TASK-260803-2ol7ok/basetemp-p01-lifecycle-cached-baseline/test_rc6_gc_observation_surviv0/gc/uncertain/skills/build-skill/build
.temp/TASK-260803-21lw4t/worktree/.temp/TASK-260803-2ol7ok/basetemp-p01-reversed/test_rc6_all_five_argv_records0/source/build
.temp/TASK-260803-21lw4t/worktree/.temp/TASK-260803-2ol7ok/basetemp-p01-reversed/test_rc6_build_rejection_bindi0/skill-unknown-driver/build
.temp/TASK-260803-21lw4t/worktree/.temp/TASK-260803-2ol7ok/basetemp-p01-reversed/test_rc6_darwin_launcher_fixtu0/source/build
.temp/TASK-260803-21lw4t/worktree/.temp/TASK-260803-2ol7ok/basetemp-p01-reversed/test_rc6_fixed_environment_bin0/source/build
.temp/TASK-260803-21lw4t/worktree/.temp/TASK-260803-2ol7ok/basetemp-p01-reversed/test_rc6_gc_observation_surviv0/gc/mark-sweep/skills/build-skill/build
.temp/TASK-260803-21lw4t/worktree/.temp/TASK-260803-2ol7ok/basetemp-p01-reversed/test_rc6_gc_observation_surviv0/gc/uncertain/home/cache/build-skill/e813974bf4c498d74b734a1396083dd0f2cc0be9/snapshot/build
.temp/TASK-260803-21lw4t/worktree/.temp/TASK-260803-2ol7ok/basetemp-p01-reversed/test_rc6_gc_observation_surviv0/gc/uncertain/skills/build-skill/build
.temp/TASK-260803-21lw4t/worktree/.temp/TASK-260803-2ol7ok/venv
.temp/TASK-260803-21lw4t/worktree/.venv
.temp/TASK-260803-21lw4t/worktree/build
.temp/TASK-260803-21lw4t/worktree/src/csk/__pycache__
.temp/TASK-260803-21lw4t/worktree/src/csk/audit/__pycache__
.temp/TASK-260803-21lw4t/worktree/src/csk/audit/backends/__pycache__
.temp/TASK-260803-21lw4t/worktree/src/csk/builds/__pycache__
.temp/TASK-260803-21lw4t/worktree/tests/__pycache__
.temp/TASK-260803-21lw4t/worktree/tests/fixtures/skill_go_e2e/build
.temp/TASK-260819-1y7hh4/dist
.temp/TASK-260819-1y7hh4/rr/cffi/__pycache__
.temp/TASK-260819-1y7hh4/rr/cmarkgfm/__pycache__
.temp/TASK-260819-1y7hh4/rr/pycparser/__pycache__
.temp/TASK-260819-2bow35/dist
.temp/TASK-260819-2j7v0x/xdist-ordinary-basetemp/popen-gw0/test_build_failure_preserves_e0/.cocoaskills/cache/compiled/1a8c7f9aa0099def78f0f4115e3338ab1cf4d74f/snapshot/build
.temp/TASK-260819-2j7v0x/xdist-ordinary-basetemp/popen-gw0/test_build_failure_preserves_e0/skills/compiled/build
.temp/TASK-260819-2j7v0x/xdist-ordinary-basetemp/popen-gw0/test_cgo_import_dynamic_allowl0/build
.temp/TASK-260819-2j7v0x/xdist-ordinary-basetemp/popen-gw0/test_cgo_import_dynamic_allowl1/build
.temp/TASK-260819-2j7v0x/xdist-ordinary-basetemp/popen-gw0/test_cgo_import_dynamic_allowl2/build
.temp/TASK-260819-2j7v0x/xdist-ordinary-basetemp/popen-gw0/test_cgo_import_dynamic_is_all0/build
.temp/TASK-260819-2j7v0x/xdist-ordinary-basetemp/popen-gw0/test_cli_check_and_json_fail_f0/.cocoaskills/cache/build-skill/11087d45b1c9c4de921e8385fcc6d3867506681b/snapshot/build
.temp/TASK-260819-2j7v0x/xdist-ordinary-basetemp/popen-gw0/test_cli_check_and_json_fail_f0/skills/build-skill/build
.temp/TASK-260819-2j7v0x/xdist-ordinary-basetemp/popen-gw0/test_compiler_directive_and_pg0/build
.temp/TASK-260819-2j7v0x/xdist-ordinary-basetemp/popen-gw0/test_compiler_directive_and_pg1/build
.temp/TASK-260819-2j7v0x/xdist-ordinary-basetemp/popen-gw0/test_context_leak_and_raw_snap0/.cocoaskills/cache/build-skill/1b1cd372e7dcf536f58cb32675662c2602ea9d1a/snapshot/build
.temp/TASK-260819-2j7v0x/xdist-ordinary-basetemp/popen-gw0/test_context_leak_and_raw_snap0/skills/build-skill/build
.temp/TASK-260819-2j7v0x/xdist-ordinary-basetemp/popen-gw0/test_corrupt_artifact_is_rebui0/.cocoaskills/cache/build-skill/28c3b517b9d0a49c62a013d5c6c934e31d59a3f5/snapshot/build
.temp/TASK-260819-2j7v0x/xdist-ordinary-basetemp/popen-gw0/test_corrupt_artifact_is_rebui0/skills/build-skill/build
.temp/TASK-260819-2j7v0x/xdist-ordinary-basetemp/popen-gw0/test_csk_install_prints_the_op0/.cocoaskills/cache/compiled/5f79067f53d83eb44e7133fec876139710b3f84e/snapshot/build
.temp/TASK-260819-2j7v0x/xdist-ordinary-basetemp/popen-gw0/test_csk_install_prints_the_op0/skills/compiled/build
.temp/TASK-260819-2j7v0x/xdist-ordinary-basetemp/popen-gw0/test_current_toolchain_and_nat0/.cocoaskills/cache/build-skill/ab3e95472be912bb441f90d9b6e442f881a23f2d/snapshot/build
.temp/TASK-260819-2j7v0x/xdist-ordinary-basetemp/popen-gw0/test_current_toolchain_and_nat0/skills/build-skill/build
.temp/TASK-260819-2j7v0x/xdist-ordinary-basetemp/popen-gw0/test_current_toolchain_and_nat1/.cocoaskills/cache/build-skill/5852b3c2c05e6cfebfc0872503e53dd7aaa98fc6/snapshot/build
.temp/TASK-260819-2j7v0x/xdist-ordinary-basetemp/popen-gw0/test_current_toolchain_and_nat1/skills/build-skill/build
.temp/TASK-260819-2j7v0x/xdist-ordinary-basetemp/popen-gw0/test_global_and_hybrid_build_s0/.cocoaskills/cache/global-build/58caf2647d497b155e3de758bfa9d4d21b95d4ca/snapshot/build
.temp/TASK-260819-2j7v0x/xdist-ordinary-basetemp/popen-gw0/test_global_and_hybrid_build_s0/.cocoaskills/cache/hybrid-build/a896bbe88b17e80afd66ceda7d98ef01939ac4dc/snapshot/build
.temp/TASK-260819-2j7v0x/xdist-ordinary-basetemp/popen-gw0/test_global_and_hybrid_build_s0/skills/global-build/build
.temp/TASK-260819-2j7v0x/xdist-ordinary-basetemp/popen-gw0/test_global_and_hybrid_build_s0/skills/hybrid-build/build
.temp/TASK-260819-2j7v0x/xdist-ordinary-basetemp/popen-gw0/test_go_generate_directive_is_0/build
.temp/TASK-260819-2j7v0x/xdist-ordinary-basetemp/popen-gw0/test_go_generate_stays_forbidd0/build
.temp/TASK-260819-2j7v0x/xdist-ordinary-basetemp/popen-gw0/test_goroot_src_vendor_package0/build
.temp/TASK-260819-2j7v0x/xdist-ordinary-basetemp/popen-gw0/test_goroot_vendor_exception_s0/build
.temp/TASK-260819-2j7v0x/xdist-ordinary-basetemp/popen-gw0/test_goroot_vendor_exception_s1/build
.temp/TASK-260819-2j7v0x/xdist-ordinary-basetemp/popen-gw0/test_goroot_vendor_exception_s2/build
.temp/TASK-260819-2j7v0x/xdist-ordinary-basetemp/popen-gw0/test_hidden_worker_launch_vect0/snapshot/build
.temp/TASK-260819-2j7v0x/xdist-ordinary-basetemp/popen-gw0/test_hybrid_build_is_committed0/.cocoaskills/cache/hybrid-tool/e5d4f4afeb4b0b77099681bceafe6bb68fbc1998/snapshot/build
.temp/TASK-260819-2j7v0x/xdist-ordinary-basetemp/popen-gw0/test_hybrid_build_is_committed0/skills/hybrid-tool/build
.temp/TASK-260819-2j7v0x/xdist-ordinary-basetemp/popen-gw0/test_identity_and_protocol_cas0/snapshot/build
.temp/TASK-260819-2j7v0x/xdist-ordinary-basetemp/popen-gw0/test_identity_and_protocol_cas1/snapshot/build
.temp/TASK-260819-2j7v0x/xdist-ordinary-basetemp/popen-gw0/test_identity_and_protocol_cas10/snapshot/build
.temp/TASK-260819-2j7v0x/xdist-ordinary-basetemp/popen-gw0/test_identity_and_protocol_cas11/snapshot/build
.temp/TASK-260819-2j7v0x/xdist-ordinary-basetemp/popen-gw0/test_identity_and_protocol_cas12/snapshot/build
.temp/TASK-260819-2j7v0x/xdist-ordinary-basetemp/popen-gw0/test_identity_and_protocol_cas2/snapshot/build
.temp/TASK-260819-2j7v0x/xdist-ordinary-basetemp/popen-gw0/test_identity_and_protocol_cas3/snapshot/build
.temp/TASK-260819-2j7v0x/xdist-ordinary-basetemp/popen-gw0/test_identity_and_protocol_cas4/snapshot/build
.temp/TASK-260819-2j7v0x/xdist-ordinary-basetemp/popen-gw0/test_identity_and_protocol_cas5/snapshot/build
.temp/TASK-260819-2j7v0x/xdist-ordinary-basetemp/popen-gw0/test_identity_and_protocol_cas6/snapshot/build
.temp/TASK-260819-2j7v0x/xdist-ordinary-basetemp/popen-gw0/test_identity_and_protocol_cas7/snapshot/build
.temp/TASK-260819-2j7v0x/xdist-ordinary-basetemp/popen-gw0/test_identity_and_protocol_cas8/snapshot/build
.temp/TASK-260819-2j7v0x/xdist-ordinary-basetemp/popen-gw0/test_identity_and_protocol_cas9/snapshot/build
.temp/TASK-260819-2j7v0x/xdist-ordinary-basetemp/popen-gw0/test_interpreter_runtime_mappi0/snapshot/build
.temp/TASK-260819-2j7v0x/xdist-ordinary-basetemp/popen-gw0/test_launch_teardown_failure_p0/snapshot/build
.temp/TASK-260819-2j7v0x/xdist-ordinary-basetemp/popen-gw0/test_legacy_and_reserved_execu0/.cocoaskills/cache/build-skill/f99e9b549c24c324404fd966f32bb9f0a4fd7442/snapshot/build
.temp/TASK-260819-2j7v0x/xdist-ordinary-basetemp/popen-gw0/test_legacy_and_reserved_execu0/skills/build-skill/build
.temp/TASK-260819-2j7v0x/xdist-ordinary-basetemp/popen-gw0/test_legacy_and_reserved_execu1/.cocoaskills/cache/build-skill/c8f11eaa5417c88e9d8ae6975ff6ce43a80fdc9b/snapshot/build
.temp/TASK-260819-2j7v0x/xdist-ordinary-basetemp/popen-gw0/test_legacy_and_reserved_execu1/skills/build-skill/build
.temp/TASK-260819-2j7v0x/xdist-ordinary-basetemp/popen-gw0/test_macos_identity_guard_reta0/snapshot/build
.temp/TASK-260819-2j7v0x/xdist-ordinary-basetemp/popen-gw0/test_managed_shim_and_capabili0/.cocoaskills/cache/build-skill/efbc34bcc8568106c95e5d69f4830085cd0974f5/snapshot/build
.temp/TASK-260819-2j7v0x/xdist-ordinary-basetemp/popen-gw0/test_managed_shim_and_capabili0/skills/build-skill/build
.temp/TASK-260819-2j7v0x/xdist-ordinary-basetemp/popen-gw0/test_manager_identity_binds_ev0/snapshot/build
.temp/TASK-260819-2j7v0x/xdist-ordinary-basetemp/popen-gw0/test_manager_identity_binds_im0/snapshot/build
.temp/TASK-260819-2j7v0x/xdist-ordinary-basetemp/popen-gw0/test_manager_identity_binds_la0/snapshot/build
.temp/TASK-260819-2j7v0x/xdist-ordinary-basetemp/popen-gw0/test_manager_identity_rejects_0/snapshot/build
.temp/TASK-260819-2j7v0x/xdist-ordinary-basetemp/popen-gw0/test_manager_identity_rejects_1/snapshot/build
.temp/TASK-260819-2j7v0x/xdist-ordinary-basetemp/popen-gw0/test_marker_build_boundary_and0/.cocoaskills/cache/build-skill/6f9f2db44b02074c2b30485f4eff797c6508a3eb/snapshot/build
.temp/TASK-260819-2j7v0x/xdist-ordinary-basetemp/popen-gw0/test_marker_build_boundary_and0/skills/build-skill/build
.temp/TASK-260819-2j7v0x/xdist-ordinary-basetemp/popen-gw0/test_marker_build_boundary_and1/.cocoaskills/cache/build-skill/903b5d43628d9dbafee07d508a34062c0ea7d2c3/snapshot/build
.temp/TASK-260819-2j7v0x/xdist-ordinary-basetemp/popen-gw0/test_marker_build_boundary_and1/skills/build-skill/build
.temp/TASK-260819-2j7v0x/xdist-ordinary-basetemp/popen-gw0/test_marker_receipt_and_artifa0/.cocoaskills/cache/build-skill/ca799402755e92cb98d5026a80e1ef71fdff91be/snapshot/build
.temp/TASK-260819-2j7v0x/xdist-ordinary-basetemp/popen-gw0/test_marker_receipt_and_artifa0/skills/build-skill/build
.temp/TASK-260819-2j7v0x/xdist-ordinary-basetemp/popen-gw0/test_marker_receipt_and_artifa1/.cocoaskills/cache/build-skill/c46c84dd25d7ed2a65e7d554f37bc7587e67ef53/snapshot/build
.temp/TASK-260819-2j7v0x/xdist-ordinary-basetemp/popen-gw0/test_marker_receipt_and_artifa1/skills/build-skill/build
.temp/TASK-260819-2j7v0x/xdist-ordinary-basetemp/popen-gw0/test_marker_receipt_and_artifa2/.cocoaskills/cache/build-skill/815455a9c7f0d2f6ea2cbc1580a5ea93da5581c6/snapshot/build
.temp/TASK-260819-2j7v0x/xdist-ordinary-basetemp/popen-gw0/test_marker_receipt_and_artifa2/skills/build-skill/build
.temp/TASK-260819-2j7v0x/xdist-ordinary-basetemp/popen-gw0/test_missing_raw_snapshot_is_n0/skills/build-skill/build
.temp/TASK-260819-2j7v0x/xdist-ordinary-basetemp/popen-gw0/test_missing_untrusted_and_uns0/.cocoaskills/cache/build-skill/1d4b42b6a8079a766275f2dc30052a7841fe1509/snapshot/build
.temp/TASK-260819-2j7v0x/xdist-ordinary-basetemp/popen-gw0/test_missing_untrusted_and_uns0/skills/build-skill/build
.temp/TASK-260819-2j7v0x/xdist-ordinary-basetemp/popen-gw0/test_native_backend_reports_fr0/.cocoaskills/cache/build-skill/e1f2da4991e3a89dbd712b2bd0331257516aa129/snapshot/build
.temp/TASK-260819-2j7v0x/xdist-ordinary-basetemp/popen-gw0/test_native_backend_reports_fr0/skills/build-skill/build
.temp/TASK-260819-2j7v0x/xdist-ordinary-basetemp/popen-gw0/test_noncanonical_protected_re0/.cocoaskills/cache/build-skill/1428b193cf380765862776b9de6be1c6fe28255b/snapshot/build
.temp/TASK-260819-2j7v0x/xdist-ordinary-basetemp/popen-gw0/test_noncanonical_protected_re0/skills/build-skill/build
.temp/TASK-260819-2j7v0x/xdist-ordinary-basetemp/popen-gw0/test_package_graph_rejection_s0/build
.temp/TASK-260819-2j7v0x/xdist-ordinary-basetemp/popen-gw0/test_package_graph_rejection_s1/build
.temp/TASK-260819-2j7v0x/xdist-ordinary-basetemp/popen-gw0/test_package_graph_rejection_s10/build
.temp/TASK-260819-2j7v0x/xdist-ordinary-basetemp/popen-gw0/test_package_graph_rejection_s11/build
.temp/TASK-260819-2j7v0x/xdist-ordinary-basetemp/popen-gw0/test_package_graph_rejection_s12/build
.temp/TASK-260819-2j7v0x/xdist-ordinary-basetemp/popen-gw0/test_package_graph_rejection_s13/build
.temp/TASK-260819-2j7v0x/xdist-ordinary-basetemp/popen-gw0/test_package_graph_rejection_s2/build
.temp/TASK-260819-2j7v0x/xdist-ordinary-basetemp/popen-gw0/test_package_graph_rejection_s3/build
.temp/TASK-260819-2j7v0x/xdist-ordinary-basetemp/popen-gw0/test_package_graph_rejection_s4/build
.temp/TASK-260819-2j7v0x/xdist-ordinary-basetemp/popen-gw0/test_package_graph_rejection_s5/build
.temp/TASK-260819-2j7v0x/xdist-ordinary-basetemp/popen-gw0/test_package_graph_rejection_s6/build
.temp/TASK-260819-2j7v0x/xdist-ordinary-basetemp/popen-gw0/test_package_graph_rejection_s7/build
.temp/TASK-260819-2j7v0x/xdist-ordinary-basetemp/popen-gw0/test_package_graph_rejection_s8/build
.temp/TASK-260819-2j7v0x/xdist-ordinary-basetemp/popen-gw0/test_package_graph_rejection_s9/build
.temp/TASK-260819-2j7v0x/xdist-ordinary-basetemp/popen-gw0/test_poisoned_compiler_environ0/snapshot/build
.temp/TASK-260819-2j7v0x/xdist-ordinary-basetemp/popen-gw0/test_process_executor_rechecks0/snapshot/build
.temp/TASK-260819-2j7v0x/xdist-ordinary-basetemp/popen-gw0/test_project_boundary_reports_0/.cocoaskills/cache/compiled/5f79067f53d83eb44e7133fec876139710b3f84e/snapshot/build
.temp/TASK-260819-2j7v0x/xdist-ordinary-basetemp/popen-gw0/test_project_boundary_reports_0/skills/compiled/build
.temp/TASK-260819-2j7v0x/xdist-ordinary-basetemp/popen-gw0/test_project_build_status_reva0/.cocoaskills/cache/build-skill/c77ee13ef2be0224805f173ae041855ac33982ab/snapshot/build
.temp/TASK-260819-2j7v0x/xdist-ordinary-basetemp/popen-gw0/test_project_build_status_reva0/skills/build-skill/build
.temp/TASK-260819-2j7v0x/xdist-ordinary-basetemp/popen-gw0/test_publication_failure_leave0/.cocoaskills/cache/compiled/11c2709e6e6c75f000c7e2827297a5d461d73e72/snapshot/build
.temp/TASK-260819-2j7v0x/xdist-ordinary-basetemp/popen-gw0/test_publication_failure_leave0/skills/compiled/build
.temp/TASK-260819-2j7v0x/xdist-ordinary-basetemp/popen-gw0/test_real_builds_run_provider_0/.cocoaskills/cache/consumer/22cb5fd7a0e9f95b88a4f135bda2969556e80b7b/snapshot/build
.temp/TASK-260819-2j7v0x/xdist-ordinary-basetemp/popen-gw0/test_real_builds_run_provider_0/.cocoaskills/cache/provider/8d035d5cfa6c505ae94f0b7b25c778615fdd68de/snapshot/build
.temp/TASK-260819-2j7v0x/xdist-ordinary-basetemp/popen-gw0/test_real_builds_run_provider_0/skills/consumer/build
.temp/TASK-260819-2j7v0x/xdist-ordinary-basetemp/popen-gw0/test_real_builds_run_provider_0/skills/provider/build
.temp/TASK-260819-2j7v0x/xdist-ordinary-basetemp/popen-gw0/test_runtime_archive_and_slot_0/worker/snapshot/build
.temp/TASK-260819-2j7v0x/xdist-ordinary-basetemp/popen-gw0/test_runtime_build_root_exposu0/.cocoaskills/cache/build-skill/c9bd2887e35cdeb2b815969e1984eb037c5efbd1/snapshot/build
.temp/TASK-260819-2j7v0x/xdist-ordinary-basetemp/popen-gw0/test_runtime_build_root_exposu0/.cocoaskills/runtime/build-skill/c9bd2887e35cdeb2b815969e1984eb037c5efbd1/build
.temp/TASK-260819-2j7v0x/xdist-ordinary-basetemp/popen-gw0/test_runtime_build_root_exposu0/skills/build-skill/build
.temp/TASK-260819-2j7v0x/xdist-ordinary-basetemp/popen-gw0/test_teardown_failure_cannot_m0/snapshot/build
.temp/TASK-260819-2j7v0x/xdist-ordinary-basetemp/popen-gw0/test_two_projects_share_verifi0/.cocoaskills/cache/compiled/215beec0dc549422577bb36811c69700de0676c2/snapshot/build
.temp/TASK-260819-2j7v0x/xdist-ordinary-basetemp/popen-gw0/test_two_projects_share_verifi0/skills/compiled/build
.temp/TASK-260819-2j7v0x/xdist-ordinary-basetemp/popen-gw0/test_valid_complete_package_gr0/build
.temp/TASK-260819-2j7v0x/xdist-ordinary-basetemp/popen-gw0/test_vendored_assembly_excepti0/build
.temp/TASK-260819-2j7v0x/xdist-ordinary-basetemp/popen-gw0/test_vendored_assembly_excepti1/build
.temp/TASK-260819-2j7v0x/xdist-ordinary-basetemp/popen-gw0/test_vendored_assembly_excepti2/build
.temp/TASK-260819-2j7v0x/xdist-ordinary-basetemp/popen-gw0/test_vendored_assembly_excepti3/build
.temp/TASK-260819-2j7v0x/xdist-ordinary-basetemp/popen-gw0/test_vendored_pure_go_assembly0/build
.temp/TASK-260819-2j7v0x/xdist-ordinary-basetemp/popen-gw0/test_windows_venv_runtime_layo0/permitted-worker/snapshot/build
.temp/TASK-260819-2j7v0x/xdist-ordinary-basetemp/popen-gw0/test_windows_venv_runtime_layo0/worker/snapshot/build
.temp/TASK-260819-2j7v0x/xdist-ordinary-basetemp/popen-gw0/test_windows_worker_bootstrap_0/snapshot/build
.temp/TASK-260819-2j7v0x/xdist-ordinary-basetemp/popen-gw0/test_worker_bootstrap_uses_one0/snapshot/build
.temp/TASK-260819-2j7v0x/xdist-ordinary-basetemp/popen-gw0/test_worker_environment_matche0/snapshot/build
.temp/TASK-260819-2j7v0x/xdist-ordinary-basetemp/popen-gw0/test_worker_issues_exactly_one0/snapshot/build
.temp/TASK-260819-2j7v0x/xdist-ordinary-basetemp/popen-gw0/test_worker_rejects_a_site_ena0/snapshot/build
.temp/TASK-260819-2j7v0x/xdist-ordinary-basetemp/popen-gw0/test_worker_rejects_first_requ0/snapshot/build
.temp/TASK-260819-2j7v0x/xdist-ordinary-basetemp/popen-gw0/test_worker_reverifies_manager0/snapshot/build
.temp/TASK-260819-2j7v0x/xdist-ordinary-basetemp/popen-gw0/test_worker_runtime_proof_acce0/snapshot/build
.temp/TASK-260819-2j7v0x/xdist-ordinary-basetemp/popen-gw0/test_worker_runtime_proof_reje0/snapshot/build
.temp/TASK-260819-2j7v0x/xdist-ordinary-basetemp/popen-gw0/test_worker_runtime_proof_reje1/snapshot/build
.temp/TASK-260819-2j7v0x/xdist-ordinary-basetemp/popen-gw0/test_worker_runtime_proof_reje10/snapshot/build
.temp/TASK-260819-2j7v0x/xdist-ordinary-basetemp/popen-gw0/test_worker_runtime_proof_reje11/snapshot/build
.temp/TASK-260819-2j7v0x/xdist-ordinary-basetemp/popen-gw0/test_worker_runtime_proof_reje12/snapshot/build
.temp/TASK-260819-2j7v0x/xdist-ordinary-basetemp/popen-gw0/test_worker_runtime_proof_reje13/snapshot/build
.temp/TASK-260819-2j7v0x/xdist-ordinary-basetemp/popen-gw0/test_worker_runtime_proof_reje14/snapshot/build
.temp/TASK-260819-2j7v0x/xdist-ordinary-basetemp/popen-gw0/test_worker_runtime_proof_reje2/snapshot/build
.temp/TASK-260819-2j7v0x/xdist-ordinary-basetemp/popen-gw0/test_worker_runtime_proof_reje3/snapshot/build
.temp/TASK-260819-2j7v0x/xdist-ordinary-basetemp/popen-gw0/test_worker_runtime_proof_reje4/snapshot/build
.temp/TASK-260819-2j7v0x/xdist-ordinary-basetemp/popen-gw0/test_worker_runtime_proof_reje5/snapshot/build
.temp/TASK-260819-2j7v0x/xdist-ordinary-basetemp/popen-gw0/test_worker_runtime_proof_reje6/snapshot/build
.temp/TASK-260819-2j7v0x/xdist-ordinary-basetemp/popen-gw0/test_worker_runtime_proof_reje7/snapshot/build
.temp/TASK-260819-2j7v0x/xdist-ordinary-basetemp/popen-gw0/test_worker_runtime_proof_reje8/snapshot/build
.temp/TASK-260819-2j7v0x/xdist-ordinary-basetemp/popen-gw0/test_worker_runtime_proof_reje9/snapshot/build
.temp/TASK-260819-2j7v0x/xdist-ordinary-basetemp/popen-gw1/test_build_planning_runs_only_0/skills/skill-build/build
.temp/TASK-260819-2j7v0x/xdist-ordinary-basetemp/popen-gw1/test_compiled_dry_run_preserve0/skills/skill-build/build
.temp/TASK-260819-2j7v0x/xdist-ordinary-basetemp/popen-gw1/test_equal_dual_schema_v6_mani0/build
.temp/TASK-260819-2j7v0x/xdist-ordinary-basetemp/popen-gw1/test_project_dry_run_missing_g0/skills/skill-build/build
.temp/TASK-260819-2j7v0x/xdist-ordinary-basetemp/popen-gw1/test_real_install_requires_bui0/.cocoaskills/cache/skill-build/6cb629da6e4e72dae69576fe99522b24ef97df70/snapshot/build
.temp/TASK-260819-2j7v0x/xdist-ordinary-basetemp/popen-gw1/test_real_install_requires_bui0/skills/skill-build/build
.temp/TASK-260819-2j7v0x/xdist-ordinary-basetemp/popen-gw1/test_schema_v6_allows_source_d0/build
.temp/TASK-260819-2j7v0x/xdist-ordinary-basetemp/popen-gw1/test_schema_v6_build_command_h0/build
.temp/TASK-260819-2j7v0x/xdist-ordinary-basetemp/popen-gw1/test_schema_v6_build_command_h1/build
.temp/TASK-260819-2j7v0x/xdist-ordinary-basetemp/popen-gw1/test_schema_v6_build_command_h10/build
.temp/TASK-260819-2j7v0x/xdist-ordinary-basetemp/popen-gw1/test_schema_v6_build_command_h11/build
.temp/TASK-260819-2j7v0x/xdist-ordinary-basetemp/popen-gw1/test_schema_v6_build_command_h12/build
.temp/TASK-260819-2j7v0x/xdist-ordinary-basetemp/popen-gw1/test_schema_v6_build_command_h13/build
.temp/TASK-260819-2j7v0x/xdist-ordinary-basetemp/popen-gw1/test_schema_v6_build_command_h14/build
.temp/TASK-260819-2j7v0x/xdist-ordinary-basetemp/popen-gw1/test_schema_v6_build_command_h2/build
.temp/TASK-260819-2j7v0x/xdist-ordinary-basetemp/popen-gw1/test_schema_v6_build_command_h3/build
.temp/TASK-260819-2j7v0x/xdist-ordinary-basetemp/popen-gw1/test_schema_v6_build_command_h4/build
.temp/TASK-260819-2j7v0x/xdist-ordinary-basetemp/popen-gw1/test_schema_v6_build_command_h5/build
.temp/TASK-260819-2j7v0x/xdist-ordinary-basetemp/popen-gw1/test_schema_v6_build_command_h6/build
.temp/TASK-260819-2j7v0x/xdist-ordinary-basetemp/popen-gw1/test_schema_v6_build_command_h7/build
.temp/TASK-260819-2j7v0x/xdist-ordinary-basetemp/popen-gw1/test_schema_v6_build_command_h8/build
.temp/TASK-260819-2j7v0x/xdist-ordinary-basetemp/popen-gw1/test_schema_v6_build_command_h9/build
.temp/TASK-260819-2j7v0x/xdist-ordinary-basetemp/popen-gw1/test_schema_v6_build_command_r0/build
.temp/TASK-260819-2j7v0x/xdist-ordinary-basetemp/popen-gw1/test_schema_v6_build_diagnosti0/build
.temp/TASK-260819-2j7v0x/xdist-ordinary-basetemp/popen-gw1/test_schema_v6_build_roots_do_0/build
.temp/TASK-260819-2j7v0x/xdist-ordinary-basetemp/popen-gw1/test_schema_v6_build_roots_do_1/build
.temp/TASK-260819-2j7v0x/xdist-ordinary-basetemp/popen-gw1/test_schema_v6_build_roots_do_2/runtime/build
.temp/TASK-260819-2j7v0x/xdist-ordinary-basetemp/popen-gw1/test_schema_v6_parses_mixed_co0/build
.temp/TASK-260819-2j7v0x/xdist-ordinary-basetemp/popen-gw1/test_schema_v6_parses_mixed_co1/build
.temp/TASK-260819-2j7v0x/xdist-ordinary-basetemp/popen-gw1/test_schema_v6_rejects_invalid10/build
.temp/TASK-260819-2j7v0x/xdist-ordinary-basetemp/popen-gw1/test_schema_v6_rejects_invalid11/build
.temp/TASK-260819-2j7v0x/xdist-ordinary-basetemp/popen-gw1/test_schema_v6_rejects_invalid12/build
.temp/TASK-260819-2j7v0x/xdist-ordinary-basetemp/popen-gw1/test_schema_v6_rejects_invalid13/build
.temp/TASK-260819-2j7v0x/xdist-ordinary-basetemp/popen-gw1/test_schema_v6_rejects_invalid14/build
.temp/TASK-260819-2j7v0x/xdist-ordinary-basetemp/popen-gw1/test_schema_v6_rejects_invalid15/build
.temp/TASK-260819-2j7v0x/xdist-ordinary-basetemp/popen-gw1/test_schema_v6_rejects_invalid8/build
.temp/TASK-260819-2j7v0x/xdist-ordinary-basetemp/popen-gw1/test_schema_v6_rejects_invalid9/build
.temp/TASK-260819-2j7v0x/xdist-ordinary-basetemp/popen-gw1/test_schema_v6_rejects_linked_1/real-parent/build
.temp/TASK-260819-2j7v0x/xdist-ordinary-basetemp/popen-gw1/test_schema_v6_rejects_linked_2/build
.temp/TASK-260819-2j7v0x/xdist-ordinary-basetemp/popen-gw1/test_schema_v6_rejects_linked_3/build
.temp/TASK-260819-2j7v0x/xdist-ordinary-basetemp/popen-gw1/test_schema_v6_rejects_non_reg0/build
.temp/TASK-260819-2j7v0x/xdist-ordinary-basetemp/popen-gw1/test_schema_v6_rejects_reserve0/build
.temp/TASK-260819-2j7v0x/xdist-ordinary-basetemp/popen-gw1/test_schema_v6_rejects_reserve1/build
.temp/TASK-260819-2j7v0x/xdist-ordinary-basetemp/popen-gw1/test_schema_v6_rejects_reserve2/build
.temp/TASK-260819-2j7v0x/xdist-ordinary-basetemp/popen-gw1/test_schema_v6_rejects_reserve3/build
.temp/TASK-260819-2j7v0x/xdist-ordinary-basetemp/popen-gw1/test_schema_v6_rejects_reserve4/build
.temp/TASK-260819-2j7v0x/xdist-ordinary-basetemp/popen-gw1/test_schema_v6_rejects_reserve5/build
.temp/TASK-260819-2j7v0x/xdist-ordinary-basetemp/popen-gw1/test_schema_v6_rejects_reserve6/build
.temp/TASK-260819-2j7v0x/xdist-ordinary-basetemp/popen-gw1/test_schema_v6_rejects_reserve7/build
.temp/TASK-260819-2j7v0x/xdist-ordinary-basetemp/popen-gw1/test_schema_v6_requires_every_0/build
.temp/TASK-260819-2j7v0x/xdist-ordinary-basetemp/popen-gw1/test_transaction_recovery_wait0/.cocoaskills/cache/compiled/d2be6b628c92b105b5e17036cf6f556b35f27de4/snapshot/build
.temp/TASK-260819-2j7v0x/xdist-ordinary-basetemp/popen-gw1/test_transaction_recovery_wait0/skills/compiled/build
.temp/TASK-260819-2j7v0x/xdist-ordinary-basetemp/popen-gw2/test_active_journal_with_no_re0/.cocoaskills/cache/build-skill/b872f92eb329463a07a26d3d18758b8c1086f807/snapshot/build
.temp/TASK-260819-2j7v0x/xdist-ordinary-basetemp/popen-gw2/test_active_journal_with_no_re0/skills/build-skill/build
.temp/TASK-260819-2j7v0x/xdist-ordinary-basetemp/popen-gw2/test_active_transaction_journa0/.cocoaskills/cache/build-skill/bf28e4801affbe98a9e51e8f88eea213d32e74fb/snapshot/build
.temp/TASK-260819-2j7v0x/xdist-ordinary-basetemp/popen-gw2/test_active_transaction_journa0/skills/build-skill/build
.temp/TASK-260819-2j7v0x/xdist-ordinary-basetemp/popen-gw2/test_build_gc_marks_project_ma0/skills/build-skill/build
.temp/TASK-260819-2j7v0x/xdist-ordinary-basetemp/popen-gw2/test_build_gc_marks_project_ma0/young-skills/build-skill/build
.temp/TASK-260819-2j7v0x/xdist-ordinary-basetemp/popen-gw2/test_build_gc_marks_valid_glob0/.cocoaskills/cache/build-skill/ddade3aff9202f6c790b4009486a646cb0121582/snapshot/build
.temp/TASK-260819-2j7v0x/xdist-ordinary-basetemp/popen-gw2/test_build_gc_marks_valid_glob0/skills/build-skill/build
.temp/TASK-260819-2j7v0x/xdist-ordinary-basetemp/popen-gw2/test_build_gc_marks_valid_glob1/.cocoaskills/cache/build-skill/600451d77432ddc86533e528f209de2a29b84481/snapshot/build
.temp/TASK-260819-2j7v0x/xdist-ordinary-basetemp/popen-gw2/test_build_gc_marks_valid_glob1/skills/build-skill/build
.temp/TASK-260819-2j7v0x/xdist-ordinary-basetemp/popen-gw2/test_corrupt_consumer_registry0/.cocoaskills/cache/build-skill/6322a0d5c1d17e6db80b75ebb07732c8cbbb7baa/snapshot/build
.temp/TASK-260819-2j7v0x/xdist-ordinary-basetemp/popen-gw2/test_corrupt_consumer_registry0/skills/build-skill/build
.temp/TASK-260819-2j7v0x/xdist-ordinary-basetemp/popen-gw2/test_corrupt_journal_or_marker0/.cocoaskills/cache/build-skill/d62783ceb71d6b80108a6929d9a20b99d070a8d4/snapshot/build
.temp/TASK-260819-2j7v0x/xdist-ordinary-basetemp/popen-gw2/test_corrupt_journal_or_marker0/skills/build-skill/build
.temp/TASK-260819-2j7v0x/xdist-ordinary-basetemp/popen-gw2/test_each_lock_class_recanonic2/build
.temp/TASK-260819-2j7v0x/xdist-ordinary-basetemp/popen-gw2/test_global_build_planning_mer0/skills/consumer-a/build
.temp/TASK-260819-2j7v0x/xdist-ordinary-basetemp/popen-gw2/test_global_build_planning_mer0/skills/consumer-b/build
.temp/TASK-260819-2j7v0x/xdist-ordinary-basetemp/popen-gw2/test_global_build_planning_mer0/skills/provider/build
.temp/TASK-260819-2j7v0x/xdist-ordinary-basetemp/popen-gw2/test_global_build_planning_run0/skills/skill-build/build
.temp/TASK-260819-2j7v0x/xdist-ordinary-basetemp/popen-gw2/test_global_dry_run_missing_go0/skills/skill-build/build
.temp/TASK-260819-2j7v0x/xdist-ordinary-basetemp/popen-gw2/test_global_install_stops_befo0/.cocoaskills/cache/skill-build/5f69463c028a13416ac87cf2a04fc39e6493781e/snapshot/build
.temp/TASK-260819-2j7v0x/xdist-ordinary-basetemp/popen-gw2/test_global_install_stops_befo0/skills/skill-build/build
.temp/TASK-260819-2j7v0x/xdist-ordinary-basetemp/popen-gw2/test_global_real_install_requi0/.cocoaskills/cache/skill-build/46d2f0decacb35e3b9be642ffdce2a0b274de9e3/snapshot/build
.temp/TASK-260819-2j7v0x/xdist-ordinary-basetemp/popen-gw2/test_global_real_install_requi0/skills/skill-build/build
.temp/TASK-260819-2j7v0x/xdist-ordinary-basetemp/popen-gw2/test_global_real_install_runs_0/.cocoaskills/cache/skill-build/cd4ab836fd48207c8e209292f5d82126018f6e8a/snapshot/build
.temp/TASK-260819-2j7v0x/xdist-ordinary-basetemp/popen-gw2/test_global_real_install_runs_0/skills/skill-build/build
.temp/TASK-260819-2j7v0x/xdist-ordinary-basetemp/popen-gw2/test_journal_filesystem_error_0/.cocoaskills/cache/build-skill/745b80112fc622f2b494f27fcd26484c0b5d01ea/snapshot/build
.temp/TASK-260819-2j7v0x/xdist-ordinary-basetemp/popen-gw2/test_journal_filesystem_error_0/skills/build-skill/build
.temp/TASK-260819-2j7v0x/xdist-ordinary-basetemp/popen-gw2/test_journal_generation_change0/.cocoaskills/cache/build-skill/aff4f8fae79e008a8beff137627f69ed2bf70a95/snapshot/build
.temp/TASK-260819-2j7v0x/xdist-ordinary-basetemp/popen-gw2/test_journal_generation_change0/skills/build-skill/build
.temp/TASK-260819-2j7v0x/xdist-ordinary-basetemp/popen-gw2/test_schema_v7_preserves_local0/build
.temp/TASK-260819-2j7v0x/xdist-ordinary-basetemp/popen-gw2/test_unreferenced_corrupt_prot0/skills/build-skill/build
.temp/TASK-260819-2j7v0x/xdist-ordinary-basetemp/popen-gw2/test_valid_journal_target_cann0/.cocoaskills/cache/build-skill/7dfa6456da2d7462b0b5cc2bc1701ca47a94d9f7/snapshot/build
.temp/TASK-260819-2j7v0x/xdist-ordinary-basetemp/popen-gw2/test_valid_journal_target_cann0/skills/build-skill/build
.temp/TASK-260819-2j7v0x/xdist-ordinary-basetemp/popen-gw3/test_global_boundary_reports_t0/.cocoaskills/cache/compiled/487b6f916b8b8c1661b03022fadc39e4d93dc779/snapshot/build
.temp/TASK-260819-2j7v0x/xdist-ordinary-basetemp/popen-gw3/test_global_boundary_reports_t0/skills/compiled/build
.temp/TASK-260819-2j7v0x/xdist-ordinary-basetemp/popen-gw3/test_global_build_or_publicati0/.cocoaskills/cache/compiled/15141f51e63e32549cf5e17e6a75c0c2facdbbf9/snapshot/build
.temp/TASK-260819-2j7v0x/xdist-ordinary-basetemp/popen-gw3/test_global_build_or_publicati0/.cocoaskills/cache/compiled/c16e8eda7bd3b0a5589a04b1102a0c210910dfd1/snapshot/build
.temp/TASK-260819-2j7v0x/xdist-ordinary-basetemp/popen-gw3/test_global_build_or_publicati0/skills/compiled/build
.temp/TASK-260819-2j7v0x/xdist-ordinary-basetemp/popen-gw3/test_global_build_or_publicati1/.cocoaskills/cache/compiled/149d7e6ebbb4d6e1434060364bce66fda7d7ef30/snapshot/build
.temp/TASK-260819-2j7v0x/xdist-ordinary-basetemp/popen-gw3/test_global_build_or_publicati1/.cocoaskills/cache/compiled/338e22805b5e74239f33f61e3a4a7fd28aa94ddd/snapshot/build
.temp/TASK-260819-2j7v0x/xdist-ordinary-basetemp/popen-gw3/test_global_build_or_publicati1/skills/compiled/build
.temp/TASK-260819-2j7v0x/xdist-ordinary-basetemp/popen-gw3/test_global_builds_publish_mar0/.cocoaskills/cache/consumer/f763d4e4c0f3e4c5b76b753fe1fb051dc5a5221b/snapshot/build
.temp/TASK-260819-2j7v0x/xdist-ordinary-basetemp/popen-gw3/test_global_builds_publish_mar0/.cocoaskills/cache/provider/60e2b6ab6a8d10876d7d29ba71ca8c2d109465ac/snapshot/build
.temp/TASK-260819-2j7v0x/xdist-ordinary-basetemp/popen-gw3/test_global_builds_publish_mar0/skills/consumer/build
.temp/TASK-260819-2j7v0x/xdist-ordinary-basetemp/popen-gw3/test_global_builds_publish_mar0/skills/provider/build
.temp/TASK-260819-2j7v0x/xdist-ordinary-basetemp/popen-gw3/test_verify_dist_generates_and0/dist
.temp/TASK-260819-2j7v0x/xdist-ordinary-basetemp/popen-gw3/test_verify_dist_rejects_extra0/dist
.temp/TASK-260819-2j7v0x/xdist-ordinary-basetemp/popen-gw3/test_verify_dist_rejects_tag_m0/dist
.temp/TASK-260821-2c7ter/dist
.temp/TASK-260822-1jns5p/pytest/popen-gw0/test_cgo_import_dynamic_allowl0/build
.temp/TASK-260822-1jns5p/pytest/popen-gw0/test_cgo_import_dynamic_allowl1/build
.temp/TASK-260822-1jns5p/pytest/popen-gw0/test_cgo_import_dynamic_allowl2/build
.temp/TASK-260822-1jns5p/pytest/popen-gw0/test_cgo_import_dynamic_is_all0/build
.temp/TASK-260822-1jns5p/pytest/popen-gw0/test_cli_check_and_json_fail_f0/.cocoaskills/cache/build-skill/01bf47d6e4bf387831a3dc080c20e158e6e1f7ad/snapshot/build
.temp/TASK-260822-1jns5p/pytest/popen-gw0/test_cli_check_and_json_fail_f0/skills/build-skill/build
.temp/TASK-260822-1jns5p/pytest/popen-gw0/test_compiler_directive_and_pg0/build
.temp/TASK-260822-1jns5p/pytest/popen-gw0/test_compiler_directive_and_pg1/build
.temp/TASK-260822-1jns5p/pytest/popen-gw0/test_context_leak_and_raw_snap0/.cocoaskills/cache/build-skill/fac2a7f9a6b78aecb5d2d2308f7c995a27a18e10/snapshot/build
.temp/TASK-260822-1jns5p/pytest/popen-gw0/test_context_leak_and_raw_snap0/skills/build-skill/build
.temp/TASK-260822-1jns5p/pytest/popen-gw0/test_corrupt_artifact_is_rebui0/.cocoaskills/cache/build-skill/e482a0c415ab1cb9d84dcda4db2c2bef28383014/snapshot/build
.temp/TASK-260822-1jns5p/pytest/popen-gw0/test_corrupt_artifact_is_rebui0/skills/build-skill/build
.temp/TASK-260822-1jns5p/pytest/popen-gw0/test_current_toolchain_and_nat0/.cocoaskills/cache/build-skill/3bf1b1328900942b9b8442e77f42e844368bd48e/snapshot/build
.temp/TASK-260822-1jns5p/pytest/popen-gw0/test_current_toolchain_and_nat0/skills/build-skill/build
.temp/TASK-260822-1jns5p/pytest/popen-gw0/test_current_toolchain_and_nat1/.cocoaskills/cache/build-skill/405cfc473dd79503c7b081a98034f6bf1cdc27e0/snapshot/build
.temp/TASK-260822-1jns5p/pytest/popen-gw0/test_current_toolchain_and_nat1/skills/build-skill/build
.temp/TASK-260822-1jns5p/pytest/popen-gw0/test_global_and_hybrid_build_s0/.cocoaskills/cache/global-build/40fa0516709d89cef715fc0b6aab8f65d529da40/snapshot/build
.temp/TASK-260822-1jns5p/pytest/popen-gw0/test_global_and_hybrid_build_s0/.cocoaskills/cache/hybrid-build/01fdb04d61193209fb74c16d8c80ba7bf41377d3/snapshot/build
.temp/TASK-260822-1jns5p/pytest/popen-gw0/test_global_and_hybrid_build_s0/skills/global-build/build
.temp/TASK-260822-1jns5p/pytest/popen-gw0/test_global_and_hybrid_build_s0/skills/hybrid-build/build
.temp/TASK-260822-1jns5p/pytest/popen-gw0/test_go_generate_directive_is_0/build
.temp/TASK-260822-1jns5p/pytest/popen-gw0/test_go_generate_stays_forbidd0/build
.temp/TASK-260822-1jns5p/pytest/popen-gw0/test_goroot_src_vendor_package0/build
.temp/TASK-260822-1jns5p/pytest/popen-gw0/test_goroot_vendor_exception_s0/build
.temp/TASK-260822-1jns5p/pytest/popen-gw0/test_goroot_vendor_exception_s1/build
.temp/TASK-260822-1jns5p/pytest/popen-gw0/test_goroot_vendor_exception_s2/build
.temp/TASK-260822-1jns5p/pytest/popen-gw0/test_hidden_worker_launch_vect0/snapshot/build
.temp/TASK-260822-1jns5p/pytest/popen-gw0/test_identity_and_protocol_cas0/snapshot/build
.temp/TASK-260822-1jns5p/pytest/popen-gw0/test_identity_and_protocol_cas1/snapshot/build
.temp/TASK-260822-1jns5p/pytest/popen-gw0/test_identity_and_protocol_cas10/snapshot/build
.temp/TASK-260822-1jns5p/pytest/popen-gw0/test_identity_and_protocol_cas11/snapshot/build
.temp/TASK-260822-1jns5p/pytest/popen-gw0/test_identity_and_protocol_cas12/snapshot/build
.temp/TASK-260822-1jns5p/pytest/popen-gw0/test_identity_and_protocol_cas2/snapshot/build
.temp/TASK-260822-1jns5p/pytest/popen-gw0/test_identity_and_protocol_cas3/snapshot/build
.temp/TASK-260822-1jns5p/pytest/popen-gw0/test_identity_and_protocol_cas4/snapshot/build
.temp/TASK-260822-1jns5p/pytest/popen-gw0/test_identity_and_protocol_cas5/snapshot/build
.temp/TASK-260822-1jns5p/pytest/popen-gw0/test_identity_and_protocol_cas6/snapshot/build
.temp/TASK-260822-1jns5p/pytest/popen-gw0/test_identity_and_protocol_cas7/snapshot/build
.temp/TASK-260822-1jns5p/pytest/popen-gw0/test_identity_and_protocol_cas8/snapshot/build
.temp/TASK-260822-1jns5p/pytest/popen-gw0/test_identity_and_protocol_cas9/snapshot/build
.temp/TASK-260822-1jns5p/pytest/popen-gw0/test_interpreter_runtime_mappi0/snapshot/build
.temp/TASK-260822-1jns5p/pytest/popen-gw0/test_launch_teardown_failure_p0/snapshot/build
.temp/TASK-260822-1jns5p/pytest/popen-gw0/test_legacy_and_reserved_execu0/.cocoaskills/cache/build-skill/fe010789617a4fd1c95bc7a07662bbb68b9efcae/snapshot/build
.temp/TASK-260822-1jns5p/pytest/popen-gw0/test_legacy_and_reserved_execu0/skills/build-skill/build
.temp/TASK-260822-1jns5p/pytest/popen-gw0/test_legacy_and_reserved_execu1/.cocoaskills/cache/build-skill/408a93e26b6743960356eefd86ef76cefd9159ad/snapshot/build
.temp/TASK-260822-1jns5p/pytest/popen-gw0/test_legacy_and_reserved_execu1/skills/build-skill/build
.temp/TASK-260822-1jns5p/pytest/popen-gw0/test_macos_identity_guard_reta0/snapshot/build
.temp/TASK-260822-1jns5p/pytest/popen-gw0/test_managed_shim_and_capabili0/.cocoaskills/cache/build-skill/2147bb440e9101419f2148b5a868717de6174fb3/snapshot/build
.temp/TASK-260822-1jns5p/pytest/popen-gw0/test_managed_shim_and_capabili0/skills/build-skill/build
.temp/TASK-260822-1jns5p/pytest/popen-gw0/test_manager_identity_binds_ev0/snapshot/build
.temp/TASK-260822-1jns5p/pytest/popen-gw0/test_manager_identity_binds_im0/snapshot/build
.temp/TASK-260822-1jns5p/pytest/popen-gw0/test_manager_identity_binds_la0/snapshot/build
.temp/TASK-260822-1jns5p/pytest/popen-gw0/test_manager_identity_rejects_0/snapshot/build
.temp/TASK-260822-1jns5p/pytest/popen-gw0/test_manager_identity_rejects_1/snapshot/build
.temp/TASK-260822-1jns5p/pytest/popen-gw0/test_marker_build_boundary_and0/.cocoaskills/cache/build-skill/53a472c1c4713273d879d7531109ea33cdc56147/snapshot/build
.temp/TASK-260822-1jns5p/pytest/popen-gw0/test_marker_build_boundary_and0/skills/build-skill/build
.temp/TASK-260822-1jns5p/pytest/popen-gw0/test_marker_build_boundary_and1/.cocoaskills/cache/build-skill/15813cb7e0e72c32e3ba311b922fe01fbd2fdd34/snapshot/build
.temp/TASK-260822-1jns5p/pytest/popen-gw0/test_marker_build_boundary_and1/skills/build-skill/build
.temp/TASK-260822-1jns5p/pytest/popen-gw0/test_marker_receipt_and_artifa0/.cocoaskills/cache/build-skill/546082d0f076629ab07b5d079c15075296824ef1/snapshot/build
.temp/TASK-260822-1jns5p/pytest/popen-gw0/test_marker_receipt_and_artifa0/skills/build-skill/build
.temp/TASK-260822-1jns5p/pytest/popen-gw0/test_marker_receipt_and_artifa1/.cocoaskills/cache/build-skill/a7139c424d68a877c8c8630f91f385b518c7575d/snapshot/build
.temp/TASK-260822-1jns5p/pytest/popen-gw0/test_marker_receipt_and_artifa1/skills/build-skill/build
.temp/TASK-260822-1jns5p/pytest/popen-gw0/test_marker_receipt_and_artifa2/.cocoaskills/cache/build-skill/7509885ab0660f6ef802f067bef0b88587f679ed/snapshot/build
.temp/TASK-260822-1jns5p/pytest/popen-gw0/test_marker_receipt_and_artifa2/skills/build-skill/build
.temp/TASK-260822-1jns5p/pytest/popen-gw0/test_missing_raw_snapshot_is_n0/skills/build-skill/build
.temp/TASK-260822-1jns5p/pytest/popen-gw0/test_missing_untrusted_and_uns0/.cocoaskills/cache/build-skill/ca13a454579b3d2008d09f57de8d6ab60c49d043/snapshot/build
.temp/TASK-260822-1jns5p/pytest/popen-gw0/test_missing_untrusted_and_uns0/skills/build-skill/build
.temp/TASK-260822-1jns5p/pytest/popen-gw0/test_native_backend_reports_fr0/.cocoaskills/cache/build-skill/c9df9bf0abf602c2f5ea9bd82c0461bd63af931c/snapshot/build
.temp/TASK-260822-1jns5p/pytest/popen-gw0/test_native_backend_reports_fr0/skills/build-skill/build
.temp/TASK-260822-1jns5p/pytest/popen-gw0/test_noncanonical_protected_re0/.cocoaskills/cache/build-skill/9bab7486c299cb12d1c453a237719fc8ac9151e1/snapshot/build
.temp/TASK-260822-1jns5p/pytest/popen-gw0/test_noncanonical_protected_re0/skills/build-skill/build
.temp/TASK-260822-1jns5p/pytest/popen-gw0/test_package_graph_rejection_s0/build
.temp/TASK-260822-1jns5p/pytest/popen-gw0/test_package_graph_rejection_s1/build
.temp/TASK-260822-1jns5p/pytest/popen-gw0/test_package_graph_rejection_s10/build
.temp/TASK-260822-1jns5p/pytest/popen-gw0/test_package_graph_rejection_s11/build
.temp/TASK-260822-1jns5p/pytest/popen-gw0/test_package_graph_rejection_s12/build
.temp/TASK-260822-1jns5p/pytest/popen-gw0/test_package_graph_rejection_s13/build
.temp/TASK-260822-1jns5p/pytest/popen-gw0/test_package_graph_rejection_s2/build
.temp/TASK-260822-1jns5p/pytest/popen-gw0/test_package_graph_rejection_s3/build
.temp/TASK-260822-1jns5p/pytest/popen-gw0/test_package_graph_rejection_s4/build
.temp/TASK-260822-1jns5p/pytest/popen-gw0/test_package_graph_rejection_s5/build
.temp/TASK-260822-1jns5p/pytest/popen-gw0/test_package_graph_rejection_s6/build
.temp/TASK-260822-1jns5p/pytest/popen-gw0/test_package_graph_rejection_s7/build
.temp/TASK-260822-1jns5p/pytest/popen-gw0/test_package_graph_rejection_s8/build
.temp/TASK-260822-1jns5p/pytest/popen-gw0/test_package_graph_rejection_s9/build
.temp/TASK-260822-1jns5p/pytest/popen-gw0/test_poisoned_compiler_environ0/snapshot/build
.temp/TASK-260822-1jns5p/pytest/popen-gw0/test_process_executor_rechecks0/snapshot/build
.temp/TASK-260822-1jns5p/pytest/popen-gw0/test_project_build_status_reva0/.cocoaskills/cache/build-skill/ff45ee825f38497ce47d19439d41e12d59efefda/snapshot/build
.temp/TASK-260822-1jns5p/pytest/popen-gw0/test_project_build_status_reva0/skills/build-skill/build
.temp/TASK-260822-1jns5p/pytest/popen-gw0/test_runtime_archive_and_slot_0/worker/snapshot/build
.temp/TASK-260822-1jns5p/pytest/popen-gw0/test_runtime_build_root_exposu0/.cocoaskills/cache/build-skill/f2509a8eb09aaed723ffc22fc149750faafa9b6e/snapshot/build
.temp/TASK-260822-1jns5p/pytest/popen-gw0/test_runtime_build_root_exposu0/.cocoaskills/runtime/build-skill/f2509a8eb09aaed723ffc22fc149750faafa9b6e/build
.temp/TASK-260822-1jns5p/pytest/popen-gw0/test_runtime_build_root_exposu0/skills/build-skill/build
.temp/TASK-260822-1jns5p/pytest/popen-gw0/test_teardown_failure_cannot_m0/snapshot/build
.temp/TASK-260822-1jns5p/pytest/popen-gw0/test_valid_complete_package_gr0/build
.temp/TASK-260822-1jns5p/pytest/popen-gw0/test_vendored_assembly_excepti0/build
.temp/TASK-260822-1jns5p/pytest/popen-gw0/test_vendored_assembly_excepti1/build
.temp/TASK-260822-1jns5p/pytest/popen-gw0/test_vendored_assembly_excepti2/build
.temp/TASK-260822-1jns5p/pytest/popen-gw0/test_vendored_assembly_excepti3/build
.temp/TASK-260822-1jns5p/pytest/popen-gw0/test_vendored_pure_go_assembly0/build
.temp/TASK-260822-1jns5p/pytest/popen-gw0/test_windows_venv_runtime_layo0/permitted-worker/snapshot/build
.temp/TASK-260822-1jns5p/pytest/popen-gw0/test_windows_venv_runtime_layo0/worker/snapshot/build
.temp/TASK-260822-1jns5p/pytest/popen-gw0/test_windows_worker_bootstrap_0/snapshot/build
.temp/TASK-260822-1jns5p/pytest/popen-gw0/test_worker_bootstrap_uses_one0/snapshot/build
.temp/TASK-260822-1jns5p/pytest/popen-gw0/test_worker_environment_matche0/snapshot/build
.temp/TASK-260822-1jns5p/pytest/popen-gw0/test_worker_issues_exactly_one0/snapshot/build
.temp/TASK-260822-1jns5p/pytest/popen-gw0/test_worker_rejects_a_site_ena0/snapshot/build
.temp/TASK-260822-1jns5p/pytest/popen-gw0/test_worker_rejects_first_requ0/snapshot/build
.temp/TASK-260822-1jns5p/pytest/popen-gw0/test_worker_reverifies_manager0/snapshot/build
.temp/TASK-260822-1jns5p/pytest/popen-gw0/test_worker_runtime_proof_acce0/snapshot/build
.temp/TASK-260822-1jns5p/pytest/popen-gw0/test_worker_runtime_proof_reje0/snapshot/build
.temp/TASK-260822-1jns5p/pytest/popen-gw0/test_worker_runtime_proof_reje1/snapshot/build
.temp/TASK-260822-1jns5p/pytest/popen-gw0/test_worker_runtime_proof_reje10/snapshot/build
.temp/TASK-260822-1jns5p/pytest/popen-gw0/test_worker_runtime_proof_reje11/snapshot/build
.temp/TASK-260822-1jns5p/pytest/popen-gw0/test_worker_runtime_proof_reje12/snapshot/build
.temp/TASK-260822-1jns5p/pytest/popen-gw0/test_worker_runtime_proof_reje13/snapshot/build
.temp/TASK-260822-1jns5p/pytest/popen-gw0/test_worker_runtime_proof_reje14/snapshot/build
.temp/TASK-260822-1jns5p/pytest/popen-gw0/test_worker_runtime_proof_reje2/snapshot/build
.temp/TASK-260822-1jns5p/pytest/popen-gw0/test_worker_runtime_proof_reje3/snapshot/build
.temp/TASK-260822-1jns5p/pytest/popen-gw0/test_worker_runtime_proof_reje4/snapshot/build
.temp/TASK-260822-1jns5p/pytest/popen-gw0/test_worker_runtime_proof_reje5/snapshot/build
.temp/TASK-260822-1jns5p/pytest/popen-gw0/test_worker_runtime_proof_reje6/snapshot/build
.temp/TASK-260822-1jns5p/pytest/popen-gw0/test_worker_runtime_proof_reje7/snapshot/build
.temp/TASK-260822-1jns5p/pytest/popen-gw0/test_worker_runtime_proof_reje8/snapshot/build
.temp/TASK-260822-1jns5p/pytest/popen-gw0/test_worker_runtime_proof_reje9/snapshot/build
.temp/TASK-260822-1jns5p/pytest/popen-gw1/test_argv0_resolves_operator_s0/venv
.temp/TASK-260822-1jns5p/pytest/popen-gw1/test_build_planning_runs_only_0/skills/skill-build/build
.temp/TASK-260822-1jns5p/pytest/popen-gw1/test_compiled_dry_run_preserve0/skills/skill-build/build
.temp/TASK-260822-1jns5p/pytest/popen-gw1/test_equal_dual_schema_v6_mani0/build
.temp/TASK-260822-1jns5p/pytest/popen-gw1/test_project_dry_run_missing_g0/skills/skill-build/build
.temp/TASK-260822-1jns5p/pytest/popen-gw1/test_real_install_requires_bui0/.cocoaskills/cache/skill-build/3c46e60c67a847984516f52b2d6422964d5911bd/snapshot/build
.temp/TASK-260822-1jns5p/pytest/popen-gw1/test_real_install_requires_bui0/skills/skill-build/build
.temp/TASK-260822-1jns5p/pytest/popen-gw1/test_schema_v6_allows_source_d0/build
.temp/TASK-260822-1jns5p/pytest/popen-gw1/test_schema_v6_build_command_h0/build
.temp/TASK-260822-1jns5p/pytest/popen-gw1/test_schema_v6_build_command_h1/build
.temp/TASK-260822-1jns5p/pytest/popen-gw1/test_schema_v6_build_command_h10/build
.temp/TASK-260822-1jns5p/pytest/popen-gw1/test_schema_v6_build_command_h11/build
.temp/TASK-260822-1jns5p/pytest/popen-gw1/test_schema_v6_build_command_h12/build
.temp/TASK-260822-1jns5p/pytest/popen-gw1/test_schema_v6_build_command_h13/build
.temp/TASK-260822-1jns5p/pytest/popen-gw1/test_schema_v6_build_command_h14/build
.temp/TASK-260822-1jns5p/pytest/popen-gw1/test_schema_v6_build_command_h2/build
.temp/TASK-260822-1jns5p/pytest/popen-gw1/test_schema_v6_build_command_h3/build
.temp/TASK-260822-1jns5p/pytest/popen-gw1/test_schema_v6_build_command_h4/build
.temp/TASK-260822-1jns5p/pytest/popen-gw1/test_schema_v6_build_command_h5/build
.temp/TASK-260822-1jns5p/pytest/popen-gw1/test_schema_v6_build_command_h6/build
.temp/TASK-260822-1jns5p/pytest/popen-gw1/test_schema_v6_build_command_h7/build
.temp/TASK-260822-1jns5p/pytest/popen-gw1/test_schema_v6_build_command_h8/build
.temp/TASK-260822-1jns5p/pytest/popen-gw1/test_schema_v6_build_command_h9/build
.temp/TASK-260822-1jns5p/pytest/popen-gw1/test_schema_v6_build_command_r0/build
.temp/TASK-260822-1jns5p/pytest/popen-gw1/test_schema_v6_build_diagnosti0/build
.temp/TASK-260822-1jns5p/pytest/popen-gw1/test_schema_v6_build_roots_do_0/build
.temp/TASK-260822-1jns5p/pytest/popen-gw1/test_schema_v6_build_roots_do_1/build
.temp/TASK-260822-1jns5p/pytest/popen-gw1/test_schema_v6_build_roots_do_2/runtime/build
.temp/TASK-260822-1jns5p/pytest/popen-gw1/test_schema_v6_parses_mixed_co0/build
.temp/TASK-260822-1jns5p/pytest/popen-gw1/test_schema_v6_parses_mixed_co1/build
.temp/TASK-260822-1jns5p/pytest/popen-gw1/test_schema_v6_rejects_invalid10/build
.temp/TASK-260822-1jns5p/pytest/popen-gw1/test_schema_v6_rejects_invalid11/build
.temp/TASK-260822-1jns5p/pytest/popen-gw1/test_schema_v6_rejects_invalid12/build
.temp/TASK-260822-1jns5p/pytest/popen-gw1/test_schema_v6_rejects_invalid13/build
.temp/TASK-260822-1jns5p/pytest/popen-gw1/test_schema_v6_rejects_invalid14/build
.temp/TASK-260822-1jns5p/pytest/popen-gw1/test_schema_v6_rejects_invalid15/build
.temp/TASK-260822-1jns5p/pytest/popen-gw1/test_schema_v6_rejects_invalid8/build
.temp/TASK-260822-1jns5p/pytest/popen-gw1/test_schema_v6_rejects_invalid9/build
.temp/TASK-260822-1jns5p/pytest/popen-gw1/test_schema_v6_rejects_linked_1/real-parent/build
.temp/TASK-260822-1jns5p/pytest/popen-gw1/test_schema_v6_rejects_linked_2/build
.temp/TASK-260822-1jns5p/pytest/popen-gw1/test_schema_v6_rejects_linked_3/build
.temp/TASK-260822-1jns5p/pytest/popen-gw1/test_schema_v6_rejects_non_reg0/build
.temp/TASK-260822-1jns5p/pytest/popen-gw1/test_schema_v6_rejects_reserve0/build
.temp/TASK-260822-1jns5p/pytest/popen-gw1/test_schema_v6_rejects_reserve1/build
.temp/TASK-260822-1jns5p/pytest/popen-gw1/test_schema_v6_rejects_reserve2/build
.temp/TASK-260822-1jns5p/pytest/popen-gw1/test_schema_v6_rejects_reserve3/build
.temp/TASK-260822-1jns5p/pytest/popen-gw1/test_schema_v6_rejects_reserve4/build
.temp/TASK-260822-1jns5p/pytest/popen-gw1/test_schema_v6_rejects_reserve5/build
.temp/TASK-260822-1jns5p/pytest/popen-gw1/test_schema_v6_rejects_reserve6/build
.temp/TASK-260822-1jns5p/pytest/popen-gw1/test_schema_v6_rejects_reserve7/build
.temp/TASK-260822-1jns5p/pytest/popen-gw1/test_schema_v6_requires_every_0/build
.temp/TASK-260822-1jns5p/pytest/popen-gw1/test_transaction_recovery_wait0/.cocoaskills/cache/compiled/3d428b773f61195639301c57ff66db32a31e1042/snapshot/build
.temp/TASK-260822-1jns5p/pytest/popen-gw1/test_transaction_recovery_wait0/skills/compiled/build
.temp/TASK-260822-1jns5p/pytest/popen-gw2/test_active_journal_with_no_re0/.cocoaskills/cache/build-skill/1313df569d35fbe820e7ed1f80d599cc8bf31775/snapshot/build
.temp/TASK-260822-1jns5p/pytest/popen-gw2/test_active_journal_with_no_re0/skills/build-skill/build
.temp/TASK-260822-1jns5p/pytest/popen-gw2/test_active_transaction_journa0/.cocoaskills/cache/build-skill/65a0e9ae791545c421e8ab93e8d512ca40d583d1/snapshot/build
.temp/TASK-260822-1jns5p/pytest/popen-gw2/test_active_transaction_journa0/skills/build-skill/build
.temp/TASK-260822-1jns5p/pytest/popen-gw2/test_build_failure_preserves_e0/.cocoaskills/cache/compiled/63ba4bb81830b530c73a52c330019b0b029e4c8d/snapshot/build
.temp/TASK-260822-1jns5p/pytest/popen-gw2/test_build_failure_preserves_e0/skills/compiled/build
.temp/TASK-260822-1jns5p/pytest/popen-gw2/test_build_gc_marks_project_ma0/skills/build-skill/build
.temp/TASK-260822-1jns5p/pytest/popen-gw2/test_build_gc_marks_project_ma0/young-skills/build-skill/build
.temp/TASK-260822-1jns5p/pytest/popen-gw2/test_build_gc_marks_valid_glob0/.cocoaskills/cache/build-skill/01bf47d6e4bf387831a3dc080c20e158e6e1f7ad/snapshot/build
.temp/TASK-260822-1jns5p/pytest/popen-gw2/test_build_gc_marks_valid_glob0/skills/build-skill/build
.temp/TASK-260822-1jns5p/pytest/popen-gw2/test_build_gc_marks_valid_glob1/.cocoaskills/cache/build-skill/841890013bf12b9d7f1f54308999bb88120a134d/snapshot/build
.temp/TASK-260822-1jns5p/pytest/popen-gw2/test_build_gc_marks_valid_glob1/skills/build-skill/build
.temp/TASK-260822-1jns5p/pytest/popen-gw2/test_corrupt_consumer_registry0/.cocoaskills/cache/build-skill/6727eb1351a549f83bc7526135b53adc0b8cf8c0/snapshot/build
.temp/TASK-260822-1jns5p/pytest/popen-gw2/test_corrupt_consumer_registry0/skills/build-skill/build
.temp/TASK-260822-1jns5p/pytest/popen-gw2/test_corrupt_journal_or_marker0/.cocoaskills/cache/build-skill/7ab217d74267251000b47095a7690c9d9fd8bcfc/snapshot/build
.temp/TASK-260822-1jns5p/pytest/popen-gw2/test_corrupt_journal_or_marker0/skills/build-skill/build
.temp/TASK-260822-1jns5p/pytest/popen-gw2/test_csk_install_prints_the_op0/.cocoaskills/cache/compiled/92168706675f89d42089469a585b21118c8b89fa/snapshot/build
.temp/TASK-260822-1jns5p/pytest/popen-gw2/test_csk_install_prints_the_op0/skills/compiled/build
.temp/TASK-260822-1jns5p/pytest/popen-gw2/test_each_lock_class_recanonic2/build
.temp/TASK-260822-1jns5p/pytest/popen-gw2/test_global_build_planning_mer0/skills/consumer-a/build
.temp/TASK-260822-1jns5p/pytest/popen-gw2/test_global_build_planning_mer0/skills/consumer-b/build
.temp/TASK-260822-1jns5p/pytest/popen-gw2/test_global_build_planning_mer0/skills/provider/build
.temp/TASK-260822-1jns5p/pytest/popen-gw2/test_global_build_planning_run0/skills/skill-build/build
.temp/TASK-260822-1jns5p/pytest/popen-gw2/test_global_dry_run_missing_go0/skills/skill-build/build
.temp/TASK-260822-1jns5p/pytest/popen-gw2/test_global_install_stops_befo0/.cocoaskills/cache/skill-build/6b568330c664281955d20e3a76f1097186ad73a5/snapshot/build
.temp/TASK-260822-1jns5p/pytest/popen-gw2/test_global_install_stops_befo0/skills/skill-build/build
.temp/TASK-260822-1jns5p/pytest/popen-gw2/test_global_real_install_requi0/.cocoaskills/cache/skill-build/c9245ea85eeecd6a325a313785d6b2ac1ff8cb66/snapshot/build
.temp/TASK-260822-1jns5p/pytest/popen-gw2/test_global_real_install_requi0/skills/skill-build/build
.temp/TASK-260822-1jns5p/pytest/popen-gw2/test_global_real_install_runs_0/.cocoaskills/cache/skill-build/ebdab962487e48a2d3770ed97510879b73cc4f3e/snapshot/build
.temp/TASK-260822-1jns5p/pytest/popen-gw2/test_global_real_install_runs_0/skills/skill-build/build
.temp/TASK-260822-1jns5p/pytest/popen-gw2/test_hybrid_build_is_committed0/.cocoaskills/cache/hybrid-tool/6f1e203ae74eb6cd9a9fe48a582a69eec2a90acd/snapshot/build
.temp/TASK-260822-1jns5p/pytest/popen-gw2/test_hybrid_build_is_committed0/skills/hybrid-tool/build
.temp/TASK-260822-1jns5p/pytest/popen-gw2/test_journal_filesystem_error_0/.cocoaskills/cache/build-skill/5b854208975f9df4a4baf5b41a751bd907f21a8e/snapshot/build
.temp/TASK-260822-1jns5p/pytest/popen-gw2/test_journal_filesystem_error_0/skills/build-skill/build
.temp/TASK-260822-1jns5p/pytest/popen-gw2/test_journal_generation_change0/.cocoaskills/cache/build-skill/5660409ce334d9561fbde6214d6807ee3c75be50/snapshot/build
.temp/TASK-260822-1jns5p/pytest/popen-gw2/test_journal_generation_change0/skills/build-skill/build
.temp/TASK-260822-1jns5p/pytest/popen-gw2/test_project_boundary_reports_0/.cocoaskills/cache/compiled/92168706675f89d42089469a585b21118c8b89fa/snapshot/build
.temp/TASK-260822-1jns5p/pytest/popen-gw2/test_project_boundary_reports_0/skills/compiled/build
.temp/TASK-260822-1jns5p/pytest/popen-gw2/test_publication_failure_leave0/.cocoaskills/cache/compiled/aff242811ce0984bedc1e734dda2ef1a594863f7/snapshot/build
.temp/TASK-260822-1jns5p/pytest/popen-gw2/test_publication_failure_leave0/skills/compiled/build
.temp/TASK-260822-1jns5p/pytest/popen-gw2/test_real_builds_run_provider_0/.cocoaskills/cache/consumer/a580e64daf524ce9f146c54b2dd40c5cadd0253e/snapshot/build
.temp/TASK-260822-1jns5p/pytest/popen-gw2/test_real_builds_run_provider_0/.cocoaskills/cache/provider/0593c4f3c5482ffc3ac3cdaddc75a09708178c43/snapshot/build
.temp/TASK-260822-1jns5p/pytest/popen-gw2/test_real_builds_run_provider_0/skills/consumer/build
.temp/TASK-260822-1jns5p/pytest/popen-gw2/test_real_builds_run_provider_0/skills/provider/build
.temp/TASK-260822-1jns5p/pytest/popen-gw2/test_schema_v7_preserves_local0/build
.temp/TASK-260822-1jns5p/pytest/popen-gw2/test_two_projects_share_verifi0/.cocoaskills/cache/compiled/63c733c43bcc32ecb1d305e966d9880190e70f8f/snapshot/build
.temp/TASK-260822-1jns5p/pytest/popen-gw2/test_two_projects_share_verifi0/skills/compiled/build
.temp/TASK-260822-1jns5p/pytest/popen-gw2/test_unreferenced_corrupt_prot0/skills/build-skill/build
.temp/TASK-260822-1jns5p/pytest/popen-gw2/test_valid_journal_target_cann0/.cocoaskills/cache/build-skill/d12ad204066360c1c2076662e572d03e56ae781d/snapshot/build
.temp/TASK-260822-1jns5p/pytest/popen-gw2/test_valid_journal_target_cann0/skills/build-skill/build
.temp/TASK-260822-1jns5p/pytest/popen-gw3/test_global_boundary_reports_t0/.cocoaskills/cache/compiled/020ab45f22b7f262329d2794dfbdf41304171539/snapshot/build
.temp/TASK-260822-1jns5p/pytest/popen-gw3/test_global_boundary_reports_t0/skills/compiled/build
.temp/TASK-260822-1jns5p/pytest/popen-gw3/test_global_build_or_publicati0/.cocoaskills/cache/compiled/d588a47e00c462989a0a0d99cdd9ffcd685e4171/snapshot/build
.temp/TASK-260822-1jns5p/pytest/popen-gw3/test_global_build_or_publicati0/.cocoaskills/cache/compiled/e4cd35e0bef57eddfc2d628f722b85a5c29bbaef/snapshot/build
.temp/TASK-260822-1jns5p/pytest/popen-gw3/test_global_build_or_publicati0/skills/compiled/build
.temp/TASK-260822-1jns5p/pytest/popen-gw3/test_global_build_or_publicati1/.cocoaskills/cache/compiled/5071c2766d403bb07dab7bcbacc9643d66260962/snapshot/build
.temp/TASK-260822-1jns5p/pytest/popen-gw3/test_global_build_or_publicati1/.cocoaskills/cache/compiled/d6a344aa5599e3142fff89dfc773e31768cc3584/snapshot/build
.temp/TASK-260822-1jns5p/pytest/popen-gw3/test_global_build_or_publicati1/skills/compiled/build
.temp/TASK-260822-1jns5p/pytest/popen-gw3/test_global_builds_publish_mar0/.cocoaskills/cache/consumer/db1e46cc3c3fca1b48dc9f4692474a363dbc26f8/snapshot/build
.temp/TASK-260822-1jns5p/pytest/popen-gw3/test_global_builds_publish_mar0/.cocoaskills/cache/provider/014909c79a0bdb61ab37ec5bd80ec6fa9db64eb5/snapshot/build
.temp/TASK-260822-1jns5p/pytest/popen-gw3/test_global_builds_publish_mar0/skills/consumer/build
.temp/TASK-260822-1jns5p/pytest/popen-gw3/test_global_builds_publish_mar0/skills/provider/build
.temp/TASK-260822-1jns5p/pytest/popen-gw3/test_verify_dist_generates_and0/dist
.temp/TASK-260822-1jns5p/pytest/popen-gw3/test_verify_dist_rejects_extra0/dist
.temp/TASK-260822-1jns5p/pytest/popen-gw3/test_verify_dist_rejects_tag_m0/dist
.temp/TASK-260824-2h0vjy/crlf/.github/scripts/__pycache__
.temp/TASK-260824-2h0vjy/crlf/.mypy_cache
.temp/TASK-260824-2h0vjy/crlf/.pytest_cache
.temp/TASK-260824-2h0vjy/crlf/.research/__pycache__
.temp/TASK-260824-2h0vjy/crlf/.venv
.temp/TASK-260824-2h0vjy/crlf/src/csk/__pycache__
.temp/TASK-260824-2h0vjy/crlf/src/csk/audit/__pycache__
.temp/TASK-260824-2h0vjy/crlf/src/csk/audit/backends/__pycache__
.temp/TASK-260824-2h0vjy/crlf/src/csk/builds/__pycache__
.temp/TASK-260824-2h0vjy/crlf/tests/__pycache__
.temp/TASK-260824-2h0vjy/crlf/tests/fixtures/skill_go_e2e/build
.temp/TASK-260824-2h0vjy/cycle4/.github/scripts/__pycache__
.temp/TASK-260824-2h0vjy/cycle4/.pytest_cache
.temp/TASK-260824-2h0vjy/cycle4/.venv
.temp/TASK-260824-2h0vjy/cycle4/build
.temp/TASK-260824-2h0vjy/cycle4/src/csk/__pycache__
.temp/TASK-260824-2h0vjy/cycle4/src/csk/audit/__pycache__
.temp/TASK-260824-2h0vjy/cycle4/src/csk/audit/backends/__pycache__
.temp/TASK-260824-2h0vjy/cycle4/src/csk/builds/__pycache__
.temp/TASK-260824-2h0vjy/cycle4/tests/__pycache__
.temp/TASK-260824-2h0vjy/cycle4/tests/fixtures/skill_go_e2e/build
.temp/TASK-260824-2h0vjy/fix/.github/scripts/__pycache__
.temp/TASK-260824-2h0vjy/fix/.mypy_cache
.temp/TASK-260824-2h0vjy/fix/.pytest_cache
.temp/TASK-260824-2h0vjy/fix/.research/__pycache__
.temp/TASK-260824-2h0vjy/fix/.venv
.temp/TASK-260824-2h0vjy/fix/build
.temp/TASK-260824-2h0vjy/fix/src/csk/__pycache__
.temp/TASK-260824-2h0vjy/fix/src/csk/audit/__pycache__
.temp/TASK-260824-2h0vjy/fix/src/csk/audit/backends/__pycache__
.temp/TASK-260824-2h0vjy/fix/src/csk/builds/__pycache__
.temp/TASK-260824-2h0vjy/fix/tests/__pycache__
.temp/TASK-260824-2h0vjy/fix/tests/fixtures/skill_go_e2e/build
.temp/TASK-260824-2h0vjy/rework/.github/scripts/__pycache__
.temp/TASK-260824-2h0vjy/rework/.mypy_cache
.temp/TASK-260824-2h0vjy/rework/.pytest_cache
.temp/TASK-260824-2h0vjy/rework/.research/__pycache__
.temp/TASK-260824-2h0vjy/rework/.venv
.temp/TASK-260824-2h0vjy/rework/build
.temp/TASK-260824-2h0vjy/rework/src/csk/__pycache__
.temp/TASK-260824-2h0vjy/rework/src/csk/audit/__pycache__
.temp/TASK-260824-2h0vjy/rework/src/csk/audit/backends/__pycache__
.temp/TASK-260824-2h0vjy/rework/src/csk/builds/__pycache__
.temp/TASK-260824-2h0vjy/rework/tests/__pycache__
.temp/TASK-260824-2h0vjy/rework/tests/fixtures/skill_go_e2e/build
.temp/TASK-260824-2h0vjy/worktree/.github/scripts/__pycache__
.temp/TASK-260824-2h0vjy/worktree/.mypy_cache
.temp/TASK-260824-2h0vjy/worktree/.pytest_cache
.temp/TASK-260824-2h0vjy/worktree/.research/__pycache__
.temp/TASK-260824-2h0vjy/worktree/src/csk/__pycache__
.temp/TASK-260824-2h0vjy/worktree/src/csk/audit/__pycache__
.temp/TASK-260824-2h0vjy/worktree/src/csk/audit/backends/__pycache__
.temp/TASK-260824-2h0vjy/worktree/src/csk/builds/__pycache__
.temp/TASK-260824-2h0vjy/worktree/tests/__pycache__
.temp/TASK-260824-2h0vjy/worktree/tests/fixtures/skill_go_e2e/build
.temp/TASK-260824-2i5yqw/e2e-venv/lib/python3.14/site-packages/__pycache__
.temp/TASK-260824-2i5yqw/e2e-venv/lib/python3.14/site-packages/_pytest/__pycache__
.temp/TASK-260824-2i5yqw/e2e-venv/lib/python3.14/site-packages/_pytest/_code/__pycache__
.temp/TASK-260824-2i5yqw/e2e-venv/lib/python3.14/site-packages/_pytest/_io/__pycache__
.temp/TASK-260824-2i5yqw/e2e-venv/lib/python3.14/site-packages/_pytest/_py/__pycache__
.temp/TASK-260824-2i5yqw/e2e-venv/lib/python3.14/site-packages/_pytest/assertion/__pycache__
.temp/TASK-260824-2i5yqw/e2e-venv/lib/python3.14/site-packages/_pytest/config/__pycache__
.temp/TASK-260824-2i5yqw/e2e-venv/lib/python3.14/site-packages/_pytest/mark/__pycache__
.temp/TASK-260824-2i5yqw/e2e-venv/lib/python3.14/site-packages/ast_serialize/__pycache__
.temp/TASK-260824-2i5yqw/e2e-venv/lib/python3.14/site-packages/attr/__pycache__
.temp/TASK-260824-2i5yqw/e2e-venv/lib/python3.14/site-packages/attrs/__pycache__
.temp/TASK-260824-2i5yqw/e2e-venv/lib/python3.14/site-packages/build
.temp/TASK-260824-2i5yqw/e2e-venv/lib/python3.14/site-packages/certifi/__pycache__
.temp/TASK-260824-2i5yqw/e2e-venv/lib/python3.14/site-packages/certifi/tests/__pycache__
.temp/TASK-260824-2i5yqw/e2e-venv/lib/python3.14/site-packages/cffi/__pycache__
.temp/TASK-260824-2i5yqw/e2e-venv/lib/python3.14/site-packages/charset_normalizer/__pycache__
.temp/TASK-260824-2i5yqw/e2e-venv/lib/python3.14/site-packages/charset_normalizer/cli/__pycache__
.temp/TASK-260824-2i5yqw/e2e-venv/lib/python3.14/site-packages/cryptography/__pycache__
.temp/TASK-260824-2i5yqw/e2e-venv/lib/python3.14/site-packages/cryptography/hazmat/__pycache__
.temp/TASK-260824-2i5yqw/e2e-venv/lib/python3.14/site-packages/cryptography/hazmat/asn1/__pycache__
.temp/TASK-260824-2i5yqw/e2e-venv/lib/python3.14/site-packages/cryptography/hazmat/backends/__pycache__
.temp/TASK-260824-2i5yqw/e2e-venv/lib/python3.14/site-packages/cryptography/hazmat/backends/openssl/__pycache__
.temp/TASK-260824-2i5yqw/e2e-venv/lib/python3.14/site-packages/cryptography/hazmat/bindings/__pycache__
.temp/TASK-260824-2i5yqw/e2e-venv/lib/python3.14/site-packages/cryptography/hazmat/bindings/openssl/__pycache__
.temp/TASK-260824-2i5yqw/e2e-venv/lib/python3.14/site-packages/cryptography/hazmat/decrepit/__pycache__
.temp/TASK-260824-2i5yqw/e2e-venv/lib/python3.14/site-packages/cryptography/hazmat/decrepit/ciphers/__pycache__
.temp/TASK-260824-2i5yqw/e2e-venv/lib/python3.14/site-packages/cryptography/hazmat/primitives/__pycache__
.temp/TASK-260824-2i5yqw/e2e-venv/lib/python3.14/site-packages/cryptography/hazmat/primitives/asymmetric/__pycache__
.temp/TASK-260824-2i5yqw/e2e-venv/lib/python3.14/site-packages/cryptography/hazmat/primitives/ciphers/__pycache__
.temp/TASK-260824-2i5yqw/e2e-venv/lib/python3.14/site-packages/cryptography/hazmat/primitives/kdf/__pycache__
.temp/TASK-260824-2i5yqw/e2e-venv/lib/python3.14/site-packages/cryptography/hazmat/primitives/serialization/__pycache__
.temp/TASK-260824-2i5yqw/e2e-venv/lib/python3.14/site-packages/cryptography/hazmat/primitives/twofactor/__pycache__
.temp/TASK-260824-2i5yqw/e2e-venv/lib/python3.14/site-packages/cryptography/x509/__pycache__
.temp/TASK-260824-2i5yqw/e2e-venv/lib/python3.14/site-packages/csk/__pycache__
.temp/TASK-260824-2i5yqw/e2e-venv/lib/python3.14/site-packages/csk/audit/__pycache__
.temp/TASK-260824-2i5yqw/e2e-venv/lib/python3.14/site-packages/csk/audit/backends/__pycache__
.temp/TASK-260824-2i5yqw/e2e-venv/lib/python3.14/site-packages/csk/builds/__pycache__
.temp/TASK-260824-2i5yqw/e2e-venv/lib/python3.14/site-packages/docutils/__pycache__
.temp/TASK-260824-2i5yqw/e2e-venv/lib/python3.14/site-packages/docutils/languages/__pycache__
.temp/TASK-260824-2i5yqw/e2e-venv/lib/python3.14/site-packages/docutils/parsers/__pycache__
.temp/TASK-260824-2i5yqw/e2e-venv/lib/python3.14/site-packages/docutils/parsers/rst/__pycache__
.temp/TASK-260824-2i5yqw/e2e-venv/lib/python3.14/site-packages/docutils/parsers/rst/directives/__pycache__
.temp/TASK-260824-2i5yqw/e2e-venv/lib/python3.14/site-packages/docutils/parsers/rst/languages/__pycache__
.temp/TASK-260824-2i5yqw/e2e-venv/lib/python3.14/site-packages/docutils/readers/__pycache__
.temp/TASK-260824-2i5yqw/e2e-venv/lib/python3.14/site-packages/docutils/transforms/__pycache__
.temp/TASK-260824-2i5yqw/e2e-venv/lib/python3.14/site-packages/docutils/utils/__pycache__
.temp/TASK-260824-2i5yqw/e2e-venv/lib/python3.14/site-packages/docutils/utils/math/__pycache__
.temp/TASK-260824-2i5yqw/e2e-venv/lib/python3.14/site-packages/docutils/writers/__pycache__
.temp/TASK-260824-2i5yqw/e2e-venv/lib/python3.14/site-packages/docutils/writers/html4css1/__pycache__
.temp/TASK-260824-2i5yqw/e2e-venv/lib/python3.14/site-packages/docutils/writers/html5_polyglot/__pycache__
.temp/TASK-260824-2i5yqw/e2e-venv/lib/python3.14/site-packages/docutils/writers/latex2e/__pycache__
.temp/TASK-260824-2i5yqw/e2e-venv/lib/python3.14/site-packages/docutils/writers/odf_odt/__pycache__
.temp/TASK-260824-2i5yqw/e2e-venv/lib/python3.14/site-packages/docutils/writers/pep_html/__pycache__
.temp/TASK-260824-2i5yqw/e2e-venv/lib/python3.14/site-packages/docutils/writers/s5_html/__pycache__
.temp/TASK-260824-2i5yqw/e2e-venv/lib/python3.14/site-packages/docutils/writers/xetex/__pycache__
.temp/TASK-260824-2i5yqw/e2e-venv/lib/python3.14/site-packages/execnet/__pycache__
.temp/TASK-260824-2i5yqw/e2e-venv/lib/python3.14/site-packages/execnet/script/__pycache__
.temp/TASK-260824-2i5yqw/e2e-venv/lib/python3.14/site-packages/id/__pycache__
.temp/TASK-260824-2i5yqw/e2e-venv/lib/python3.14/site-packages/id/_internal/oidc/__pycache__
.temp/TASK-260824-2i5yqw/e2e-venv/lib/python3.14/site-packages/idna/__pycache__
.temp/TASK-260824-2i5yqw/e2e-venv/lib/python3.14/site-packages/iniconfig/__pycache__
.temp/TASK-260824-2i5yqw/e2e-venv/lib/python3.14/site-packages/jaraco/classes/__pycache__
.temp/TASK-260824-2i5yqw/e2e-venv/lib/python3.14/site-packages/jaraco/context/__pycache__
.temp/TASK-260824-2i5yqw/e2e-venv/lib/python3.14/site-packages/jaraco/functools/__pycache__
.temp/TASK-260824-2i5yqw/e2e-venv/lib/python3.14/site-packages/jsonschema/__pycache__
.temp/TASK-260824-2i5yqw/e2e-venv/lib/python3.14/site-packages/jsonschema/benchmarks/__pycache__
.temp/TASK-260824-2i5yqw/e2e-venv/lib/python3.14/site-packages/jsonschema/tests/__pycache__
.temp/TASK-260824-2i5yqw/e2e-venv/lib/python3.14/site-packages/jsonschema/tests/typing/__pycache__
.temp/TASK-260824-2i5yqw/e2e-venv/lib/python3.14/site-packages/jsonschema_specifications/__pycache__
.temp/TASK-260824-2i5yqw/e2e-venv/lib/python3.14/site-packages/jsonschema_specifications/tests/__pycache__
.temp/TASK-260824-2i5yqw/e2e-venv/lib/python3.14/site-packages/keyring/__pycache__
.temp/TASK-260824-2i5yqw/e2e-venv/lib/python3.14/site-packages/keyring/backends/__pycache__
.temp/TASK-260824-2i5yqw/e2e-venv/lib/python3.14/site-packages/keyring/backends/macOS/__pycache__
.temp/TASK-260824-2i5yqw/e2e-venv/lib/python3.14/site-packages/keyring/compat/__pycache__
.temp/TASK-260824-2i5yqw/e2e-venv/lib/python3.14/site-packages/keyring/testing/__pycache__
.temp/TASK-260824-2i5yqw/e2e-venv/lib/python3.14/site-packages/keyring/util/__pycache__
.temp/TASK-260824-2i5yqw/e2e-venv/lib/python3.14/site-packages/markdown_it/__pycache__
.temp/TASK-260824-2i5yqw/e2e-venv/lib/python3.14/site-packages/markdown_it/cli/__pycache__
.temp/TASK-260824-2i5yqw/e2e-venv/lib/python3.14/site-packages/markdown_it/common/__pycache__
.temp/TASK-260824-2i5yqw/e2e-venv/lib/python3.14/site-packages/markdown_it/helpers/__pycache__
.temp/TASK-260824-2i5yqw/e2e-venv/lib/python3.14/site-packages/markdown_it/presets/__pycache__
.temp/TASK-260824-2i5yqw/e2e-venv/lib/python3.14/site-packages/markdown_it/rules_block/__pycache__
.temp/TASK-260824-2i5yqw/e2e-venv/lib/python3.14/site-packages/markdown_it/rules_core/__pycache__
.temp/TASK-260824-2i5yqw/e2e-venv/lib/python3.14/site-packages/markdown_it/rules_inline/__pycache__
.temp/TASK-260824-2i5yqw/e2e-venv/lib/python3.14/site-packages/mdurl/__pycache__
.temp/TASK-260824-2i5yqw/e2e-venv/lib/python3.14/site-packages/more_itertools/__pycache__
.temp/TASK-260824-2i5yqw/e2e-venv/lib/python3.14/site-packages/mypy/__pycache__
.temp/TASK-260824-2i5yqw/e2e-venv/lib/python3.14/site-packages/mypy/build_worker/__pycache__
.temp/TASK-260824-2i5yqw/e2e-venv/lib/python3.14/site-packages/mypy/dmypy/__pycache__
.temp/TASK-260824-2i5yqw/e2e-venv/lib/python3.14/site-packages/mypy/plugins/__pycache__
.temp/TASK-260824-2i5yqw/e2e-venv/lib/python3.14/site-packages/mypy/server/__pycache__
.temp/TASK-260824-2i5yqw/e2e-venv/lib/python3.14/site-packages/mypy/test/__pycache__
.temp/TASK-260824-2i5yqw/e2e-venv/lib/python3.14/site-packages/mypy/test/meta/__pycache__
.temp/TASK-260824-2i5yqw/e2e-venv/lib/python3.14/site-packages/mypy/typeshed/stdlib/venv
.temp/TASK-260824-2i5yqw/e2e-venv/lib/python3.14/site-packages/mypyc/__pycache__
.temp/TASK-260824-2i5yqw/e2e-venv/lib/python3.14/site-packages/mypyc/analysis/__pycache__
.temp/TASK-260824-2i5yqw/e2e-venv/lib/python3.14/site-packages/mypyc/codegen/__pycache__
.temp/TASK-260824-2i5yqw/e2e-venv/lib/python3.14/site-packages/mypyc/ir/__pycache__
.temp/TASK-260824-2i5yqw/e2e-venv/lib/python3.14/site-packages/mypyc/irbuild/__pycache__
.temp/TASK-260824-2i5yqw/e2e-venv/lib/python3.14/site-packages/mypyc/lib-rt/__pycache__
.temp/TASK-260824-2i5yqw/e2e-venv/lib/python3.14/site-packages/mypyc/lower/__pycache__
.temp/TASK-260824-2i5yqw/e2e-venv/lib/python3.14/site-packages/mypyc/primitives/__pycache__
.temp/TASK-260824-2i5yqw/e2e-venv/lib/python3.14/site-packages/mypyc/test/__pycache__
.temp/TASK-260824-2i5yqw/e2e-venv/lib/python3.14/site-packages/mypyc/transform/__pycache__
.temp/TASK-260824-2i5yqw/e2e-venv/lib/python3.14/site-packages/nh3/__pycache__
.temp/TASK-260824-2i5yqw/e2e-venv/lib/python3.14/site-packages/packaging/__pycache__
.temp/TASK-260824-2i5yqw/e2e-venv/lib/python3.14/site-packages/packaging/licenses/__pycache__
.temp/TASK-260824-2i5yqw/e2e-venv/lib/python3.14/site-packages/pathspec/__pycache__
.temp/TASK-260824-2i5yqw/e2e-venv/lib/python3.14/site-packages/pathspec/_backends/__pycache__
.temp/TASK-260824-2i5yqw/e2e-venv/lib/python3.14/site-packages/pathspec/_backends/hyperscan/__pycache__
.temp/TASK-260824-2i5yqw/e2e-venv/lib/python3.14/site-packages/pathspec/_backends/re2/__pycache__
.temp/TASK-260824-2i5yqw/e2e-venv/lib/python3.14/site-packages/pathspec/_backends/simple/__pycache__
.temp/TASK-260824-2i5yqw/e2e-venv/lib/python3.14/site-packages/pathspec/patterns/__pycache__
.temp/TASK-260824-2i5yqw/e2e-venv/lib/python3.14/site-packages/pathspec/patterns/gitignore/__pycache__
.temp/TASK-260824-2i5yqw/e2e-venv/lib/python3.14/site-packages/pip/__pycache__
.temp/TASK-260824-2i5yqw/e2e-venv/lib/python3.14/site-packages/pip/_internal/__pycache__
.temp/TASK-260824-2i5yqw/e2e-venv/lib/python3.14/site-packages/pip/_internal/build_env/__pycache__
.temp/TASK-260824-2i5yqw/e2e-venv/lib/python3.14/site-packages/pip/_internal/cli/__pycache__
.temp/TASK-260824-2i5yqw/e2e-venv/lib/python3.14/site-packages/pip/_internal/commands/__pycache__
.temp/TASK-260824-2i5yqw/e2e-venv/lib/python3.14/site-packages/pip/_internal/distributions/__pycache__
.temp/TASK-260824-2i5yqw/e2e-venv/lib/python3.14/site-packages/pip/_internal/index/__pycache__
.temp/TASK-260824-2i5yqw/e2e-venv/lib/python3.14/site-packages/pip/_internal/locations/__pycache__
.temp/TASK-260824-2i5yqw/e2e-venv/lib/python3.14/site-packages/pip/_internal/metadata/__pycache__
.temp/TASK-260824-2i5yqw/e2e-venv/lib/python3.14/site-packages/pip/_internal/metadata/importlib/__pycache__
.temp/TASK-260824-2i5yqw/e2e-venv/lib/python3.14/site-packages/pip/_internal/models/__pycache__
.temp/TASK-260824-2i5yqw/e2e-venv/lib/python3.14/site-packages/pip/_internal/network/__pycache__
.temp/TASK-260824-2i5yqw/e2e-venv/lib/python3.14/site-packages/pip/_internal/operations/__pycache__
.temp/TASK-260824-2i5yqw/e2e-venv/lib/python3.14/site-packages/pip/_internal/operations/build
.temp/TASK-260824-2i5yqw/e2e-venv/lib/python3.14/site-packages/pip/_internal/operations/install/__pycache__
.temp/TASK-260824-2i5yqw/e2e-venv/lib/python3.14/site-packages/pip/_internal/req/__pycache__
.temp/TASK-260824-2i5yqw/e2e-venv/lib/python3.14/site-packages/pip/_internal/resolution/__pycache__
.temp/TASK-260824-2i5yqw/e2e-venv/lib/python3.14/site-packages/pip/_internal/resolution/legacy/__pycache__
.temp/TASK-260824-2i5yqw/e2e-venv/lib/python3.14/site-packages/pip/_internal/resolution/resolvelib/__pycache__
.temp/TASK-260824-2i5yqw/e2e-venv/lib/python3.14/site-packages/pip/_internal/utils/__pycache__
.temp/TASK-260824-2i5yqw/e2e-venv/lib/python3.14/site-packages/pip/_internal/vcs/__pycache__
.temp/TASK-260824-2i5yqw/e2e-venv/lib/python3.14/site-packages/pip/_vendor/__pycache__
.temp/TASK-260824-2i5yqw/e2e-venv/lib/python3.14/site-packages/pip/_vendor/cachecontrol/__pycache__
.temp/TASK-260824-2i5yqw/e2e-venv/lib/python3.14/site-packages/pip/_vendor/cachecontrol/caches/__pycache__
.temp/TASK-260824-2i5yqw/e2e-venv/lib/python3.14/site-packages/pip/_vendor/certifi/__pycache__
.temp/TASK-260824-2i5yqw/e2e-venv/lib/python3.14/site-packages/pip/_vendor/distlib/__pycache__
.temp/TASK-260824-2i5yqw/e2e-venv/lib/python3.14/site-packages/pip/_vendor/distro/__pycache__
.temp/TASK-260824-2i5yqw/e2e-venv/lib/python3.14/site-packages/pip/_vendor/idna/__pycache__
.temp/TASK-260824-2i5yqw/e2e-venv/lib/python3.14/site-packages/pip/_vendor/msgpack/__pycache__
.temp/TASK-260824-2i5yqw/e2e-venv/lib/python3.14/site-packages/pip/_vendor/packaging/__pycache__
.temp/TASK-260824-2i5yqw/e2e-venv/lib/python3.14/site-packages/pip/_vendor/packaging/licenses/__pycache__
.temp/TASK-260824-2i5yqw/e2e-venv/lib/python3.14/site-packages/pip/_vendor/pkg_resources/__pycache__
.temp/TASK-260824-2i5yqw/e2e-venv/lib/python3.14/site-packages/pip/_vendor/platformdirs/__pycache__
.temp/TASK-260824-2i5yqw/e2e-venv/lib/python3.14/site-packages/pip/_vendor/pygments/__pycache__
.temp/TASK-260824-2i5yqw/e2e-venv/lib/python3.14/site-packages/pip/_vendor/pygments/filters/__pycache__
.temp/TASK-260824-2i5yqw/e2e-venv/lib/python3.14/site-packages/pip/_vendor/pygments/formatters/__pycache__
.temp/TASK-260824-2i5yqw/e2e-venv/lib/python3.14/site-packages/pip/_vendor/pygments/lexers/__pycache__
.temp/TASK-260824-2i5yqw/e2e-venv/lib/python3.14/site-packages/pip/_vendor/pygments/styles/__pycache__
.temp/TASK-260824-2i5yqw/e2e-venv/lib/python3.14/site-packages/pip/_vendor/pyproject_hooks/__pycache__
.temp/TASK-260824-2i5yqw/e2e-venv/lib/python3.14/site-packages/pip/_vendor/pyproject_hooks/_in_process/__pycache__
.temp/TASK-260824-2i5yqw/e2e-venv/lib/python3.14/site-packages/pip/_vendor/requests/__pycache__
.temp/TASK-260824-2i5yqw/e2e-venv/lib/python3.14/site-packages/pip/_vendor/resolvelib/__pycache__
.temp/TASK-260824-2i5yqw/e2e-venv/lib/python3.14/site-packages/pip/_vendor/resolvelib/resolvers/__pycache__
.temp/TASK-260824-2i5yqw/e2e-venv/lib/python3.14/site-packages/pip/_vendor/rich/__pycache__
.temp/TASK-260824-2i5yqw/e2e-venv/lib/python3.14/site-packages/pip/_vendor/tomli/__pycache__
.temp/TASK-260824-2i5yqw/e2e-venv/lib/python3.14/site-packages/pip/_vendor/tomli_w/__pycache__
.temp/TASK-260824-2i5yqw/e2e-venv/lib/python3.14/site-packages/pip/_vendor/truststore/__pycache__
.temp/TASK-260824-2i5yqw/e2e-venv/lib/python3.14/site-packages/pip/_vendor/urllib3/__pycache__
.temp/TASK-260824-2i5yqw/e2e-venv/lib/python3.14/site-packages/pip/_vendor/urllib3/contrib/__pycache__
.temp/TASK-260824-2i5yqw/e2e-venv/lib/python3.14/site-packages/pip/_vendor/urllib3/contrib/emscripten/__pycache__
.temp/TASK-260824-2i5yqw/e2e-venv/lib/python3.14/site-packages/pip/_vendor/urllib3/http2/__pycache__
.temp/TASK-260824-2i5yqw/e2e-venv/lib/python3.14/site-packages/pip/_vendor/urllib3/util/__pycache__
.temp/TASK-260824-2i5yqw/e2e-venv/lib/python3.14/site-packages/pluggy/__pycache__
.temp/TASK-260824-2i5yqw/e2e-venv/lib/python3.14/site-packages/pycparser/__pycache__
.temp/TASK-260824-2i5yqw/e2e-venv/lib/python3.14/site-packages/pygments/__pycache__
.temp/TASK-260824-2i5yqw/e2e-venv/lib/python3.14/site-packages/pygments/filters/__pycache__
.temp/TASK-260824-2i5yqw/e2e-venv/lib/python3.14/site-packages/pygments/formatters/__pycache__
.temp/TASK-260824-2i5yqw/e2e-venv/lib/python3.14/site-packages/pygments/lexers/__pycache__
.temp/TASK-260824-2i5yqw/e2e-venv/lib/python3.14/site-packages/pygments/styles/__pycache__
.temp/TASK-260824-2i5yqw/e2e-venv/lib/python3.14/site-packages/pyproject_hooks/__pycache__
.temp/TASK-260824-2i5yqw/e2e-venv/lib/python3.14/site-packages/pyproject_hooks/_in_process/__pycache__
.temp/TASK-260824-2i5yqw/e2e-venv/lib/python3.14/site-packages/pytest/__pycache__
.temp/TASK-260824-2i5yqw/e2e-venv/lib/python3.14/site-packages/readme_renderer/__pycache__
.temp/TASK-260824-2i5yqw/e2e-venv/lib/python3.14/site-packages/referencing/__pycache__
.temp/TASK-260824-2i5yqw/e2e-venv/lib/python3.14/site-packages/referencing/tests/__pycache__
.temp/TASK-260824-2i5yqw/e2e-venv/lib/python3.14/site-packages/requests/__pycache__
.temp/TASK-260824-2i5yqw/e2e-venv/lib/python3.14/site-packages/requests_toolbelt/__pycache__
.temp/TASK-260824-2i5yqw/e2e-venv/lib/python3.14/site-packages/requests_toolbelt/adapters/__pycache__
.temp/TASK-260824-2i5yqw/e2e-venv/lib/python3.14/site-packages/requests_toolbelt/auth/__pycache__
.temp/TASK-260824-2i5yqw/e2e-venv/lib/python3.14/site-packages/requests_toolbelt/cookies/__pycache__
.temp/TASK-260824-2i5yqw/e2e-venv/lib/python3.14/site-packages/requests_toolbelt/downloadutils/__pycache__
.temp/TASK-260824-2i5yqw/e2e-venv/lib/python3.14/site-packages/requests_toolbelt/multipart/__pycache__
.temp/TASK-260824-2i5yqw/e2e-venv/lib/python3.14/site-packages/requests_toolbelt/threaded/__pycache__
.temp/TASK-260824-2i5yqw/e2e-venv/lib/python3.14/site-packages/requests_toolbelt/utils/__pycache__
.temp/TASK-260824-2i5yqw/e2e-venv/lib/python3.14/site-packages/rfc3986/__pycache__
.temp/TASK-260824-2i5yqw/e2e-venv/lib/python3.14/site-packages/rich/__pycache__
.temp/TASK-260824-2i5yqw/e2e-venv/lib/python3.14/site-packages/rich/_unicode_data/__pycache__
.temp/TASK-260824-2i5yqw/e2e-venv/lib/python3.14/site-packages/rpds/__pycache__
.temp/TASK-260824-2i5yqw/e2e-venv/lib/python3.14/site-packages/twine/__pycache__
.temp/TASK-260824-2i5yqw/e2e-venv/lib/python3.14/site-packages/twine/commands/__pycache__
.temp/TASK-260824-2i5yqw/e2e-venv/lib/python3.14/site-packages/urllib3/__pycache__
.temp/TASK-260824-2i5yqw/e2e-venv/lib/python3.14/site-packages/urllib3/contrib/__pycache__
.temp/TASK-260824-2i5yqw/e2e-venv/lib/python3.14/site-packages/urllib3/contrib/emscripten/__pycache__
.temp/TASK-260824-2i5yqw/e2e-venv/lib/python3.14/site-packages/urllib3/http2/__pycache__
.temp/TASK-260824-2i5yqw/e2e-venv/lib/python3.14/site-packages/urllib3/util/__pycache__
.temp/TASK-260824-2i5yqw/e2e-venv/lib/python3.14/site-packages/xdist/__pycache__
.temp/TASK-260824-2i5yqw/e2e-venv/lib/python3.14/site-packages/xdist/scheduler/__pycache__
.temp/TASK-260824-2i5yqw/pr40/.github/scripts/__pycache__
.temp/TASK-260824-2i5yqw/pr40/.mypy_cache
.temp/TASK-260824-2i5yqw/pr40/.pytest_cache
.temp/TASK-260824-2i5yqw/pr40/.research/__pycache__
.temp/TASK-260824-2i5yqw/pr40/.venv
.temp/TASK-260824-2i5yqw/pr40/.venv-e2e/lib/python3.14/site-packages/__pycache__
.temp/TASK-260824-2i5yqw/pr40/.venv-e2e/lib/python3.14/site-packages/_pytest/__pycache__
.temp/TASK-260824-2i5yqw/pr40/.venv-e2e/lib/python3.14/site-packages/_pytest/_code/__pycache__
.temp/TASK-260824-2i5yqw/pr40/.venv-e2e/lib/python3.14/site-packages/_pytest/_io/__pycache__
.temp/TASK-260824-2i5yqw/pr40/.venv-e2e/lib/python3.14/site-packages/_pytest/_py/__pycache__
.temp/TASK-260824-2i5yqw/pr40/.venv-e2e/lib/python3.14/site-packages/_pytest/assertion/__pycache__
.temp/TASK-260824-2i5yqw/pr40/.venv-e2e/lib/python3.14/site-packages/_pytest/config/__pycache__
.temp/TASK-260824-2i5yqw/pr40/.venv-e2e/lib/python3.14/site-packages/_pytest/mark/__pycache__
.temp/TASK-260824-2i5yqw/pr40/.venv-e2e/lib/python3.14/site-packages/ast_serialize/__pycache__
.temp/TASK-260824-2i5yqw/pr40/.venv-e2e/lib/python3.14/site-packages/attr/__pycache__
.temp/TASK-260824-2i5yqw/pr40/.venv-e2e/lib/python3.14/site-packages/attrs/__pycache__
.temp/TASK-260824-2i5yqw/pr40/.venv-e2e/lib/python3.14/site-packages/build
.temp/TASK-260824-2i5yqw/pr40/.venv-e2e/lib/python3.14/site-packages/certifi/__pycache__
.temp/TASK-260824-2i5yqw/pr40/.venv-e2e/lib/python3.14/site-packages/certifi/tests/__pycache__
.temp/TASK-260824-2i5yqw/pr40/.venv-e2e/lib/python3.14/site-packages/cffi/__pycache__
.temp/TASK-260824-2i5yqw/pr40/.venv-e2e/lib/python3.14/site-packages/charset_normalizer/__pycache__
.temp/TASK-260824-2i5yqw/pr40/.venv-e2e/lib/python3.14/site-packages/charset_normalizer/cli/__pycache__
.temp/TASK-260824-2i5yqw/pr40/.venv-e2e/lib/python3.14/site-packages/cryptography/__pycache__
.temp/TASK-260824-2i5yqw/pr40/.venv-e2e/lib/python3.14/site-packages/cryptography/hazmat/__pycache__
.temp/TASK-260824-2i5yqw/pr40/.venv-e2e/lib/python3.14/site-packages/cryptography/hazmat/asn1/__pycache__
.temp/TASK-260824-2i5yqw/pr40/.venv-e2e/lib/python3.14/site-packages/cryptography/hazmat/backends/__pycache__
.temp/TASK-260824-2i5yqw/pr40/.venv-e2e/lib/python3.14/site-packages/cryptography/hazmat/backends/openssl/__pycache__
.temp/TASK-260824-2i5yqw/pr40/.venv-e2e/lib/python3.14/site-packages/cryptography/hazmat/bindings/__pycache__
.temp/TASK-260824-2i5yqw/pr40/.venv-e2e/lib/python3.14/site-packages/cryptography/hazmat/bindings/openssl/__pycache__
.temp/TASK-260824-2i5yqw/pr40/.venv-e2e/lib/python3.14/site-packages/cryptography/hazmat/decrepit/__pycache__
.temp/TASK-260824-2i5yqw/pr40/.venv-e2e/lib/python3.14/site-packages/cryptography/hazmat/decrepit/ciphers/__pycache__
.temp/TASK-260824-2i5yqw/pr40/.venv-e2e/lib/python3.14/site-packages/cryptography/hazmat/primitives/__pycache__
.temp/TASK-260824-2i5yqw/pr40/.venv-e2e/lib/python3.14/site-packages/cryptography/hazmat/primitives/asymmetric/__pycache__
.temp/TASK-260824-2i5yqw/pr40/.venv-e2e/lib/python3.14/site-packages/cryptography/hazmat/primitives/ciphers/__pycache__
.temp/TASK-260824-2i5yqw/pr40/.venv-e2e/lib/python3.14/site-packages/cryptography/hazmat/primitives/kdf/__pycache__
.temp/TASK-260824-2i5yqw/pr40/.venv-e2e/lib/python3.14/site-packages/cryptography/hazmat/primitives/serialization/__pycache__
.temp/TASK-260824-2i5yqw/pr40/.venv-e2e/lib/python3.14/site-packages/cryptography/hazmat/primitives/twofactor/__pycache__
.temp/TASK-260824-2i5yqw/pr40/.venv-e2e/lib/python3.14/site-packages/cryptography/x509/__pycache__
.temp/TASK-260824-2i5yqw/pr40/.venv-e2e/lib/python3.14/site-packages/csk/__pycache__
.temp/TASK-260824-2i5yqw/pr40/.venv-e2e/lib/python3.14/site-packages/csk/audit/__pycache__
.temp/TASK-260824-2i5yqw/pr40/.venv-e2e/lib/python3.14/site-packages/csk/audit/backends/__pycache__
.temp/TASK-260824-2i5yqw/pr40/.venv-e2e/lib/python3.14/site-packages/csk/builds/__pycache__
.temp/TASK-260824-2i5yqw/pr40/.venv-e2e/lib/python3.14/site-packages/docutils/__pycache__
.temp/TASK-260824-2i5yqw/pr40/.venv-e2e/lib/python3.14/site-packages/docutils/languages/__pycache__
.temp/TASK-260824-2i5yqw/pr40/.venv-e2e/lib/python3.14/site-packages/docutils/parsers/__pycache__
.temp/TASK-260824-2i5yqw/pr40/.venv-e2e/lib/python3.14/site-packages/docutils/parsers/rst/__pycache__
.temp/TASK-260824-2i5yqw/pr40/.venv-e2e/lib/python3.14/site-packages/docutils/parsers/rst/directives/__pycache__
.temp/TASK-260824-2i5yqw/pr40/.venv-e2e/lib/python3.14/site-packages/docutils/parsers/rst/languages/__pycache__
.temp/TASK-260824-2i5yqw/pr40/.venv-e2e/lib/python3.14/site-packages/docutils/readers/__pycache__
.temp/TASK-260824-2i5yqw/pr40/.venv-e2e/lib/python3.14/site-packages/docutils/transforms/__pycache__
.temp/TASK-260824-2i5yqw/pr40/.venv-e2e/lib/python3.14/site-packages/docutils/utils/__pycache__
.temp/TASK-260824-2i5yqw/pr40/.venv-e2e/lib/python3.14/site-packages/docutils/utils/math/__pycache__
.temp/TASK-260824-2i5yqw/pr40/.venv-e2e/lib/python3.14/site-packages/docutils/writers/__pycache__
.temp/TASK-260824-2i5yqw/pr40/.venv-e2e/lib/python3.14/site-packages/docutils/writers/html4css1/__pycache__
.temp/TASK-260824-2i5yqw/pr40/.venv-e2e/lib/python3.14/site-packages/docutils/writers/html5_polyglot/__pycache__
.temp/TASK-260824-2i5yqw/pr40/.venv-e2e/lib/python3.14/site-packages/docutils/writers/latex2e/__pycache__
.temp/TASK-260824-2i5yqw/pr40/.venv-e2e/lib/python3.14/site-packages/docutils/writers/odf_odt/__pycache__
.temp/TASK-260824-2i5yqw/pr40/.venv-e2e/lib/python3.14/site-packages/docutils/writers/pep_html/__pycache__
.temp/TASK-260824-2i5yqw/pr40/.venv-e2e/lib/python3.14/site-packages/docutils/writers/s5_html/__pycache__
.temp/TASK-260824-2i5yqw/pr40/.venv-e2e/lib/python3.14/site-packages/docutils/writers/xetex/__pycache__
.temp/TASK-260824-2i5yqw/pr40/.venv-e2e/lib/python3.14/site-packages/execnet/__pycache__
.temp/TASK-260824-2i5yqw/pr40/.venv-e2e/lib/python3.14/site-packages/execnet/script/__pycache__
.temp/TASK-260824-2i5yqw/pr40/.venv-e2e/lib/python3.14/site-packages/id/__pycache__
.temp/TASK-260824-2i5yqw/pr40/.venv-e2e/lib/python3.14/site-packages/id/_internal/oidc/__pycache__
.temp/TASK-260824-2i5yqw/pr40/.venv-e2e/lib/python3.14/site-packages/idna/__pycache__
.temp/TASK-260824-2i5yqw/pr40/.venv-e2e/lib/python3.14/site-packages/iniconfig/__pycache__
.temp/TASK-260824-2i5yqw/pr40/.venv-e2e/lib/python3.14/site-packages/jaraco/classes/__pycache__
.temp/TASK-260824-2i5yqw/pr40/.venv-e2e/lib/python3.14/site-packages/jaraco/context/__pycache__
.temp/TASK-260824-2i5yqw/pr40/.venv-e2e/lib/python3.14/site-packages/jaraco/functools/__pycache__
.temp/TASK-260824-2i5yqw/pr40/.venv-e2e/lib/python3.14/site-packages/jsonschema/__pycache__
.temp/TASK-260824-2i5yqw/pr40/.venv-e2e/lib/python3.14/site-packages/jsonschema/benchmarks/__pycache__
.temp/TASK-260824-2i5yqw/pr40/.venv-e2e/lib/python3.14/site-packages/jsonschema/tests/__pycache__
.temp/TASK-260824-2i5yqw/pr40/.venv-e2e/lib/python3.14/site-packages/jsonschema/tests/typing/__pycache__
.temp/TASK-260824-2i5yqw/pr40/.venv-e2e/lib/python3.14/site-packages/jsonschema_specifications/__pycache__
.temp/TASK-260824-2i5yqw/pr40/.venv-e2e/lib/python3.14/site-packages/jsonschema_specifications/tests/__pycache__
.temp/TASK-260824-2i5yqw/pr40/.venv-e2e/lib/python3.14/site-packages/keyring/__pycache__
.temp/TASK-260824-2i5yqw/pr40/.venv-e2e/lib/python3.14/site-packages/keyring/backends/__pycache__
.temp/TASK-260824-2i5yqw/pr40/.venv-e2e/lib/python3.14/site-packages/keyring/backends/macOS/__pycache__
.temp/TASK-260824-2i5yqw/pr40/.venv-e2e/lib/python3.14/site-packages/keyring/compat/__pycache__
.temp/TASK-260824-2i5yqw/pr40/.venv-e2e/lib/python3.14/site-packages/keyring/testing/__pycache__
.temp/TASK-260824-2i5yqw/pr40/.venv-e2e/lib/python3.14/site-packages/keyring/util/__pycache__
.temp/TASK-260824-2i5yqw/pr40/.venv-e2e/lib/python3.14/site-packages/markdown_it/__pycache__
.temp/TASK-260824-2i5yqw/pr40/.venv-e2e/lib/python3.14/site-packages/markdown_it/cli/__pycache__
.temp/TASK-260824-2i5yqw/pr40/.venv-e2e/lib/python3.14/site-packages/markdown_it/common/__pycache__
.temp/TASK-260824-2i5yqw/pr40/.venv-e2e/lib/python3.14/site-packages/markdown_it/helpers/__pycache__
.temp/TASK-260824-2i5yqw/pr40/.venv-e2e/lib/python3.14/site-packages/markdown_it/presets/__pycache__
.temp/TASK-260824-2i5yqw/pr40/.venv-e2e/lib/python3.14/site-packages/markdown_it/rules_block/__pycache__
.temp/TASK-260824-2i5yqw/pr40/.venv-e2e/lib/python3.14/site-packages/markdown_it/rules_core/__pycache__
.temp/TASK-260824-2i5yqw/pr40/.venv-e2e/lib/python3.14/site-packages/markdown_it/rules_inline/__pycache__
.temp/TASK-260824-2i5yqw/pr40/.venv-e2e/lib/python3.14/site-packages/mdurl/__pycache__
.temp/TASK-260824-2i5yqw/pr40/.venv-e2e/lib/python3.14/site-packages/more_itertools/__pycache__
.temp/TASK-260824-2i5yqw/pr40/.venv-e2e/lib/python3.14/site-packages/mypy/__pycache__
.temp/TASK-260824-2i5yqw/pr40/.venv-e2e/lib/python3.14/site-packages/mypy/build_worker/__pycache__
.temp/TASK-260824-2i5yqw/pr40/.venv-e2e/lib/python3.14/site-packages/mypy/dmypy/__pycache__
.temp/TASK-260824-2i5yqw/pr40/.venv-e2e/lib/python3.14/site-packages/mypy/plugins/__pycache__
.temp/TASK-260824-2i5yqw/pr40/.venv-e2e/lib/python3.14/site-packages/mypy/server/__pycache__
.temp/TASK-260824-2i5yqw/pr40/.venv-e2e/lib/python3.14/site-packages/mypy/test/__pycache__
.temp/TASK-260824-2i5yqw/pr40/.venv-e2e/lib/python3.14/site-packages/mypy/test/meta/__pycache__
.temp/TASK-260824-2i5yqw/pr40/.venv-e2e/lib/python3.14/site-packages/mypy/typeshed/stdlib/venv
.temp/TASK-260824-2i5yqw/pr40/.venv-e2e/lib/python3.14/site-packages/mypyc/__pycache__
.temp/TASK-260824-2i5yqw/pr40/.venv-e2e/lib/python3.14/site-packages/mypyc/analysis/__pycache__
.temp/TASK-260824-2i5yqw/pr40/.venv-e2e/lib/python3.14/site-packages/mypyc/codegen/__pycache__
.temp/TASK-260824-2i5yqw/pr40/.venv-e2e/lib/python3.14/site-packages/mypyc/ir/__pycache__
.temp/TASK-260824-2i5yqw/pr40/.venv-e2e/lib/python3.14/site-packages/mypyc/irbuild/__pycache__
.temp/TASK-260824-2i5yqw/pr40/.venv-e2e/lib/python3.14/site-packages/mypyc/lib-rt/__pycache__
.temp/TASK-260824-2i5yqw/pr40/.venv-e2e/lib/python3.14/site-packages/mypyc/lower/__pycache__
.temp/TASK-260824-2i5yqw/pr40/.venv-e2e/lib/python3.14/site-packages/mypyc/primitives/__pycache__
.temp/TASK-260824-2i5yqw/pr40/.venv-e2e/lib/python3.14/site-packages/mypyc/test/__pycache__
.temp/TASK-260824-2i5yqw/pr40/.venv-e2e/lib/python3.14/site-packages/mypyc/transform/__pycache__
.temp/TASK-260824-2i5yqw/pr40/.venv-e2e/lib/python3.14/site-packages/nh3/__pycache__
.temp/TASK-260824-2i5yqw/pr40/.venv-e2e/lib/python3.14/site-packages/packaging/__pycache__
.temp/TASK-260824-2i5yqw/pr40/.venv-e2e/lib/python3.14/site-packages/packaging/licenses/__pycache__
.temp/TASK-260824-2i5yqw/pr40/.venv-e2e/lib/python3.14/site-packages/pathspec/__pycache__
.temp/TASK-260824-2i5yqw/pr40/.venv-e2e/lib/python3.14/site-packages/pathspec/_backends/__pycache__
.temp/TASK-260824-2i5yqw/pr40/.venv-e2e/lib/python3.14/site-packages/pathspec/_backends/hyperscan/__pycache__
.temp/TASK-260824-2i5yqw/pr40/.venv-e2e/lib/python3.14/site-packages/pathspec/_backends/re2/__pycache__
.temp/TASK-260824-2i5yqw/pr40/.venv-e2e/lib/python3.14/site-packages/pathspec/_backends/simple/__pycache__
.temp/TASK-260824-2i5yqw/pr40/.venv-e2e/lib/python3.14/site-packages/pathspec/patterns/__pycache__
.temp/TASK-260824-2i5yqw/pr40/.venv-e2e/lib/python3.14/site-packages/pathspec/patterns/gitignore/__pycache__
.temp/TASK-260824-2i5yqw/pr40/.venv-e2e/lib/python3.14/site-packages/pip/__pycache__
.temp/TASK-260824-2i5yqw/pr40/.venv-e2e/lib/python3.14/site-packages/pip/_internal/__pycache__
.temp/TASK-260824-2i5yqw/pr40/.venv-e2e/lib/python3.14/site-packages/pip/_internal/build_env/__pycache__
.temp/TASK-260824-2i5yqw/pr40/.venv-e2e/lib/python3.14/site-packages/pip/_internal/cli/__pycache__
.temp/TASK-260824-2i5yqw/pr40/.venv-e2e/lib/python3.14/site-packages/pip/_internal/commands/__pycache__
.temp/TASK-260824-2i5yqw/pr40/.venv-e2e/lib/python3.14/site-packages/pip/_internal/distributions/__pycache__
.temp/TASK-260824-2i5yqw/pr40/.venv-e2e/lib/python3.14/site-packages/pip/_internal/index/__pycache__
.temp/TASK-260824-2i5yqw/pr40/.venv-e2e/lib/python3.14/site-packages/pip/_internal/locations/__pycache__
.temp/TASK-260824-2i5yqw/pr40/.venv-e2e/lib/python3.14/site-packages/pip/_internal/metadata/__pycache__
.temp/TASK-260824-2i5yqw/pr40/.venv-e2e/lib/python3.14/site-packages/pip/_internal/metadata/importlib/__pycache__
.temp/TASK-260824-2i5yqw/pr40/.venv-e2e/lib/python3.14/site-packages/pip/_internal/models/__pycache__
.temp/TASK-260824-2i5yqw/pr40/.venv-e2e/lib/python3.14/site-packages/pip/_internal/network/__pycache__
.temp/TASK-260824-2i5yqw/pr40/.venv-e2e/lib/python3.14/site-packages/pip/_internal/operations/__pycache__
.temp/TASK-260824-2i5yqw/pr40/.venv-e2e/lib/python3.14/site-packages/pip/_internal/operations/build
.temp/TASK-260824-2i5yqw/pr40/.venv-e2e/lib/python3.14/site-packages/pip/_internal/operations/install/__pycache__
.temp/TASK-260824-2i5yqw/pr40/.venv-e2e/lib/python3.14/site-packages/pip/_internal/req/__pycache__
.temp/TASK-260824-2i5yqw/pr40/.venv-e2e/lib/python3.14/site-packages/pip/_internal/resolution/__pycache__
.temp/TASK-260824-2i5yqw/pr40/.venv-e2e/lib/python3.14/site-packages/pip/_internal/resolution/legacy/__pycache__
.temp/TASK-260824-2i5yqw/pr40/.venv-e2e/lib/python3.14/site-packages/pip/_internal/resolution/resolvelib/__pycache__
.temp/TASK-260824-2i5yqw/pr40/.venv-e2e/lib/python3.14/site-packages/pip/_internal/utils/__pycache__
.temp/TASK-260824-2i5yqw/pr40/.venv-e2e/lib/python3.14/site-packages/pip/_internal/vcs/__pycache__
.temp/TASK-260824-2i5yqw/pr40/.venv-e2e/lib/python3.14/site-packages/pip/_vendor/__pycache__
.temp/TASK-260824-2i5yqw/pr40/.venv-e2e/lib/python3.14/site-packages/pip/_vendor/cachecontrol/__pycache__
.temp/TASK-260824-2i5yqw/pr40/.venv-e2e/lib/python3.14/site-packages/pip/_vendor/cachecontrol/caches/__pycache__
.temp/TASK-260824-2i5yqw/pr40/.venv-e2e/lib/python3.14/site-packages/pip/_vendor/certifi/__pycache__
.temp/TASK-260824-2i5yqw/pr40/.venv-e2e/lib/python3.14/site-packages/pip/_vendor/distlib/__pycache__
.temp/TASK-260824-2i5yqw/pr40/.venv-e2e/lib/python3.14/site-packages/pip/_vendor/distro/__pycache__
.temp/TASK-260824-2i5yqw/pr40/.venv-e2e/lib/python3.14/site-packages/pip/_vendor/idna/__pycache__
.temp/TASK-260824-2i5yqw/pr40/.venv-e2e/lib/python3.14/site-packages/pip/_vendor/msgpack/__pycache__
.temp/TASK-260824-2i5yqw/pr40/.venv-e2e/lib/python3.14/site-packages/pip/_vendor/packaging/__pycache__
.temp/TASK-260824-2i5yqw/pr40/.venv-e2e/lib/python3.14/site-packages/pip/_vendor/packaging/licenses/__pycache__
.temp/TASK-260824-2i5yqw/pr40/.venv-e2e/lib/python3.14/site-packages/pip/_vendor/pkg_resources/__pycache__
.temp/TASK-260824-2i5yqw/pr40/.venv-e2e/lib/python3.14/site-packages/pip/_vendor/platformdirs/__pycache__
.temp/TASK-260824-2i5yqw/pr40/.venv-e2e/lib/python3.14/site-packages/pip/_vendor/pygments/__pycache__
.temp/TASK-260824-2i5yqw/pr40/.venv-e2e/lib/python3.14/site-packages/pip/_vendor/pygments/filters/__pycache__
.temp/TASK-260824-2i5yqw/pr40/.venv-e2e/lib/python3.14/site-packages/pip/_vendor/pygments/formatters/__pycache__
.temp/TASK-260824-2i5yqw/pr40/.venv-e2e/lib/python3.14/site-packages/pip/_vendor/pygments/lexers/__pycache__
.temp/TASK-260824-2i5yqw/pr40/.venv-e2e/lib/python3.14/site-packages/pip/_vendor/pygments/styles/__pycache__
.temp/TASK-260824-2i5yqw/pr40/.venv-e2e/lib/python3.14/site-packages/pip/_vendor/pyproject_hooks/__pycache__
.temp/TASK-260824-2i5yqw/pr40/.venv-e2e/lib/python3.14/site-packages/pip/_vendor/pyproject_hooks/_in_process/__pycache__
.temp/TASK-260824-2i5yqw/pr40/.venv-e2e/lib/python3.14/site-packages/pip/_vendor/requests/__pycache__
.temp/TASK-260824-2i5yqw/pr40/.venv-e2e/lib/python3.14/site-packages/pip/_vendor/resolvelib/__pycache__
.temp/TASK-260824-2i5yqw/pr40/.venv-e2e/lib/python3.14/site-packages/pip/_vendor/resolvelib/resolvers/__pycache__
.temp/TASK-260824-2i5yqw/pr40/.venv-e2e/lib/python3.14/site-packages/pip/_vendor/rich/__pycache__
.temp/TASK-260824-2i5yqw/pr40/.venv-e2e/lib/python3.14/site-packages/pip/_vendor/tomli/__pycache__
.temp/TASK-260824-2i5yqw/pr40/.venv-e2e/lib/python3.14/site-packages/pip/_vendor/tomli_w/__pycache__
.temp/TASK-260824-2i5yqw/pr40/.venv-e2e/lib/python3.14/site-packages/pip/_vendor/truststore/__pycache__
.temp/TASK-260824-2i5yqw/pr40/.venv-e2e/lib/python3.14/site-packages/pip/_vendor/urllib3/__pycache__
.temp/TASK-260824-2i5yqw/pr40/.venv-e2e/lib/python3.14/site-packages/pip/_vendor/urllib3/contrib/__pycache__
.temp/TASK-260824-2i5yqw/pr40/.venv-e2e/lib/python3.14/site-packages/pip/_vendor/urllib3/contrib/emscripten/__pycache__
.temp/TASK-260824-2i5yqw/pr40/.venv-e2e/lib/python3.14/site-packages/pip/_vendor/urllib3/http2/__pycache__
.temp/TASK-260824-2i5yqw/pr40/.venv-e2e/lib/python3.14/site-packages/pip/_vendor/urllib3/util/__pycache__
.temp/TASK-260824-2i5yqw/pr40/.venv-e2e/lib/python3.14/site-packages/pluggy/__pycache__
.temp/TASK-260824-2i5yqw/pr40/.venv-e2e/lib/python3.14/site-packages/pycparser/__pycache__
.temp/TASK-260824-2i5yqw/pr40/.venv-e2e/lib/python3.14/site-packages/pygments/__pycache__
.temp/TASK-260824-2i5yqw/pr40/.venv-e2e/lib/python3.14/site-packages/pygments/filters/__pycache__
.temp/TASK-260824-2i5yqw/pr40/.venv-e2e/lib/python3.14/site-packages/pygments/formatters/__pycache__
.temp/TASK-260824-2i5yqw/pr40/.venv-e2e/lib/python3.14/site-packages/pygments/lexers/__pycache__
.temp/TASK-260824-2i5yqw/pr40/.venv-e2e/lib/python3.14/site-packages/pygments/styles/__pycache__
.temp/TASK-260824-2i5yqw/pr40/.venv-e2e/lib/python3.14/site-packages/pyproject_hooks/__pycache__
.temp/TASK-260824-2i5yqw/pr40/.venv-e2e/lib/python3.14/site-packages/pyproject_hooks/_in_process/__pycache__
.temp/TASK-260824-2i5yqw/pr40/.venv-e2e/lib/python3.14/site-packages/pytest/__pycache__
.temp/TASK-260824-2i5yqw/pr40/.venv-e2e/lib/python3.14/site-packages/readme_renderer/__pycache__
.temp/TASK-260824-2i5yqw/pr40/.venv-e2e/lib/python3.14/site-packages/referencing/__pycache__
.temp/TASK-260824-2i5yqw/pr40/.venv-e2e/lib/python3.14/site-packages/referencing/tests/__pycache__
.temp/TASK-260824-2i5yqw/pr40/.venv-e2e/lib/python3.14/site-packages/requests/__pycache__
.temp/TASK-260824-2i5yqw/pr40/.venv-e2e/lib/python3.14/site-packages/requests_toolbelt/__pycache__
.temp/TASK-260824-2i5yqw/pr40/.venv-e2e/lib/python3.14/site-packages/requests_toolbelt/adapters/__pycache__
.temp/TASK-260824-2i5yqw/pr40/.venv-e2e/lib/python3.14/site-packages/requests_toolbelt/auth/__pycache__
.temp/TASK-260824-2i5yqw/pr40/.venv-e2e/lib/python3.14/site-packages/requests_toolbelt/cookies/__pycache__
.temp/TASK-260824-2i5yqw/pr40/.venv-e2e/lib/python3.14/site-packages/requests_toolbelt/downloadutils/__pycache__
.temp/TASK-260824-2i5yqw/pr40/.venv-e2e/lib/python3.14/site-packages/requests_toolbelt/multipart/__pycache__
.temp/TASK-260824-2i5yqw/pr40/.venv-e2e/lib/python3.14/site-packages/requests_toolbelt/threaded/__pycache__
.temp/TASK-260824-2i5yqw/pr40/.venv-e2e/lib/python3.14/site-packages/requests_toolbelt/utils/__pycache__
.temp/TASK-260824-2i5yqw/pr40/.venv-e2e/lib/python3.14/site-packages/rfc3986/__pycache__
.temp/TASK-260824-2i5yqw/pr40/.venv-e2e/lib/python3.14/site-packages/rich/__pycache__
.temp/TASK-260824-2i5yqw/pr40/.venv-e2e/lib/python3.14/site-packages/rich/_unicode_data/__pycache__
.temp/TASK-260824-2i5yqw/pr40/.venv-e2e/lib/python3.14/site-packages/rpds/__pycache__
.temp/TASK-260824-2i5yqw/pr40/.venv-e2e/lib/python3.14/site-packages/twine/__pycache__
.temp/TASK-260824-2i5yqw/pr40/.venv-e2e/lib/python3.14/site-packages/twine/commands/__pycache__
.temp/TASK-260824-2i5yqw/pr40/.venv-e2e/lib/python3.14/site-packages/urllib3/__pycache__
.temp/TASK-260824-2i5yqw/pr40/.venv-e2e/lib/python3.14/site-packages/urllib3/contrib/__pycache__
.temp/TASK-260824-2i5yqw/pr40/.venv-e2e/lib/python3.14/site-packages/urllib3/contrib/emscripten/__pycache__
.temp/TASK-260824-2i5yqw/pr40/.venv-e2e/lib/python3.14/site-packages/urllib3/http2/__pycache__
.temp/TASK-260824-2i5yqw/pr40/.venv-e2e/lib/python3.14/site-packages/urllib3/util/__pycache__
.temp/TASK-260824-2i5yqw/pr40/.venv-e2e/lib/python3.14/site-packages/xdist/__pycache__
.temp/TASK-260824-2i5yqw/pr40/.venv-e2e/lib/python3.14/site-packages/xdist/scheduler/__pycache__
.temp/TASK-260824-2i5yqw/pr40/build
.temp/TASK-260824-2i5yqw/pr40/src/csk/__pycache__
.temp/TASK-260824-2i5yqw/pr40/src/csk/audit/__pycache__
.temp/TASK-260824-2i5yqw/pr40/src/csk/audit/backends/__pycache__
.temp/TASK-260824-2i5yqw/pr40/src/csk/builds/__pycache__
.temp/TASK-260824-2i5yqw/pr40/tests/__pycache__
.temp/TASK-260824-2i5yqw/pr40/tests/fixtures/skill_go_e2e/build
.temp/TASK-260824-2i5yqw/worktree/.github/scripts/__pycache__
.temp/TASK-260824-2i5yqw/worktree/.mypy_cache
.temp/TASK-260824-2i5yqw/worktree/.pytest_cache
.temp/TASK-260824-2i5yqw/worktree/.research/__pycache__
.temp/TASK-260824-2i5yqw/worktree/.venv
.temp/TASK-260824-2i5yqw/worktree/build
.temp/TASK-260824-2i5yqw/worktree/src/csk/__pycache__
.temp/TASK-260824-2i5yqw/worktree/src/csk/audit/__pycache__
.temp/TASK-260824-2i5yqw/worktree/src/csk/audit/backends/__pycache__
.temp/TASK-260824-2i5yqw/worktree/src/csk/builds/__pycache__
.temp/TASK-260824-2i5yqw/worktree/tests/__pycache__
.temp/TASK-260824-2i5yqw/worktree/tests/fixtures/skill_go_e2e/build
.temp/TASK-260824-31y75t/negctl-owner/.github/scripts/__pycache__
.temp/TASK-260824-31y75t/negctl-owner/.mypy_cache
.temp/TASK-260824-31y75t/negctl-owner/.pytest_cache
.temp/TASK-260824-31y75t/negctl-owner/.research/__pycache__
.temp/TASK-260824-31y75t/negctl-owner/.temp/evidence/32756144649/dist
.temp/TASK-260824-31y75t/negctl-owner/.temp/evidence/32762684304/dist
.temp/TASK-260824-31y75t/negctl-owner/.venv
.temp/TASK-260824-31y75t/negctl-owner/src/csk/__pycache__
.temp/TASK-260824-31y75t/negctl-owner/src/csk/audit/__pycache__
.temp/TASK-260824-31y75t/negctl-owner/src/csk/audit/backends/__pycache__
.temp/TASK-260824-31y75t/negctl-owner/src/csk/builds/__pycache__
.temp/TASK-260824-31y75t/negctl-owner/tests/__pycache__
.temp/TASK-260824-31y75t/negctl-owner/tests/fixtures/skill_go_e2e/build
.temp/TASK-260824-31y75t/rev2-artifacts/dist
.temp/TASK-260824-31y75t/review4/.github/scripts/__pycache__
.temp/TASK-260824-31y75t/review4/build
.temp/TASK-260824-31y75t/review4/src/csk/__pycache__
.temp/TASK-260824-31y75t/review4/src/csk/audit/__pycache__
.temp/TASK-260824-31y75t/review4/src/csk/audit/backends/__pycache__
.temp/TASK-260824-31y75t/review4/src/csk/builds/__pycache__
.temp/TASK-260824-31y75t/rework/.github/scripts/__pycache__
.temp/TASK-260824-31y75t/rework/.mypy_cache
.temp/TASK-260824-31y75t/rework/.pytest_cache
.temp/TASK-260824-31y75t/rework/.research/__pycache__
.temp/TASK-260824-31y75t/rework/.temp/evidence/32756144649/dist
.temp/TASK-260824-31y75t/rework/.temp/evidence/32762684304/dist
.temp/TASK-260824-31y75t/rework/.venv
.temp/TASK-260824-31y75t/rework/src/csk/__pycache__
.temp/TASK-260824-31y75t/rework/src/csk/audit/__pycache__
.temp/TASK-260824-31y75t/rework/src/csk/audit/backends/__pycache__
.temp/TASK-260824-31y75t/rework/src/csk/builds/__pycache__
.temp/TASK-260824-31y75t/rework/tests/__pycache__
.temp/TASK-260824-31y75t/rework/tests/fixtures/skill_go_e2e/build
.temp/TASK-260824-31y75t/venv-rev2/lib/python3.14/site-packages/__pycache__
.temp/TASK-260824-31y75t/venv-rev2/lib/python3.14/site-packages/_pytest/__pycache__
.temp/TASK-260824-31y75t/venv-rev2/lib/python3.14/site-packages/_pytest/_code/__pycache__
.temp/TASK-260824-31y75t/venv-rev2/lib/python3.14/site-packages/_pytest/_io/__pycache__
.temp/TASK-260824-31y75t/venv-rev2/lib/python3.14/site-packages/_pytest/_py/__pycache__
.temp/TASK-260824-31y75t/venv-rev2/lib/python3.14/site-packages/_pytest/assertion/__pycache__
.temp/TASK-260824-31y75t/venv-rev2/lib/python3.14/site-packages/_pytest/config/__pycache__
.temp/TASK-260824-31y75t/venv-rev2/lib/python3.14/site-packages/_pytest/mark/__pycache__
.temp/TASK-260824-31y75t/venv-rev2/lib/python3.14/site-packages/ast_serialize/__pycache__
.temp/TASK-260824-31y75t/venv-rev2/lib/python3.14/site-packages/attr/__pycache__
.temp/TASK-260824-31y75t/venv-rev2/lib/python3.14/site-packages/attrs/__pycache__
.temp/TASK-260824-31y75t/venv-rev2/lib/python3.14/site-packages/build
.temp/TASK-260824-31y75t/venv-rev2/lib/python3.14/site-packages/certifi/__pycache__
.temp/TASK-260824-31y75t/venv-rev2/lib/python3.14/site-packages/certifi/tests/__pycache__
.temp/TASK-260824-31y75t/venv-rev2/lib/python3.14/site-packages/cffi/__pycache__
.temp/TASK-260824-31y75t/venv-rev2/lib/python3.14/site-packages/charset_normalizer/__pycache__
.temp/TASK-260824-31y75t/venv-rev2/lib/python3.14/site-packages/charset_normalizer/cli/__pycache__
.temp/TASK-260824-31y75t/venv-rev2/lib/python3.14/site-packages/cryptography/__pycache__
.temp/TASK-260824-31y75t/venv-rev2/lib/python3.14/site-packages/cryptography/hazmat/__pycache__
.temp/TASK-260824-31y75t/venv-rev2/lib/python3.14/site-packages/cryptography/hazmat/asn1/__pycache__
.temp/TASK-260824-31y75t/venv-rev2/lib/python3.14/site-packages/cryptography/hazmat/backends/__pycache__
.temp/TASK-260824-31y75t/venv-rev2/lib/python3.14/site-packages/cryptography/hazmat/backends/openssl/__pycache__
.temp/TASK-260824-31y75t/venv-rev2/lib/python3.14/site-packages/cryptography/hazmat/bindings/__pycache__
.temp/TASK-260824-31y75t/venv-rev2/lib/python3.14/site-packages/cryptography/hazmat/bindings/openssl/__pycache__
.temp/TASK-260824-31y75t/venv-rev2/lib/python3.14/site-packages/cryptography/hazmat/decrepit/__pycache__
.temp/TASK-260824-31y75t/venv-rev2/lib/python3.14/site-packages/cryptography/hazmat/decrepit/ciphers/__pycache__
.temp/TASK-260824-31y75t/venv-rev2/lib/python3.14/site-packages/cryptography/hazmat/primitives/__pycache__
.temp/TASK-260824-31y75t/venv-rev2/lib/python3.14/site-packages/cryptography/hazmat/primitives/asymmetric/__pycache__
.temp/TASK-260824-31y75t/venv-rev2/lib/python3.14/site-packages/cryptography/hazmat/primitives/ciphers/__pycache__
.temp/TASK-260824-31y75t/venv-rev2/lib/python3.14/site-packages/cryptography/hazmat/primitives/kdf/__pycache__
.temp/TASK-260824-31y75t/venv-rev2/lib/python3.14/site-packages/cryptography/hazmat/primitives/serialization/__pycache__
.temp/TASK-260824-31y75t/venv-rev2/lib/python3.14/site-packages/cryptography/hazmat/primitives/twofactor/__pycache__
.temp/TASK-260824-31y75t/venv-rev2/lib/python3.14/site-packages/cryptography/x509/__pycache__
.temp/TASK-260824-31y75t/venv-rev2/lib/python3.14/site-packages/docutils/__pycache__
.temp/TASK-260824-31y75t/venv-rev2/lib/python3.14/site-packages/docutils/languages/__pycache__
.temp/TASK-260824-31y75t/venv-rev2/lib/python3.14/site-packages/docutils/parsers/__pycache__
.temp/TASK-260824-31y75t/venv-rev2/lib/python3.14/site-packages/docutils/parsers/rst/__pycache__
.temp/TASK-260824-31y75t/venv-rev2/lib/python3.14/site-packages/docutils/parsers/rst/directives/__pycache__
.temp/TASK-260824-31y75t/venv-rev2/lib/python3.14/site-packages/docutils/parsers/rst/languages/__pycache__
.temp/TASK-260824-31y75t/venv-rev2/lib/python3.14/site-packages/docutils/readers/__pycache__
.temp/TASK-260824-31y75t/venv-rev2/lib/python3.14/site-packages/docutils/transforms/__pycache__
.temp/TASK-260824-31y75t/venv-rev2/lib/python3.14/site-packages/docutils/utils/__pycache__
.temp/TASK-260824-31y75t/venv-rev2/lib/python3.14/site-packages/docutils/utils/math/__pycache__
.temp/TASK-260824-31y75t/venv-rev2/lib/python3.14/site-packages/docutils/writers/__pycache__
.temp/TASK-260824-31y75t/venv-rev2/lib/python3.14/site-packages/docutils/writers/html4css1/__pycache__
.temp/TASK-260824-31y75t/venv-rev2/lib/python3.14/site-packages/docutils/writers/html5_polyglot/__pycache__
.temp/TASK-260824-31y75t/venv-rev2/lib/python3.14/site-packages/docutils/writers/latex2e/__pycache__
.temp/TASK-260824-31y75t/venv-rev2/lib/python3.14/site-packages/docutils/writers/odf_odt/__pycache__
.temp/TASK-260824-31y75t/venv-rev2/lib/python3.14/site-packages/docutils/writers/pep_html/__pycache__
.temp/TASK-260824-31y75t/venv-rev2/lib/python3.14/site-packages/docutils/writers/s5_html/__pycache__
.temp/TASK-260824-31y75t/venv-rev2/lib/python3.14/site-packages/docutils/writers/xetex/__pycache__
.temp/TASK-260824-31y75t/venv-rev2/lib/python3.14/site-packages/execnet/__pycache__
.temp/TASK-260824-31y75t/venv-rev2/lib/python3.14/site-packages/execnet/script/__pycache__
.temp/TASK-260824-31y75t/venv-rev2/lib/python3.14/site-packages/id/__pycache__
.temp/TASK-260824-31y75t/venv-rev2/lib/python3.14/site-packages/id/_internal/oidc/__pycache__
.temp/TASK-260824-31y75t/venv-rev2/lib/python3.14/site-packages/idna/__pycache__
.temp/TASK-260824-31y75t/venv-rev2/lib/python3.14/site-packages/iniconfig/__pycache__
.temp/TASK-260824-31y75t/venv-rev2/lib/python3.14/site-packages/jaraco/classes/__pycache__
.temp/TASK-260824-31y75t/venv-rev2/lib/python3.14/site-packages/jaraco/context/__pycache__
.temp/TASK-260824-31y75t/venv-rev2/lib/python3.14/site-packages/jaraco/functools/__pycache__
.temp/TASK-260824-31y75t/venv-rev2/lib/python3.14/site-packages/jsonschema/__pycache__
.temp/TASK-260824-31y75t/venv-rev2/lib/python3.14/site-packages/jsonschema/benchmarks/__pycache__
.temp/TASK-260824-31y75t/venv-rev2/lib/python3.14/site-packages/jsonschema/tests/__pycache__
.temp/TASK-260824-31y75t/venv-rev2/lib/python3.14/site-packages/jsonschema/tests/typing/__pycache__
.temp/TASK-260824-31y75t/venv-rev2/lib/python3.14/site-packages/jsonschema_specifications/__pycache__
.temp/TASK-260824-31y75t/venv-rev2/lib/python3.14/site-packages/jsonschema_specifications/tests/__pycache__
.temp/TASK-260824-31y75t/venv-rev2/lib/python3.14/site-packages/keyring/__pycache__
.temp/TASK-260824-31y75t/venv-rev2/lib/python3.14/site-packages/keyring/backends/__pycache__
.temp/TASK-260824-31y75t/venv-rev2/lib/python3.14/site-packages/keyring/backends/macOS/__pycache__
.temp/TASK-260824-31y75t/venv-rev2/lib/python3.14/site-packages/keyring/compat/__pycache__
.temp/TASK-260824-31y75t/venv-rev2/lib/python3.14/site-packages/keyring/testing/__pycache__
.temp/TASK-260824-31y75t/venv-rev2/lib/python3.14/site-packages/keyring/util/__pycache__
.temp/TASK-260824-31y75t/venv-rev2/lib/python3.14/site-packages/markdown_it/__pycache__
.temp/TASK-260824-31y75t/venv-rev2/lib/python3.14/site-packages/markdown_it/cli/__pycache__
.temp/TASK-260824-31y75t/venv-rev2/lib/python3.14/site-packages/markdown_it/common/__pycache__
.temp/TASK-260824-31y75t/venv-rev2/lib/python3.14/site-packages/markdown_it/helpers/__pycache__
.temp/TASK-260824-31y75t/venv-rev2/lib/python3.14/site-packages/markdown_it/presets/__pycache__
.temp/TASK-260824-31y75t/venv-rev2/lib/python3.14/site-packages/markdown_it/rules_block/__pycache__
.temp/TASK-260824-31y75t/venv-rev2/lib/python3.14/site-packages/markdown_it/rules_core/__pycache__
.temp/TASK-260824-31y75t/venv-rev2/lib/python3.14/site-packages/markdown_it/rules_inline/__pycache__
.temp/TASK-260824-31y75t/venv-rev2/lib/python3.14/site-packages/mdurl/__pycache__
.temp/TASK-260824-31y75t/venv-rev2/lib/python3.14/site-packages/more_itertools/__pycache__
.temp/TASK-260824-31y75t/venv-rev2/lib/python3.14/site-packages/mypy/__pycache__
.temp/TASK-260824-31y75t/venv-rev2/lib/python3.14/site-packages/mypy/build_worker/__pycache__
.temp/TASK-260824-31y75t/venv-rev2/lib/python3.14/site-packages/mypy/dmypy/__pycache__
.temp/TASK-260824-31y75t/venv-rev2/lib/python3.14/site-packages/mypy/plugins/__pycache__
.temp/TASK-260824-31y75t/venv-rev2/lib/python3.14/site-packages/mypy/server/__pycache__
.temp/TASK-260824-31y75t/venv-rev2/lib/python3.14/site-packages/mypy/test/__pycache__
.temp/TASK-260824-31y75t/venv-rev2/lib/python3.14/site-packages/mypy/test/meta/__pycache__
.temp/TASK-260824-31y75t/venv-rev2/lib/python3.14/site-packages/mypy/typeshed/stdlib/venv
.temp/TASK-260824-31y75t/venv-rev2/lib/python3.14/site-packages/mypyc/__pycache__
.temp/TASK-260824-31y75t/venv-rev2/lib/python3.14/site-packages/mypyc/analysis/__pycache__
.temp/TASK-260824-31y75t/venv-rev2/lib/python3.14/site-packages/mypyc/codegen/__pycache__
.temp/TASK-260824-31y75t/venv-rev2/lib/python3.14/site-packages/mypyc/ir/__pycache__
.temp/TASK-260824-31y75t/venv-rev2/lib/python3.14/site-packages/mypyc/irbuild/__pycache__
.temp/TASK-260824-31y75t/venv-rev2/lib/python3.14/site-packages/mypyc/lib-rt/__pycache__
.temp/TASK-260824-31y75t/venv-rev2/lib/python3.14/site-packages/mypyc/lower/__pycache__
.temp/TASK-260824-31y75t/venv-rev2/lib/python3.14/site-packages/mypyc/primitives/__pycache__
.temp/TASK-260824-31y75t/venv-rev2/lib/python3.14/site-packages/mypyc/test/__pycache__
.temp/TASK-260824-31y75t/venv-rev2/lib/python3.14/site-packages/mypyc/transform/__pycache__
.temp/TASK-260824-31y75t/venv-rev2/lib/python3.14/site-packages/nh3/__pycache__
.temp/TASK-260824-31y75t/venv-rev2/lib/python3.14/site-packages/packaging/__pycache__
.temp/TASK-260824-31y75t/venv-rev2/lib/python3.14/site-packages/packaging/licenses/__pycache__
.temp/TASK-260824-31y75t/venv-rev2/lib/python3.14/site-packages/pathspec/__pycache__
.temp/TASK-260824-31y75t/venv-rev2/lib/python3.14/site-packages/pathspec/_backends/__pycache__
.temp/TASK-260824-31y75t/venv-rev2/lib/python3.14/site-packages/pathspec/_backends/hyperscan/__pycache__
.temp/TASK-260824-31y75t/venv-rev2/lib/python3.14/site-packages/pathspec/_backends/re2/__pycache__
.temp/TASK-260824-31y75t/venv-rev2/lib/python3.14/site-packages/pathspec/_backends/simple/__pycache__
.temp/TASK-260824-31y75t/venv-rev2/lib/python3.14/site-packages/pathspec/patterns/__pycache__
.temp/TASK-260824-31y75t/venv-rev2/lib/python3.14/site-packages/pathspec/patterns/gitignore/__pycache__
.temp/TASK-260824-31y75t/venv-rev2/lib/python3.14/site-packages/pip/__pycache__
.temp/TASK-260824-31y75t/venv-rev2/lib/python3.14/site-packages/pip/_internal/__pycache__
.temp/TASK-260824-31y75t/venv-rev2/lib/python3.14/site-packages/pip/_internal/cli/__pycache__
.temp/TASK-260824-31y75t/venv-rev2/lib/python3.14/site-packages/pip/_internal/commands/__pycache__
.temp/TASK-260824-31y75t/venv-rev2/lib/python3.14/site-packages/pip/_internal/distributions/__pycache__
.temp/TASK-260824-31y75t/venv-rev2/lib/python3.14/site-packages/pip/_internal/index/__pycache__
.temp/TASK-260824-31y75t/venv-rev2/lib/python3.14/site-packages/pip/_internal/locations/__pycache__
.temp/TASK-260824-31y75t/venv-rev2/lib/python3.14/site-packages/pip/_internal/metadata/__pycache__
.temp/TASK-260824-31y75t/venv-rev2/lib/python3.14/site-packages/pip/_internal/metadata/importlib/__pycache__
.temp/TASK-260824-31y75t/venv-rev2/lib/python3.14/site-packages/pip/_internal/models/__pycache__
.temp/TASK-260824-31y75t/venv-rev2/lib/python3.14/site-packages/pip/_internal/network/__pycache__
.temp/TASK-260824-31y75t/venv-rev2/lib/python3.14/site-packages/pip/_internal/operations/__pycache__
.temp/TASK-260824-31y75t/venv-rev2/lib/python3.14/site-packages/pip/_internal/operations/build
.temp/TASK-260824-31y75t/venv-rev2/lib/python3.14/site-packages/pip/_internal/operations/install/__pycache__
.temp/TASK-260824-31y75t/venv-rev2/lib/python3.14/site-packages/pip/_internal/req/__pycache__
.temp/TASK-260824-31y75t/venv-rev2/lib/python3.14/site-packages/pip/_internal/resolution/__pycache__
.temp/TASK-260824-31y75t/venv-rev2/lib/python3.14/site-packages/pip/_internal/resolution/legacy/__pycache__
.temp/TASK-260824-31y75t/venv-rev2/lib/python3.14/site-packages/pip/_internal/resolution/resolvelib/__pycache__
.temp/TASK-260824-31y75t/venv-rev2/lib/python3.14/site-packages/pip/_internal/utils/__pycache__
.temp/TASK-260824-31y75t/venv-rev2/lib/python3.14/site-packages/pip/_internal/vcs/__pycache__
.temp/TASK-260824-31y75t/venv-rev2/lib/python3.14/site-packages/pip/_vendor/__pycache__
.temp/TASK-260824-31y75t/venv-rev2/lib/python3.14/site-packages/pip/_vendor/cachecontrol/__pycache__
.temp/TASK-260824-31y75t/venv-rev2/lib/python3.14/site-packages/pip/_vendor/cachecontrol/caches/__pycache__
.temp/TASK-260824-31y75t/venv-rev2/lib/python3.14/site-packages/pip/_vendor/certifi/__pycache__
.temp/TASK-260824-31y75t/venv-rev2/lib/python3.14/site-packages/pip/_vendor/distlib/__pycache__
.temp/TASK-260824-31y75t/venv-rev2/lib/python3.14/site-packages/pip/_vendor/distro/__pycache__
.temp/TASK-260824-31y75t/venv-rev2/lib/python3.14/site-packages/pip/_vendor/idna/__pycache__
.temp/TASK-260824-31y75t/venv-rev2/lib/python3.14/site-packages/pip/_vendor/msgpack/__pycache__
.temp/TASK-260824-31y75t/venv-rev2/lib/python3.14/site-packages/pip/_vendor/packaging/__pycache__
.temp/TASK-260824-31y75t/venv-rev2/lib/python3.14/site-packages/pip/_vendor/packaging/licenses/__pycache__
.temp/TASK-260824-31y75t/venv-rev2/lib/python3.14/site-packages/pip/_vendor/pkg_resources/__pycache__
.temp/TASK-260824-31y75t/venv-rev2/lib/python3.14/site-packages/pip/_vendor/platformdirs/__pycache__
.temp/TASK-260824-31y75t/venv-rev2/lib/python3.14/site-packages/pip/_vendor/pygments/__pycache__
.temp/TASK-260824-31y75t/venv-rev2/lib/python3.14/site-packages/pip/_vendor/pygments/filters/__pycache__
.temp/TASK-260824-31y75t/venv-rev2/lib/python3.14/site-packages/pip/_vendor/pygments/formatters/__pycache__
.temp/TASK-260824-31y75t/venv-rev2/lib/python3.14/site-packages/pip/_vendor/pygments/lexers/__pycache__
.temp/TASK-260824-31y75t/venv-rev2/lib/python3.14/site-packages/pip/_vendor/pygments/styles/__pycache__
.temp/TASK-260824-31y75t/venv-rev2/lib/python3.14/site-packages/pip/_vendor/pyproject_hooks/__pycache__
.temp/TASK-260824-31y75t/venv-rev2/lib/python3.14/site-packages/pip/_vendor/pyproject_hooks/_in_process/__pycache__
.temp/TASK-260824-31y75t/venv-rev2/lib/python3.14/site-packages/pip/_vendor/requests/__pycache__
.temp/TASK-260824-31y75t/venv-rev2/lib/python3.14/site-packages/pip/_vendor/resolvelib/__pycache__
.temp/TASK-260824-31y75t/venv-rev2/lib/python3.14/site-packages/pip/_vendor/resolvelib/resolvers/__pycache__
.temp/TASK-260824-31y75t/venv-rev2/lib/python3.14/site-packages/pip/_vendor/rich/__pycache__
.temp/TASK-260824-31y75t/venv-rev2/lib/python3.14/site-packages/pip/_vendor/tomli/__pycache__
.temp/TASK-260824-31y75t/venv-rev2/lib/python3.14/site-packages/pip/_vendor/tomli_w/__pycache__
.temp/TASK-260824-31y75t/venv-rev2/lib/python3.14/site-packages/pip/_vendor/truststore/__pycache__
.temp/TASK-260824-31y75t/venv-rev2/lib/python3.14/site-packages/pip/_vendor/urllib3/__pycache__
.temp/TASK-260824-31y75t/venv-rev2/lib/python3.14/site-packages/pip/_vendor/urllib3/contrib/__pycache__
.temp/TASK-260824-31y75t/venv-rev2/lib/python3.14/site-packages/pip/_vendor/urllib3/contrib/emscripten/__pycache__
.temp/TASK-260824-31y75t/venv-rev2/lib/python3.14/site-packages/pip/_vendor/urllib3/http2/__pycache__
.temp/TASK-260824-31y75t/venv-rev2/lib/python3.14/site-packages/pip/_vendor/urllib3/util/__pycache__
.temp/TASK-260824-31y75t/venv-rev2/lib/python3.14/site-packages/pluggy/__pycache__
.temp/TASK-260824-31y75t/venv-rev2/lib/python3.14/site-packages/pycparser/__pycache__
.temp/TASK-260824-31y75t/venv-rev2/lib/python3.14/site-packages/pygments/__pycache__
.temp/TASK-260824-31y75t/venv-rev2/lib/python3.14/site-packages/pygments/filters/__pycache__
.temp/TASK-260824-31y75t/venv-rev2/lib/python3.14/site-packages/pygments/formatters/__pycache__
.temp/TASK-260824-31y75t/venv-rev2/lib/python3.14/site-packages/pygments/lexers/__pycache__
.temp/TASK-260824-31y75t/venv-rev2/lib/python3.14/site-packages/pygments/styles/__pycache__
.temp/TASK-260824-31y75t/venv-rev2/lib/python3.14/site-packages/pyproject_hooks/__pycache__
.temp/TASK-260824-31y75t/venv-rev2/lib/python3.14/site-packages/pyproject_hooks/_in_process/__pycache__
.temp/TASK-260824-31y75t/venv-rev2/lib/python3.14/site-packages/pytest/__pycache__
.temp/TASK-260824-31y75t/venv-rev2/lib/python3.14/site-packages/readme_renderer/__pycache__
.temp/TASK-260824-31y75t/venv-rev2/lib/python3.14/site-packages/referencing/__pycache__
.temp/TASK-260824-31y75t/venv-rev2/lib/python3.14/site-packages/referencing/tests/__pycache__
.temp/TASK-260824-31y75t/venv-rev2/lib/python3.14/site-packages/requests/__pycache__
.temp/TASK-260824-31y75t/venv-rev2/lib/python3.14/site-packages/requests_toolbelt/__pycache__
.temp/TASK-260824-31y75t/venv-rev2/lib/python3.14/site-packages/requests_toolbelt/adapters/__pycache__
.temp/TASK-260824-31y75t/venv-rev2/lib/python3.14/site-packages/requests_toolbelt/auth/__pycache__
.temp/TASK-260824-31y75t/venv-rev2/lib/python3.14/site-packages/requests_toolbelt/cookies/__pycache__
.temp/TASK-260824-31y75t/venv-rev2/lib/python3.14/site-packages/requests_toolbelt/downloadutils/__pycache__
.temp/TASK-260824-31y75t/venv-rev2/lib/python3.14/site-packages/requests_toolbelt/multipart/__pycache__
.temp/TASK-260824-31y75t/venv-rev2/lib/python3.14/site-packages/requests_toolbelt/threaded/__pycache__
.temp/TASK-260824-31y75t/venv-rev2/lib/python3.14/site-packages/requests_toolbelt/utils/__pycache__
.temp/TASK-260824-31y75t/venv-rev2/lib/python3.14/site-packages/rfc3986/__pycache__
.temp/TASK-260824-31y75t/venv-rev2/lib/python3.14/site-packages/rich/__pycache__
.temp/TASK-260824-31y75t/venv-rev2/lib/python3.14/site-packages/rich/_unicode_data/__pycache__
.temp/TASK-260824-31y75t/venv-rev2/lib/python3.14/site-packages/rpds/__pycache__
.temp/TASK-260824-31y75t/venv-rev2/lib/python3.14/site-packages/twine/__pycache__
.temp/TASK-260824-31y75t/venv-rev2/lib/python3.14/site-packages/twine/commands/__pycache__
.temp/TASK-260824-31y75t/venv-rev2/lib/python3.14/site-packages/urllib3/__pycache__
.temp/TASK-260824-31y75t/venv-rev2/lib/python3.14/site-packages/urllib3/contrib/__pycache__
.temp/TASK-260824-31y75t/venv-rev2/lib/python3.14/site-packages/urllib3/contrib/emscripten/__pycache__
.temp/TASK-260824-31y75t/venv-rev2/lib/python3.14/site-packages/urllib3/http2/__pycache__
.temp/TASK-260824-31y75t/venv-rev2/lib/python3.14/site-packages/urllib3/util/__pycache__
.temp/TASK-260824-31y75t/venv-rev2/lib/python3.14/site-packages/xdist/__pycache__
.temp/TASK-260824-31y75t/venv-rev2/lib/python3.14/site-packages/xdist/scheduler/__pycache__
.temp/TASK-260824-31y75t/venv311/lib/python3.11/site-packages/__pycache__
.temp/TASK-260824-31y75t/venv311/lib/python3.11/site-packages/_distutils_hack/__pycache__
.temp/TASK-260824-31y75t/venv311/lib/python3.11/site-packages/_pytest/__pycache__
.temp/TASK-260824-31y75t/venv311/lib/python3.11/site-packages/_pytest/_code/__pycache__
.temp/TASK-260824-31y75t/venv311/lib/python3.11/site-packages/_pytest/_io/__pycache__
.temp/TASK-260824-31y75t/venv311/lib/python3.11/site-packages/_pytest/_py/__pycache__
.temp/TASK-260824-31y75t/venv311/lib/python3.11/site-packages/_pytest/assertion/__pycache__
.temp/TASK-260824-31y75t/venv311/lib/python3.11/site-packages/_pytest/config/__pycache__
.temp/TASK-260824-31y75t/venv311/lib/python3.11/site-packages/_pytest/mark/__pycache__
.temp/TASK-260824-31y75t/venv311/lib/python3.11/site-packages/ast_serialize/__pycache__
.temp/TASK-260824-31y75t/venv311/lib/python3.11/site-packages/attr/__pycache__
.temp/TASK-260824-31y75t/venv311/lib/python3.11/site-packages/attrs/__pycache__
.temp/TASK-260824-31y75t/venv311/lib/python3.11/site-packages/backports/__pycache__
.temp/TASK-260824-31y75t/venv311/lib/python3.11/site-packages/backports/tarfile/__pycache__
.temp/TASK-260824-31y75t/venv311/lib/python3.11/site-packages/backports/tarfile/compat/__pycache__
.temp/TASK-260824-31y75t/venv311/lib/python3.11/site-packages/build
.temp/TASK-260824-31y75t/venv311/lib/python3.11/site-packages/certifi/__pycache__
.temp/TASK-260824-31y75t/venv311/lib/python3.11/site-packages/certifi/tests/__pycache__
.temp/TASK-260824-31y75t/venv311/lib/python3.11/site-packages/cffi/__pycache__
.temp/TASK-260824-31y75t/venv311/lib/python3.11/site-packages/charset_normalizer/__pycache__
.temp/TASK-260824-31y75t/venv311/lib/python3.11/site-packages/charset_normalizer/cli/__pycache__
.temp/TASK-260824-31y75t/venv311/lib/python3.11/site-packages/cryptography/__pycache__
.temp/TASK-260824-31y75t/venv311/lib/python3.11/site-packages/cryptography/hazmat/__pycache__
.temp/TASK-260824-31y75t/venv311/lib/python3.11/site-packages/cryptography/hazmat/asn1/__pycache__
.temp/TASK-260824-31y75t/venv311/lib/python3.11/site-packages/cryptography/hazmat/backends/__pycache__
.temp/TASK-260824-31y75t/venv311/lib/python3.11/site-packages/cryptography/hazmat/backends/openssl/__pycache__
.temp/TASK-260824-31y75t/venv311/lib/python3.11/site-packages/cryptography/hazmat/bindings/__pycache__
.temp/TASK-260824-31y75t/venv311/lib/python3.11/site-packages/cryptography/hazmat/bindings/openssl/__pycache__
.temp/TASK-260824-31y75t/venv311/lib/python3.11/site-packages/cryptography/hazmat/decrepit/__pycache__
.temp/TASK-260824-31y75t/venv311/lib/python3.11/site-packages/cryptography/hazmat/decrepit/ciphers/__pycache__
.temp/TASK-260824-31y75t/venv311/lib/python3.11/site-packages/cryptography/hazmat/primitives/__pycache__
.temp/TASK-260824-31y75t/venv311/lib/python3.11/site-packages/cryptography/hazmat/primitives/asymmetric/__pycache__
.temp/TASK-260824-31y75t/venv311/lib/python3.11/site-packages/cryptography/hazmat/primitives/ciphers/__pycache__
.temp/TASK-260824-31y75t/venv311/lib/python3.11/site-packages/cryptography/hazmat/primitives/kdf/__pycache__
.temp/TASK-260824-31y75t/venv311/lib/python3.11/site-packages/cryptography/hazmat/primitives/serialization/__pycache__
.temp/TASK-260824-31y75t/venv311/lib/python3.11/site-packages/cryptography/hazmat/primitives/twofactor/__pycache__
.temp/TASK-260824-31y75t/venv311/lib/python3.11/site-packages/cryptography/x509/__pycache__
.temp/TASK-260824-31y75t/venv311/lib/python3.11/site-packages/csk/__pycache__
.temp/TASK-260824-31y75t/venv311/lib/python3.11/site-packages/csk/audit/__pycache__
.temp/TASK-260824-31y75t/venv311/lib/python3.11/site-packages/csk/audit/backends/__pycache__
.temp/TASK-260824-31y75t/venv311/lib/python3.11/site-packages/csk/builds/__pycache__
.temp/TASK-260824-31y75t/venv311/lib/python3.11/site-packages/docutils/__pycache__
.temp/TASK-260824-31y75t/venv311/lib/python3.11/site-packages/docutils/languages/__pycache__
.temp/TASK-260824-31y75t/venv311/lib/python3.11/site-packages/docutils/parsers/__pycache__
.temp/TASK-260824-31y75t/venv311/lib/python3.11/site-packages/docutils/parsers/rst/__pycache__
.temp/TASK-260824-31y75t/venv311/lib/python3.11/site-packages/docutils/parsers/rst/directives/__pycache__
.temp/TASK-260824-31y75t/venv311/lib/python3.11/site-packages/docutils/parsers/rst/languages/__pycache__
.temp/TASK-260824-31y75t/venv311/lib/python3.11/site-packages/docutils/readers/__pycache__
.temp/TASK-260824-31y75t/venv311/lib/python3.11/site-packages/docutils/transforms/__pycache__
.temp/TASK-260824-31y75t/venv311/lib/python3.11/site-packages/docutils/utils/__pycache__
.temp/TASK-260824-31y75t/venv311/lib/python3.11/site-packages/docutils/utils/math/__pycache__
.temp/TASK-260824-31y75t/venv311/lib/python3.11/site-packages/docutils/writers/__pycache__
.temp/TASK-260824-31y75t/venv311/lib/python3.11/site-packages/docutils/writers/html4css1/__pycache__
.temp/TASK-260824-31y75t/venv311/lib/python3.11/site-packages/docutils/writers/html5_polyglot/__pycache__
.temp/TASK-260824-31y75t/venv311/lib/python3.11/site-packages/docutils/writers/latex2e/__pycache__
.temp/TASK-260824-31y75t/venv311/lib/python3.11/site-packages/docutils/writers/odf_odt/__pycache__
.temp/TASK-260824-31y75t/venv311/lib/python3.11/site-packages/docutils/writers/pep_html/__pycache__
.temp/TASK-260824-31y75t/venv311/lib/python3.11/site-packages/docutils/writers/s5_html/__pycache__
.temp/TASK-260824-31y75t/venv311/lib/python3.11/site-packages/docutils/writers/xetex/__pycache__
.temp/TASK-260824-31y75t/venv311/lib/python3.11/site-packages/execnet/__pycache__
.temp/TASK-260824-31y75t/venv311/lib/python3.11/site-packages/execnet/script/__pycache__
.temp/TASK-260824-31y75t/venv311/lib/python3.11/site-packages/id/__pycache__
.temp/TASK-260824-31y75t/venv311/lib/python3.11/site-packages/id/_internal/oidc/__pycache__
.temp/TASK-260824-31y75t/venv311/lib/python3.11/site-packages/idna/__pycache__
.temp/TASK-260824-31y75t/venv311/lib/python3.11/site-packages/importlib_metadata/__pycache__
.temp/TASK-260824-31y75t/venv311/lib/python3.11/site-packages/importlib_metadata/compat/__pycache__
.temp/TASK-260824-31y75t/venv311/lib/python3.11/site-packages/iniconfig/__pycache__
.temp/TASK-260824-31y75t/venv311/lib/python3.11/site-packages/jaraco/classes/__pycache__
.temp/TASK-260824-31y75t/venv311/lib/python3.11/site-packages/jaraco/context/__pycache__
.temp/TASK-260824-31y75t/venv311/lib/python3.11/site-packages/jaraco/functools/__pycache__
.temp/TASK-260824-31y75t/venv311/lib/python3.11/site-packages/jsonschema/__pycache__
.temp/TASK-260824-31y75t/venv311/lib/python3.11/site-packages/jsonschema/benchmarks/__pycache__
.temp/TASK-260824-31y75t/venv311/lib/python3.11/site-packages/jsonschema/tests/__pycache__
.temp/TASK-260824-31y75t/venv311/lib/python3.11/site-packages/jsonschema/tests/typing/__pycache__
.temp/TASK-260824-31y75t/venv311/lib/python3.11/site-packages/jsonschema_specifications/__pycache__
.temp/TASK-260824-31y75t/venv311/lib/python3.11/site-packages/jsonschema_specifications/tests/__pycache__
.temp/TASK-260824-31y75t/venv311/lib/python3.11/site-packages/keyring/__pycache__
.temp/TASK-260824-31y75t/venv311/lib/python3.11/site-packages/keyring/backends/__pycache__
.temp/TASK-260824-31y75t/venv311/lib/python3.11/site-packages/keyring/backends/macOS/__pycache__
.temp/TASK-260824-31y75t/venv311/lib/python3.11/site-packages/keyring/compat/__pycache__
.temp/TASK-260824-31y75t/venv311/lib/python3.11/site-packages/keyring/testing/__pycache__
.temp/TASK-260824-31y75t/venv311/lib/python3.11/site-packages/keyring/util/__pycache__
.temp/TASK-260824-31y75t/venv311/lib/python3.11/site-packages/markdown_it/__pycache__
.temp/TASK-260824-31y75t/venv311/lib/python3.11/site-packages/markdown_it/cli/__pycache__
.temp/TASK-260824-31y75t/venv311/lib/python3.11/site-packages/markdown_it/common/__pycache__
.temp/TASK-260824-31y75t/venv311/lib/python3.11/site-packages/markdown_it/helpers/__pycache__
.temp/TASK-260824-31y75t/venv311/lib/python3.11/site-packages/markdown_it/presets/__pycache__
.temp/TASK-260824-31y75t/venv311/lib/python3.11/site-packages/markdown_it/rules_block/__pycache__
.temp/TASK-260824-31y75t/venv311/lib/python3.11/site-packages/markdown_it/rules_core/__pycache__
.temp/TASK-260824-31y75t/venv311/lib/python3.11/site-packages/markdown_it/rules_inline/__pycache__
.temp/TASK-260824-31y75t/venv311/lib/python3.11/site-packages/mdurl/__pycache__
.temp/TASK-260824-31y75t/venv311/lib/python3.11/site-packages/more_itertools/__pycache__
.temp/TASK-260824-31y75t/venv311/lib/python3.11/site-packages/mypy/__pycache__
.temp/TASK-260824-31y75t/venv311/lib/python3.11/site-packages/mypy/build_worker/__pycache__
.temp/TASK-260824-31y75t/venv311/lib/python3.11/site-packages/mypy/dmypy/__pycache__
.temp/TASK-260824-31y75t/venv311/lib/python3.11/site-packages/mypy/plugins/__pycache__
.temp/TASK-260824-31y75t/venv311/lib/python3.11/site-packages/mypy/server/__pycache__
.temp/TASK-260824-31y75t/venv311/lib/python3.11/site-packages/mypy/test/__pycache__
.temp/TASK-260824-31y75t/venv311/lib/python3.11/site-packages/mypy/test/meta/__pycache__
.temp/TASK-260824-31y75t/venv311/lib/python3.11/site-packages/mypy/typeshed/stdlib/venv
.temp/TASK-260824-31y75t/venv311/lib/python3.11/site-packages/mypyc/__pycache__
.temp/TASK-260824-31y75t/venv311/lib/python3.11/site-packages/mypyc/analysis/__pycache__
.temp/TASK-260824-31y75t/venv311/lib/python3.11/site-packages/mypyc/codegen/__pycache__
.temp/TASK-260824-31y75t/venv311/lib/python3.11/site-packages/mypyc/ir/__pycache__
.temp/TASK-260824-31y75t/venv311/lib/python3.11/site-packages/mypyc/irbuild/__pycache__
.temp/TASK-260824-31y75t/venv311/lib/python3.11/site-packages/mypyc/lib-rt/__pycache__
.temp/TASK-260824-31y75t/venv311/lib/python3.11/site-packages/mypyc/lower/__pycache__
.temp/TASK-260824-31y75t/venv311/lib/python3.11/site-packages/mypyc/primitives/__pycache__
.temp/TASK-260824-31y75t/venv311/lib/python3.11/site-packages/mypyc/test/__pycache__
.temp/TASK-260824-31y75t/venv311/lib/python3.11/site-packages/mypyc/transform/__pycache__
.temp/TASK-260824-31y75t/venv311/lib/python3.11/site-packages/nh3/__pycache__
.temp/TASK-260824-31y75t/venv311/lib/python3.11/site-packages/packaging/__pycache__
.temp/TASK-260824-31y75t/venv311/lib/python3.11/site-packages/packaging/licenses/__pycache__
.temp/TASK-260824-31y75t/venv311/lib/python3.11/site-packages/pathspec/__pycache__
.temp/TASK-260824-31y75t/venv311/lib/python3.11/site-packages/pathspec/_backends/__pycache__
.temp/TASK-260824-31y75t/venv311/lib/python3.11/site-packages/pathspec/_backends/hyperscan/__pycache__
.temp/TASK-260824-31y75t/venv311/lib/python3.11/site-packages/pathspec/_backends/re2/__pycache__
.temp/TASK-260824-31y75t/venv311/lib/python3.11/site-packages/pathspec/_backends/simple/__pycache__
.temp/TASK-260824-31y75t/venv311/lib/python3.11/site-packages/pathspec/patterns/__pycache__
.temp/TASK-260824-31y75t/venv311/lib/python3.11/site-packages/pathspec/patterns/gitignore/__pycache__
.temp/TASK-260824-31y75t/venv311/lib/python3.11/site-packages/pip/__pycache__
.temp/TASK-260824-31y75t/venv311/lib/python3.11/site-packages/pip/_internal/__pycache__
.temp/TASK-260824-31y75t/venv311/lib/python3.11/site-packages/pip/_internal/build_env/__pycache__
.temp/TASK-260824-31y75t/venv311/lib/python3.11/site-packages/pip/_internal/cli/__pycache__
.temp/TASK-260824-31y75t/venv311/lib/python3.11/site-packages/pip/_internal/commands/__pycache__
.temp/TASK-260824-31y75t/venv311/lib/python3.11/site-packages/pip/_internal/distributions/__pycache__
.temp/TASK-260824-31y75t/venv311/lib/python3.11/site-packages/pip/_internal/index/__pycache__
.temp/TASK-260824-31y75t/venv311/lib/python3.11/site-packages/pip/_internal/locations/__pycache__
.temp/TASK-260824-31y75t/venv311/lib/python3.11/site-packages/pip/_internal/metadata/__pycache__
.temp/TASK-260824-31y75t/venv311/lib/python3.11/site-packages/pip/_internal/metadata/importlib/__pycache__
.temp/TASK-260824-31y75t/venv311/lib/python3.11/site-packages/pip/_internal/models/__pycache__
.temp/TASK-260824-31y75t/venv311/lib/python3.11/site-packages/pip/_internal/network/__pycache__
.temp/TASK-260824-31y75t/venv311/lib/python3.11/site-packages/pip/_internal/operations/__pycache__
.temp/TASK-260824-31y75t/venv311/lib/python3.11/site-packages/pip/_internal/operations/build
.temp/TASK-260824-31y75t/venv311/lib/python3.11/site-packages/pip/_internal/operations/install/__pycache__
.temp/TASK-260824-31y75t/venv311/lib/python3.11/site-packages/pip/_internal/req/__pycache__
.temp/TASK-260824-31y75t/venv311/lib/python3.11/site-packages/pip/_internal/resolution/__pycache__
.temp/TASK-260824-31y75t/venv311/lib/python3.11/site-packages/pip/_internal/resolution/legacy/__pycache__
.temp/TASK-260824-31y75t/venv311/lib/python3.11/site-packages/pip/_internal/resolution/resolvelib/__pycache__
.temp/TASK-260824-31y75t/venv311/lib/python3.11/site-packages/pip/_internal/utils/__pycache__
.temp/TASK-260824-31y75t/venv311/lib/python3.11/site-packages/pip/_internal/vcs/__pycache__
.temp/TASK-260824-31y75t/venv311/lib/python3.11/site-packages/pip/_vendor/__pycache__
.temp/TASK-260824-31y75t/venv311/lib/python3.11/site-packages/pip/_vendor/cachecontrol/__pycache__
.temp/TASK-260824-31y75t/venv311/lib/python3.11/site-packages/pip/_vendor/cachecontrol/caches/__pycache__
.temp/TASK-260824-31y75t/venv311/lib/python3.11/site-packages/pip/_vendor/certifi/__pycache__
.temp/TASK-260824-31y75t/venv311/lib/python3.11/site-packages/pip/_vendor/distlib/__pycache__
.temp/TASK-260824-31y75t/venv311/lib/python3.11/site-packages/pip/_vendor/distro/__pycache__
.temp/TASK-260824-31y75t/venv311/lib/python3.11/site-packages/pip/_vendor/idna/__pycache__
.temp/TASK-260824-31y75t/venv311/lib/python3.11/site-packages/pip/_vendor/msgpack/__pycache__
.temp/TASK-260824-31y75t/venv311/lib/python3.11/site-packages/pip/_vendor/packaging/__pycache__
.temp/TASK-260824-31y75t/venv311/lib/python3.11/site-packages/pip/_vendor/packaging/licenses/__pycache__
.temp/TASK-260824-31y75t/venv311/lib/python3.11/site-packages/pip/_vendor/pkg_resources/__pycache__
.temp/TASK-260824-31y75t/venv311/lib/python3.11/site-packages/pip/_vendor/platformdirs/__pycache__
.temp/TASK-260824-31y75t/venv311/lib/python3.11/site-packages/pip/_vendor/pygments/__pycache__
.temp/TASK-260824-31y75t/venv311/lib/python3.11/site-packages/pip/_vendor/pygments/filters/__pycache__
.temp/TASK-260824-31y75t/venv311/lib/python3.11/site-packages/pip/_vendor/pygments/formatters/__pycache__
.temp/TASK-260824-31y75t/venv311/lib/python3.11/site-packages/pip/_vendor/pygments/lexers/__pycache__
.temp/TASK-260824-31y75t/venv311/lib/python3.11/site-packages/pip/_vendor/pygments/styles/__pycache__
.temp/TASK-260824-31y75t/venv311/lib/python3.11/site-packages/pip/_vendor/pyproject_hooks/__pycache__
.temp/TASK-260824-31y75t/venv311/lib/python3.11/site-packages/pip/_vendor/pyproject_hooks/_in_process/__pycache__
.temp/TASK-260824-31y75t/venv311/lib/python3.11/site-packages/pip/_vendor/requests/__pycache__
.temp/TASK-260824-31y75t/venv311/lib/python3.11/site-packages/pip/_vendor/resolvelib/__pycache__
.temp/TASK-260824-31y75t/venv311/lib/python3.11/site-packages/pip/_vendor/resolvelib/resolvers/__pycache__
.temp/TASK-260824-31y75t/venv311/lib/python3.11/site-packages/pip/_vendor/rich/__pycache__
.temp/TASK-260824-31y75t/venv311/lib/python3.11/site-packages/pip/_vendor/tomli/__pycache__
.temp/TASK-260824-31y75t/venv311/lib/python3.11/site-packages/pip/_vendor/tomli_w/__pycache__
.temp/TASK-260824-31y75t/venv311/lib/python3.11/site-packages/pip/_vendor/truststore/__pycache__
.temp/TASK-260824-31y75t/venv311/lib/python3.11/site-packages/pip/_vendor/urllib3/__pycache__
.temp/TASK-260824-31y75t/venv311/lib/python3.11/site-packages/pip/_vendor/urllib3/contrib/__pycache__
.temp/TASK-260824-31y75t/venv311/lib/python3.11/site-packages/pip/_vendor/urllib3/contrib/emscripten/__pycache__
.temp/TASK-260824-31y75t/venv311/lib/python3.11/site-packages/pip/_vendor/urllib3/http2/__pycache__
.temp/TASK-260824-31y75t/venv311/lib/python3.11/site-packages/pip/_vendor/urllib3/util/__pycache__
.temp/TASK-260824-31y75t/venv311/lib/python3.11/site-packages/pkg_resources/__pycache__
.temp/TASK-260824-31y75t/venv311/lib/python3.11/site-packages/pkg_resources/tests/__pycache__
.temp/TASK-260824-31y75t/venv311/lib/python3.11/site-packages/pkg_resources/tests/data/my-test-package-source/__pycache__
.temp/TASK-260824-31y75t/venv311/lib/python3.11/site-packages/pluggy/__pycache__
.temp/TASK-260824-31y75t/venv311/lib/python3.11/site-packages/pycparser/__pycache__
.temp/TASK-260824-31y75t/venv311/lib/python3.11/site-packages/pygments/__pycache__
.temp/TASK-260824-31y75t/venv311/lib/python3.11/site-packages/pygments/filters/__pycache__
.temp/TASK-260824-31y75t/venv311/lib/python3.11/site-packages/pygments/formatters/__pycache__
.temp/TASK-260824-31y75t/venv311/lib/python3.11/site-packages/pygments/lexers/__pycache__
.temp/TASK-260824-31y75t/venv311/lib/python3.11/site-packages/pygments/styles/__pycache__
.temp/TASK-260824-31y75t/venv311/lib/python3.11/site-packages/pyproject_hooks/__pycache__
.temp/TASK-260824-31y75t/venv311/lib/python3.11/site-packages/pyproject_hooks/_in_process/__pycache__
.temp/TASK-260824-31y75t/venv311/lib/python3.11/site-packages/pytest/__pycache__
.temp/TASK-260824-31y75t/venv311/lib/python3.11/site-packages/readme_renderer/__pycache__
.temp/TASK-260824-31y75t/venv311/lib/python3.11/site-packages/referencing/__pycache__
.temp/TASK-260824-31y75t/venv311/lib/python3.11/site-packages/referencing/tests/__pycache__
.temp/TASK-260824-31y75t/venv311/lib/python3.11/site-packages/requests/__pycache__
.temp/TASK-260824-31y75t/venv311/lib/python3.11/site-packages/requests_toolbelt/__pycache__
.temp/TASK-260824-31y75t/venv311/lib/python3.11/site-packages/requests_toolbelt/adapters/__pycache__
.temp/TASK-260824-31y75t/venv311/lib/python3.11/site-packages/requests_toolbelt/auth/__pycache__
.temp/TASK-260824-31y75t/venv311/lib/python3.11/site-packages/requests_toolbelt/cookies/__pycache__
.temp/TASK-260824-31y75t/venv311/lib/python3.11/site-packages/requests_toolbelt/downloadutils/__pycache__
.temp/TASK-260824-31y75t/venv311/lib/python3.11/site-packages/requests_toolbelt/multipart/__pycache__
.temp/TASK-260824-31y75t/venv311/lib/python3.11/site-packages/requests_toolbelt/threaded/__pycache__
.temp/TASK-260824-31y75t/venv311/lib/python3.11/site-packages/requests_toolbelt/utils/__pycache__
.temp/TASK-260824-31y75t/venv311/lib/python3.11/site-packages/rfc3986/__pycache__
.temp/TASK-260824-31y75t/venv311/lib/python3.11/site-packages/rich/__pycache__
.temp/TASK-260824-31y75t/venv311/lib/python3.11/site-packages/rich/_unicode_data/__pycache__
.temp/TASK-260824-31y75t/venv311/lib/python3.11/site-packages/rpds/__pycache__
.temp/TASK-260824-31y75t/venv311/lib/python3.11/site-packages/setuptools/__pycache__
.temp/TASK-260824-31y75t/venv311/lib/python3.11/site-packages/setuptools/_distutils/__pycache__
.temp/TASK-260824-31y75t/venv311/lib/python3.11/site-packages/setuptools/_distutils/command/__pycache__
.temp/TASK-260824-31y75t/venv311/lib/python3.11/site-packages/setuptools/_distutils/compat/__pycache__
.temp/TASK-260824-31y75t/venv311/lib/python3.11/site-packages/setuptools/_distutils/compilers/C/__pycache__
.temp/TASK-260824-31y75t/venv311/lib/python3.11/site-packages/setuptools/_distutils/compilers/C/tests/__pycache__
.temp/TASK-260824-31y75t/venv311/lib/python3.11/site-packages/setuptools/_distutils/tests/__pycache__
.temp/TASK-260824-31y75t/venv311/lib/python3.11/site-packages/setuptools/_distutils/tests/compat/__pycache__
.temp/TASK-260824-31y75t/venv311/lib/python3.11/site-packages/setuptools/_vendor/__pycache__
.temp/TASK-260824-31y75t/venv311/lib/python3.11/site-packages/setuptools/_vendor/autocommand/__pycache__
.temp/TASK-260824-31y75t/venv311/lib/python3.11/site-packages/setuptools/_vendor/backports/__pycache__
.temp/TASK-260824-31y75t/venv311/lib/python3.11/site-packages/setuptools/_vendor/backports/tarfile/__pycache__
.temp/TASK-260824-31y75t/venv311/lib/python3.11/site-packages/setuptools/_vendor/backports/tarfile/compat/__pycache__
.temp/TASK-260824-31y75t/venv311/lib/python3.11/site-packages/setuptools/_vendor/importlib_metadata/__pycache__
.temp/TASK-260824-31y75t/venv311/lib/python3.11/site-packages/setuptools/_vendor/importlib_metadata/compat/__pycache__
.temp/TASK-260824-31y75t/venv311/lib/python3.11/site-packages/setuptools/_vendor/inflect/__pycache__
.temp/TASK-260824-31y75t/venv311/lib/python3.11/site-packages/setuptools/_vendor/inflect/compat/__pycache__
.temp/TASK-260824-31y75t/venv311/lib/python3.11/site-packages/setuptools/_vendor/jaraco/__pycache__
.temp/TASK-260824-31y75t/venv311/lib/python3.11/site-packages/setuptools/_vendor/jaraco/collections/__pycache__
.temp/TASK-260824-31y75t/venv311/lib/python3.11/site-packages/setuptools/_vendor/jaraco/functools/__pycache__
.temp/TASK-260824-31y75t/venv311/lib/python3.11/site-packages/setuptools/_vendor/jaraco/text/__pycache__
.temp/TASK-260824-31y75t/venv311/lib/python3.11/site-packages/setuptools/_vendor/more_itertools/__pycache__
.temp/TASK-260824-31y75t/venv311/lib/python3.11/site-packages/setuptools/_vendor/packaging/__pycache__
.temp/TASK-260824-31y75t/venv311/lib/python3.11/site-packages/setuptools/_vendor/packaging/licenses/__pycache__
.temp/TASK-260824-31y75t/venv311/lib/python3.11/site-packages/setuptools/_vendor/platformdirs/__pycache__
.temp/TASK-260824-31y75t/venv311/lib/python3.11/site-packages/setuptools/_vendor/tomli/__pycache__
.temp/TASK-260824-31y75t/venv311/lib/python3.11/site-packages/setuptools/_vendor/typeguard/__pycache__
.temp/TASK-260824-31y75t/venv311/lib/python3.11/site-packages/setuptools/_vendor/wheel/__pycache__
.temp/TASK-260824-31y75t/venv311/lib/python3.11/site-packages/setuptools/_vendor/wheel/cli/__pycache__
.temp/TASK-260824-31y75t/venv311/lib/python3.11/site-packages/setuptools/_vendor/wheel/vendored/__pycache__
.temp/TASK-260824-31y75t/venv311/lib/python3.11/site-packages/setuptools/_vendor/wheel/vendored/packaging/__pycache__
.temp/TASK-260824-31y75t/venv311/lib/python3.11/site-packages/setuptools/_vendor/zipp/__pycache__
.temp/TASK-260824-31y75t/venv311/lib/python3.11/site-packages/setuptools/_vendor/zipp/compat/__pycache__
.temp/TASK-260824-31y75t/venv311/lib/python3.11/site-packages/setuptools/command/__pycache__
.temp/TASK-260824-31y75t/venv311/lib/python3.11/site-packages/setuptools/compat/__pycache__
.temp/TASK-260824-31y75t/venv311/lib/python3.11/site-packages/setuptools/config/__pycache__
.temp/TASK-260824-31y75t/venv311/lib/python3.11/site-packages/setuptools/config/_validate_pyproject/__pycache__
.temp/TASK-260824-31y75t/venv311/lib/python3.11/site-packages/setuptools/tests/__pycache__
.temp/TASK-260824-31y75t/venv311/lib/python3.11/site-packages/setuptools/tests/compat/__pycache__
.temp/TASK-260824-31y75t/venv311/lib/python3.11/site-packages/setuptools/tests/config/__pycache__
.temp/TASK-260824-31y75t/venv311/lib/python3.11/site-packages/setuptools/tests/config/downloads/__pycache__
.temp/TASK-260824-31y75t/venv311/lib/python3.11/site-packages/setuptools/tests/integration/__pycache__
.temp/TASK-260824-31y75t/venv311/lib/python3.11/site-packages/twine/__pycache__
.temp/TASK-260824-31y75t/venv311/lib/python3.11/site-packages/twine/commands/__pycache__
.temp/TASK-260824-31y75t/venv311/lib/python3.11/site-packages/urllib3/__pycache__
.temp/TASK-260824-31y75t/venv311/lib/python3.11/site-packages/urllib3/contrib/__pycache__
.temp/TASK-260824-31y75t/venv311/lib/python3.11/site-packages/urllib3/contrib/emscripten/__pycache__
.temp/TASK-260824-31y75t/venv311/lib/python3.11/site-packages/urllib3/http2/__pycache__
.temp/TASK-260824-31y75t/venv311/lib/python3.11/site-packages/urllib3/util/__pycache__
.temp/TASK-260824-31y75t/venv311/lib/python3.11/site-packages/xdist/__pycache__
.temp/TASK-260824-31y75t/venv311/lib/python3.11/site-packages/xdist/scheduler/__pycache__
.temp/TASK-260824-31y75t/venv311/lib/python3.11/site-packages/zipp/__pycache__
.temp/TASK-260824-31y75t/venv311/lib/python3.11/site-packages/zipp/compat/__pycache__
.temp/TASK-260824-31y75t/worktree/.github/scripts/__pycache__
.temp/TASK-260824-31y75t/worktree/.mypy_cache
.temp/TASK-260824-31y75t/worktree/.pytest_cache
.temp/TASK-260824-31y75t/worktree/.research/__pycache__
.temp/TASK-260824-31y75t/worktree/build
.temp/TASK-260824-31y75t/worktree/src/csk/__pycache__
.temp/TASK-260824-31y75t/worktree/src/csk/audit/__pycache__
.temp/TASK-260824-31y75t/worktree/src/csk/audit/backends/__pycache__
.temp/TASK-260824-31y75t/worktree/src/csk/builds/__pycache__
.temp/TASK-260824-31y75t/worktree/tests/__pycache__
.temp/TASK-260824-31y75t/worktree/tests/fixtures/skill_go_e2e/build
.temp/build-https/worktree/.github/scripts/__pycache__
.temp/build-https/worktree/.mypy_cache
.temp/build-https/worktree/.pytest_cache
.temp/build-https/worktree/.research/__pycache__
.temp/build-https/worktree/.venv
.temp/build-https/worktree/src/csk/__pycache__
.temp/build-https/worktree/src/csk/audit/__pycache__
.temp/build-https/worktree/src/csk/audit/backends/__pycache__
.temp/build-https/worktree/src/csk/builds/__pycache__
.temp/build-https/worktree/tests/__pycache__
.temp/build-https/worktree/tests/fixtures/skill_go_e2e/build
.temp/csk-runtime-command-fix/cocoaskills-wb/.mypy_cache
.temp/csk-runtime-command-fix/cocoaskills-wb/.pytest_cache
.temp/csk-runtime-command-fix/cocoaskills-wb/.temp/smoke-shell-neutral-314/lib/python3.14/site-packages/csk/__pycache__
.temp/csk-runtime-command-fix/cocoaskills-wb/.temp/smoke-shell-neutral-314/lib/python3.14/site-packages/csk/audit/__pycache__
.temp/csk-runtime-command-fix/cocoaskills-wb/.temp/smoke-shell-neutral-314/lib/python3.14/site-packages/csk/audit/backends/__pycache__
.temp/csk-runtime-command-fix/cocoaskills-wb/.temp/smoke-shell-neutral-314/lib/python3.14/site-packages/pip/__pycache__
.temp/csk-runtime-command-fix/cocoaskills-wb/.temp/smoke-shell-neutral-314/lib/python3.14/site-packages/pip/_internal/__pycache__
.temp/csk-runtime-command-fix/cocoaskills-wb/.temp/smoke-shell-neutral-314/lib/python3.14/site-packages/pip/_internal/cli/__pycache__
.temp/csk-runtime-command-fix/cocoaskills-wb/.temp/smoke-shell-neutral-314/lib/python3.14/site-packages/pip/_internal/commands/__pycache__
.temp/csk-runtime-command-fix/cocoaskills-wb/.temp/smoke-shell-neutral-314/lib/python3.14/site-packages/pip/_internal/distributions/__pycache__
.temp/csk-runtime-command-fix/cocoaskills-wb/.temp/smoke-shell-neutral-314/lib/python3.14/site-packages/pip/_internal/index/__pycache__
.temp/csk-runtime-command-fix/cocoaskills-wb/.temp/smoke-shell-neutral-314/lib/python3.14/site-packages/pip/_internal/locations/__pycache__
.temp/csk-runtime-command-fix/cocoaskills-wb/.temp/smoke-shell-neutral-314/lib/python3.14/site-packages/pip/_internal/metadata/__pycache__
.temp/csk-runtime-command-fix/cocoaskills-wb/.temp/smoke-shell-neutral-314/lib/python3.14/site-packages/pip/_internal/metadata/importlib/__pycache__
.temp/csk-runtime-command-fix/cocoaskills-wb/.temp/smoke-shell-neutral-314/lib/python3.14/site-packages/pip/_internal/models/__pycache__
.temp/csk-runtime-command-fix/cocoaskills-wb/.temp/smoke-shell-neutral-314/lib/python3.14/site-packages/pip/_internal/network/__pycache__
.temp/csk-runtime-command-fix/cocoaskills-wb/.temp/smoke-shell-neutral-314/lib/python3.14/site-packages/pip/_internal/operations/__pycache__
.temp/csk-runtime-command-fix/cocoaskills-wb/.temp/smoke-shell-neutral-314/lib/python3.14/site-packages/pip/_internal/operations/build
.temp/csk-runtime-command-fix/cocoaskills-wb/.temp/smoke-shell-neutral-314/lib/python3.14/site-packages/pip/_internal/operations/install/__pycache__
.temp/csk-runtime-command-fix/cocoaskills-wb/.temp/smoke-shell-neutral-314/lib/python3.14/site-packages/pip/_internal/req/__pycache__
.temp/csk-runtime-command-fix/cocoaskills-wb/.temp/smoke-shell-neutral-314/lib/python3.14/site-packages/pip/_internal/resolution/__pycache__
.temp/csk-runtime-command-fix/cocoaskills-wb/.temp/smoke-shell-neutral-314/lib/python3.14/site-packages/pip/_internal/resolution/legacy/__pycache__
.temp/csk-runtime-command-fix/cocoaskills-wb/.temp/smoke-shell-neutral-314/lib/python3.14/site-packages/pip/_internal/resolution/resolvelib/__pycache__
.temp/csk-runtime-command-fix/cocoaskills-wb/.temp/smoke-shell-neutral-314/lib/python3.14/site-packages/pip/_internal/utils/__pycache__
.temp/csk-runtime-command-fix/cocoaskills-wb/.temp/smoke-shell-neutral-314/lib/python3.14/site-packages/pip/_internal/vcs/__pycache__
.temp/csk-runtime-command-fix/cocoaskills-wb/.temp/smoke-shell-neutral-314/lib/python3.14/site-packages/pip/_vendor/__pycache__
.temp/csk-runtime-command-fix/cocoaskills-wb/.temp/smoke-shell-neutral-314/lib/python3.14/site-packages/pip/_vendor/cachecontrol/__pycache__
.temp/csk-runtime-command-fix/cocoaskills-wb/.temp/smoke-shell-neutral-314/lib/python3.14/site-packages/pip/_vendor/cachecontrol/caches/__pycache__
.temp/csk-runtime-command-fix/cocoaskills-wb/.temp/smoke-shell-neutral-314/lib/python3.14/site-packages/pip/_vendor/certifi/__pycache__
.temp/csk-runtime-command-fix/cocoaskills-wb/.temp/smoke-shell-neutral-314/lib/python3.14/site-packages/pip/_vendor/distlib/__pycache__
.temp/csk-runtime-command-fix/cocoaskills-wb/.temp/smoke-shell-neutral-314/lib/python3.14/site-packages/pip/_vendor/distro/__pycache__
.temp/csk-runtime-command-fix/cocoaskills-wb/.temp/smoke-shell-neutral-314/lib/python3.14/site-packages/pip/_vendor/idna/__pycache__
.temp/csk-runtime-command-fix/cocoaskills-wb/.temp/smoke-shell-neutral-314/lib/python3.14/site-packages/pip/_vendor/msgpack/__pycache__
.temp/csk-runtime-command-fix/cocoaskills-wb/.temp/smoke-shell-neutral-314/lib/python3.14/site-packages/pip/_vendor/packaging/__pycache__
.temp/csk-runtime-command-fix/cocoaskills-wb/.temp/smoke-shell-neutral-314/lib/python3.14/site-packages/pip/_vendor/packaging/licenses/__pycache__
.temp/csk-runtime-command-fix/cocoaskills-wb/.temp/smoke-shell-neutral-314/lib/python3.14/site-packages/pip/_vendor/pkg_resources/__pycache__
.temp/csk-runtime-command-fix/cocoaskills-wb/.temp/smoke-shell-neutral-314/lib/python3.14/site-packages/pip/_vendor/platformdirs/__pycache__
.temp/csk-runtime-command-fix/cocoaskills-wb/.temp/smoke-shell-neutral-314/lib/python3.14/site-packages/pip/_vendor/pygments/__pycache__
.temp/csk-runtime-command-fix/cocoaskills-wb/.temp/smoke-shell-neutral-314/lib/python3.14/site-packages/pip/_vendor/pygments/filters/__pycache__
.temp/csk-runtime-command-fix/cocoaskills-wb/.temp/smoke-shell-neutral-314/lib/python3.14/site-packages/pip/_vendor/pygments/formatters/__pycache__
.temp/csk-runtime-command-fix/cocoaskills-wb/.temp/smoke-shell-neutral-314/lib/python3.14/site-packages/pip/_vendor/pygments/lexers/__pycache__
.temp/csk-runtime-command-fix/cocoaskills-wb/.temp/smoke-shell-neutral-314/lib/python3.14/site-packages/pip/_vendor/pygments/styles/__pycache__
.temp/csk-runtime-command-fix/cocoaskills-wb/.temp/smoke-shell-neutral-314/lib/python3.14/site-packages/pip/_vendor/pyproject_hooks/__pycache__
.temp/csk-runtime-command-fix/cocoaskills-wb/.temp/smoke-shell-neutral-314/lib/python3.14/site-packages/pip/_vendor/pyproject_hooks/_in_process/__pycache__
.temp/csk-runtime-command-fix/cocoaskills-wb/.temp/smoke-shell-neutral-314/lib/python3.14/site-packages/pip/_vendor/requests/__pycache__
.temp/csk-runtime-command-fix/cocoaskills-wb/.temp/smoke-shell-neutral-314/lib/python3.14/site-packages/pip/_vendor/resolvelib/__pycache__
.temp/csk-runtime-command-fix/cocoaskills-wb/.temp/smoke-shell-neutral-314/lib/python3.14/site-packages/pip/_vendor/resolvelib/resolvers/__pycache__
.temp/csk-runtime-command-fix/cocoaskills-wb/.temp/smoke-shell-neutral-314/lib/python3.14/site-packages/pip/_vendor/rich/__pycache__
.temp/csk-runtime-command-fix/cocoaskills-wb/.temp/smoke-shell-neutral-314/lib/python3.14/site-packages/pip/_vendor/tomli/__pycache__
.temp/csk-runtime-command-fix/cocoaskills-wb/.temp/smoke-shell-neutral-314/lib/python3.14/site-packages/pip/_vendor/tomli_w/__pycache__
.temp/csk-runtime-command-fix/cocoaskills-wb/.temp/smoke-shell-neutral-314/lib/python3.14/site-packages/pip/_vendor/truststore/__pycache__
.temp/csk-runtime-command-fix/cocoaskills-wb/.temp/smoke-shell-neutral-314/lib/python3.14/site-packages/pip/_vendor/urllib3/__pycache__
.temp/csk-runtime-command-fix/cocoaskills-wb/.temp/smoke-shell-neutral-314/lib/python3.14/site-packages/pip/_vendor/urllib3/contrib/__pycache__
.temp/csk-runtime-command-fix/cocoaskills-wb/.temp/smoke-shell-neutral-314/lib/python3.14/site-packages/pip/_vendor/urllib3/contrib/emscripten/__pycache__
.temp/csk-runtime-command-fix/cocoaskills-wb/.temp/smoke-shell-neutral-314/lib/python3.14/site-packages/pip/_vendor/urllib3/http2/__pycache__
.temp/csk-runtime-command-fix/cocoaskills-wb/.temp/smoke-shell-neutral-314/lib/python3.14/site-packages/pip/_vendor/urllib3/util/__pycache__
.temp/csk-runtime-command-fix/cocoaskills-wb/.temp/smoke-shell-neutral/lib/python3.9/site-packages/pip/_internal/operations/build
.temp/csk-runtime-command-fix/cocoaskills-wb/.venv
.temp/csk-runtime-command-fix/cocoaskills-wb/dist
.temp/csk-runtime-command-fix/cocoaskills-wb/src/csk/__pycache__
.temp/csk-runtime-command-fix/cocoaskills-wb/src/csk/audit/__pycache__
.temp/csk-runtime-command-fix/cocoaskills-wb/src/csk/audit/backends/__pycache__
.temp/csk-runtime-command-fix/cocoaskills-wb/tests/__pycache__
.temp/csk-runtime-command-fix/skill-band/scripts/__pycache__
.temp/csk-runtime-command-fix/skill-band/tests/__pycache__
.temp/csk-runtime-command-fix/skill-bi/scripts/__pycache__
.temp/csk-runtime-command-fix/skill-bi/tests/__pycache__
.temp/csk-runtime-command-fix/skill-gitlab/scripts/__pycache__
.temp/csk-runtime-command-fix/skill-gitlab/tests/__pycache__
.temp/csk-runtime-command-fix/skill-grafana/scripts/__pycache__
.temp/csk-runtime-command-fix/skill-grafana/tests/__pycache__
.temp/csk-runtime-command-fix/skill-sentry/scripts/__pycache__
.temp/csk-runtime-command-fix/skill-sentry/tests/__pycache__
.temp/csk-runtime-command-fix/skill-wiki/scripts/__pycache__
.temp/csk-runtime-command-fix/skill-wiki/tests/__pycache__
.temp/csk-runtime-command-fix/skill-youtrack/scripts/__pycache__
.temp/csk-runtime-command-fix/skill-youtrack/tests/__pycache__
.temp/ratify-build-ssh/worktree/tests/fixtures/skill_go_e2e/build
.temp/spec-rc6-pin-check/.pytest_cache
.temp/spec-rc6-pin-check/.venv
.temp/spec-rc6-pin-check/src/csk/__pycache__
.temp/spec-rc6-pin-check/src/csk/audit/__pycache__
.temp/spec-rc6-pin-check/src/csk/audit/backends/__pycache__
.temp/spec-rc6-pin-check/tests/__pycache__
